t_s,q1_deg,q2_deg,q3_deg,q1d_dps,q2d_dps,q3d_dps,q1dd_dps2,q2dd_dps2,q3dd_dps2,ee_x_mm,ee_y_mm,ee_z_mm
0.0000,0.0000,120.4557,-135.2231,0.0000,0.0000,0.0000,0.0000,0.0000,0.0000,122.8173,0.0000,109.2827
0.0100,0.0001,120.4557,-135.2229,0.0265,-0.0231,0.0598,5.2483,-4.5665,11.8413,122.8176,0.0002,109.2832
0.0200,0.0007,120.4551,-135.2215,0.1039,-0.0904,0.2344,10.1785,-8.8562,22.9649,122.8197,0.0015,109.2867
0.0300,0.0023,120.4537,-135.2178,0.2290,-0.1993,0.5168,14.7972,-12.8749,33.3855,122.8254,0.0050,109.2958
0.0400,0.0054,120.4510,-135.2108,0.3988,-0.3470,0.8998,19.1107,-16.6280,43.1178,122.8361,0.0116,109.3131
0.0500,0.0104,120.4467,-135.1995,0.6103,-0.5310,1.3769,23.1257,-20.1214,52.1763,122.8535,0.0224,109.3412
0.0600,0.0178,120.4403,-135.1830,0.8604,-0.7486,1.9412,26.8485,-23.3606,60.5758,122.8789,0.0381,109.3822
0.0700,0.0278,120.4316,-135.1604,1.1463,-0.9974,2.5862,30.2857,-26.3513,68.3308,122.9135,0.0596,109.4381
0.0800,0.0408,120.4202,-135.1310,1.4652,-1.2748,3.3057,33.4438,-29.0991,75.4561,122.9586,0.0876,109.5111
0.0900,0.0572,120.4060,-135.0941,1.8142,-1.5786,4.0933,36.3292,-31.6096,81.9662,123.0153,0.1227,109.6027
0.1000,0.0772,120.3886,-135.0490,2.1909,-1.9062,4.9430,38.9485,-33.8887,87.8759,123.0845,0.1658,109.7146
0.1100,0.1011,120.3678,-134.9950,2.5923,-2.2556,5.8489,41.3081,-35.9417,93.1997,123.1671,0.2173,109.8483
0.1200,0.1291,120.3434,-134.9318,3.0162,-2.6243,6.8051,43.4146,-37.7746,97.9523,123.2638,0.2777,110.0051
0.1300,0.1615,120.3153,-134.8588,3.4598,-3.0104,7.8061,45.2744,-39.3927,102.1484,123.3754,0.3477,110.1862
0.1400,0.1984,120.2832,-134.7756,3.9209,-3.4115,8.8463,46.8940,-40.8019,105.8026,123.5025,0.4276,110.3926
0.1500,0.2399,120.2470,-134.6818,4.3969,-3.8257,9.9204,48.2799,-42.0078,108.9295,123.6456,0.5178,110.6252
0.1600,0.2863,120.2066,-134.5771,4.8857,-4.2510,11.0232,49.4386,-43.0160,111.5438,123.8050,0.6187,110.8848
0.1700,0.3377,120.1619,-134.4612,5.3850,-4.6854,12.1496,50.3766,-43.8322,113.6601,123.9810,0.7307,111.1720
0.1800,0.3941,120.1129,-134.3340,5.8925,-5.1270,13.2947,51.1004,-44.4619,115.2932,124.1740,0.8540,111.4873
0.1900,0.4555,120.0594,-134.1953,6.4063,-5.5740,14.4539,51.6165,-44.9109,116.4575,124.3840,0.9890,111.8312
0.2000,0.5222,120.0014,-134.0449,6.9242,-6.0247,15.6224,51.9313,-45.1849,117.1678,124.6112,1.1357,112.2038
0.2100,0.5940,119.9389,-133.8828,7.4442,-6.4772,16.7958,52.0514,-45.2894,117.4388,124.8554,1.2945,112.6055
0.2200,0.6711,119.8718,-133.7090,7.9646,-6.9299,17.9697,51.9832,-45.2301,117.2850,125.1166,1.4655,113.0362
0.2300,0.7533,119.8003,-133.5234,8.4833,-7.3812,19.1401,51.7333,-45.0126,116.7211,125.3947,1.6488,113.4959
0.2400,0.8407,119.7242,-133.3262,8.9987,-7.8296,20.3028,51.3081,-44.6427,115.7618,125.6893,1.8445,113.9843
0.2500,0.9333,119.6437,-133.1174,9.5089,-8.2736,21.4541,50.7142,-44.1259,114.4217,126.0003,2.0526,114.5014
0.2600,1.0309,119.5588,-132.8972,10.0124,-8.7117,22.5901,49.9579,-43.4679,112.7155,126.3271,2.2732,115.0467
0.2700,1.1335,119.4695,-132.6657,10.5075,-9.1425,23.7072,49.0459,-42.6743,110.6577,126.6693,2.5063,115.6198
0.2800,1.2410,119.3759,-132.4231,10.9928,-9.5647,24.8021,47.9845,-41.7508,108.2631,127.0266,2.7518,116.2201
0.2900,1.3533,119.2782,-132.1697,11.4668,-9.9771,25.8714,46.7804,-40.7031,105.5463,127.3983,3.0097,116.8470
0.3000,1.4703,119.1764,-131.9058,11.9280,-10.3784,26.9120,45.4399,-39.5368,102.5219,127.7837,3.2799,117.4999
0.3100,1.5918,119.0707,-131.6316,12.3751,-10.7675,27.9209,43.9696,-38.2575,99.2045,128.1824,3.5622,118.1779
0.3200,1.7178,118.9611,-131.3475,12.8070,-11.1432,28.8952,42.3759,-36.8709,95.6090,128.5935,3.8565,118.8803
0.3300,1.8479,118.8479,-131.0538,13.2223,-11.5045,29.8322,40.6655,-35.3826,91.7497,129.0163,4.1625,119.6061
0.3400,1.9821,118.7311,-130.7510,13.6199,-11.8505,30.7293,38.8446,-33.7983,87.6415,129.4502,4.4801,120.3543
0.3500,2.1203,118.6109,-130.4393,13.9988,-12.1802,31.5842,36.9199,-32.1236,83.2990,129.8942,4.8090,121.1238
0.3600,2.2621,118.4876,-130.1194,14.3580,-12.4927,32.3946,34.8978,-30.3642,78.7368,130.3475,5.1488,121.9137
0.3700,2.4073,118.3611,-129.7916,14.6965,-12.7872,33.1583,32.7849,-28.5258,73.9695,130.8094,5.4993,122.7226
0.3800,2.5559,118.2319,-129.4564,15.0134,-13.0630,33.8733,30.5875,-26.6139,69.0119,131.2788,5.8601,123.5495
0.3900,2.7075,118.0999,-129.1143,15.3079,-13.3193,34.5379,28.3123,-24.6342,63.8784,131.7550,6.2308,124.3930
0.4000,2.8620,117.9656,-128.7658,15.5794,-13.5555,35.1504,25.9657,-22.5924,58.5839,132.2371,6.6109,125.2519
0.4100,3.0190,117.8289,-128.4115,15.8270,-13.7709,35.7091,23.5541,-20.4942,53.1429,132.7240,7.0000,126.1247
0.4200,3.1785,117.6902,-128.0518,16.0503,-13.9652,36.2128,21.0841,-18.3451,47.5701,133.2150,7.3976,127.0103
0.4300,3.3400,117.5497,-127.6874,16.2486,-14.1377,36.6601,18.5622,-16.1508,41.8802,133.7091,7.8032,127.9071
0.4400,3.5033,117.4075,-127.3188,16.4214,-14.2881,37.0500,15.9948,-13.9169,36.0877,134.2054,8.2162,128.8137
0.4500,3.6683,117.2640,-126.9466,16.5683,-14.4159,37.3816,13.3885,-11.6492,30.2073,134.7029,8.6360,129.7287
0.4600,3.8346,117.1193,-126.5714,16.6890,-14.5210,37.6539,10.7498,-9.3533,24.2537,135.2008,9.0621,130.6505
0.4700,4.0020,116.9736,-126.1937,16.7832,-14.6029,37.8665,8.0851,-7.0347,18.2416,135.6982,9.4937,131.5778
0.4800,4.1702,116.8273,-125.8143,16.8507,-14.6616,38.0186,5.4009,-4.6992,12.1855,136.1943,9.9302,132.5090
0.4900,4.3389,116.6805,-125.4336,16.8912,-14.6969,38.1101,2.7037,-2.3524,6.1001,136.6881,10.3710,133.4426
0.5000,4.5079,116.5334,-125.0523,16.9047,-14.7086,38.1406,0.0000,-0.0000,0.0000,137.1788,10.8153,134.3771
0.5100,4.6769,116.3864,-124.6710,16.8912,-14.6969,38.1101,-2.7037,2.3524,-6.1001,137.6657,11.2624,135.3110
0.5200,4.8457,116.2396,-124.2903,16.8507,-14.6616,38.0186,-5.4009,4.6992,-12.1855,138.1479,11.7115,136.2428
0.5300,5.0139,116.0932,-123.9108,16.7832,-14.6029,37.8665,-8.0851,7.0347,-18.2416,138.6247,12.1619,137.1709
0.5400,5.1812,115.9476,-123.5331,16.6890,-14.5210,37.6539,-10.7498,9.3533,-24.2537,139.0953,12.6127,138.0939
0.5500,5.3475,115.8029,-123.1579,16.5683,-14.4159,37.3816,-13.3885,11.6492,-30.2073,139.5591,13.0633,139.0104
0.5600,5.5125,115.6594,-122.7857,16.4214,-14.2881,37.0500,-15.9948,13.9169,-36.0877,140.0154,13.5128,139.9188
0.5700,5.6759,115.5172,-122.4171,16.2486,-14.1377,36.6601,-18.5622,16.1508,-41.8802,140.4635,13.9604,140.8178
0.5800,5.8374,115.3767,-122.0527,16.0503,-13.9652,36.2128,-21.0841,18.3451,-47.5701,140.9029,14.4053,141.7059
0.5900,5.9968,115.2380,-121.6930,15.8270,-13.7709,35.7091,-23.5541,20.4942,-53.1429,141.3330,14.8467,142.5818
0.6000,6.1539,115.1013,-121.3387,15.5794,-13.5555,35.1504,-25.9657,22.5924,-58.5839,141.7532,15.2838,143.4440
0.6100,6.3083,114.9669,-120.9902,15.3079,-13.3193,34.5379,-28.3123,24.6342,-63.8784,142.1631,15.7158,144.2915
0.6200,6.4599,114.8350,-120.6481,15.0134,-13.0630,33.8733,-30.5875,26.6139,-69.0119,142.5622,16.1420,145.1227
0.6300,6.6085,114.7057,-120.3129,14.6965,-12.7872,33.1583,-32.7849,28.5258,-73.9695,142.9501,16.5614,145.9366
0.6400,6.7538,114.5793,-119.9851,14.3580,-12.4927,32.3946,-34.8978,30.3642,-78.7368,143.3264,16.9734,146.7320
0.6500,6.8956,114.4560,-119.6652,13.9988,-12.1802,31.5842,-36.9199,32.1236,-83.2990,143.6908,17.3773,147.5077
0.6600,7.0337,114.3358,-119.3536,13.6199,-11.8505,30.7293,-38.8446,33.7983,-87.6415,144.0429,17.7723,148.2626
0.6700,7.1679,114.2190,-119.0507,13.2223,-11.5045,29.8322,-40.6655,35.3826,-91.7497,144.3825,18.1577,148.9958
0.6800,7.2981,114.1057,-118.7571,12.8070,-11.1432,28.8952,-42.3759,36.8709,-95.6090,144.7093,18.5328,149.7063
0.6900,7.4240,113.9962,-118.4729,12.3751,-10.7675,27.9209,-43.9696,38.2575,-99.2045,145.0232,18.8970,150.3932
0.7000,7.5455,113.8904,-118.1988,11.9280,-10.3784,26.9120,-45.4399,39.5368,-102.5219,145.3240,19.2498,151.0557
0.7100,7.6625,113.7887,-117.9348,11.4668,-9.9771,25.8714,-46.7804,40.7031,-105.5463,145.6114,19.5905,151.6929
0.7200,7.7748,113.6909,-117.6814,10.9928,-9.5647,24.8021,-47.9845,41.7508,-108.2631,145.8856,19.9186,152.3044
0.7300,7.8823,113.5974,-117.4389,10.5075,-9.1425,23.7072,-49.0459,42.6743,-110.6577,146.1463,20.2336,152.8893
0.7400,7.9850,113.5081,-117.2074,10.0124,-8.7117,22.5901,-49.9579,43.4679,-112.7155,146.3935,20.5351,153.4472
0.7500,8.0826,113.4232,-116.9871,9.5089,-8.2736,21.4541,-50.7142,44.1259,-114.4217,146.6273,20.8226,153.9777
0.7600,8.1751,113.3427,-116.7783,8.9987,-7.8296,20.3028,-51.3081,44.6427,-115.7618,146.8477,21.0960,154.4803
0.7700,8.2625,113.2666,-116.5811,8.4833,-7.3812,19.1401,-51.7333,45.0126,-116.7211,147.0546,21.3547,154.9548
0.7800,8.3448,113.1950,-116.3955,7.9646,-6.9299,17.9697,-51.9832,45.2301,-117.2850,147.2484,21.5987,155.4011
0.7900,8.4218,113.1280,-116.2217,7.4442,-6.4772,16.7958,-52.0514,45.2894,-117.4388,147.4289,21.8278,155.8189
0.8000,8.4937,113.0655,-116.0596,6.9242,-6.0247,15.6224,-51.9313,45.1849,-117.1678,147.5965,22.0417,156.2083
0.8100,8.5603,113.0075,-115.9093,6.4063,-5.5740,14.4539,-51.6165,44.9109,-116.4575,147.7514,22.2406,156.5695
0.8200,8.6218,112.9540,-115.7705,5.8925,-5.1270,13.2947,-51.1004,44.4619,-115.2932,147.8936,22.4243,156.9025
0.8300,8.6782,112.9050,-115.6433,5.3850,-4.6854,12.1496,-50.3766,43.8322,-113.6601,148.0235,22.5931,157.2078
0.8400,8.7295,112.8603,-115.5275,4.8857,-4.2510,11.0232,-49.4386,43.0160,-111.5438,148.1415,22.7469,157.4857
0.8500,8.7759,112.8199,-115.4228,4.3969,-3.8257,9.9204,-48.2799,42.0078,-108.9295,148.2477,22.8862,157.7368
0.8600,8.8175,112.7837,-115.3290,3.9209,-3.4115,8.8463,-46.8940,40.8019,-105.8026,148.3426,23.0110,157.9617
0.8700,8.8544,112.7516,-115.2457,3.4598,-3.0104,7.8061,-45.2744,39.3927,-102.1484,148.4266,23.1220,158.1612
0.8800,8.8868,112.7235,-115.1727,3.0162,-2.6243,6.8051,-43.4146,37.7746,-97.9523,148.5002,23.2193,158.3362
0.8900,8.9148,112.6991,-115.1095,2.5923,-2.2556,5.8489,-41.3081,35.9417,-93.1997,148.5637,23.3037,158.4877
0.9000,8.9387,112.6783,-115.0556,2.1909,-1.9062,4.9430,-38.9485,33.8887,-87.8759,148.6178,23.3757,158.6169
0.9100,8.9587,112.6609,-115.0104,1.8142,-1.5786,4.0933,-36.3292,31.6096,-81.9662,148.6630,23.4360,158.7250
0.9200,8.9751,112.6466,-114.9735,1.4652,-1.2748,3.3057,-33.4438,29.0991,-75.4561,148.7000,23.4854,158.8135
0.9300,8.9881,112.6353,-114.9441,1.1463,-0.9974,2.5862,-30.2857,26.3513,-68.3308,148.7294,23.5247,158.8839
0.9400,8.9981,112.6266,-114.9215,0.8604,-0.7486,1.9412,-26.8485,23.3606,-60.5758,148.7519,23.5549,158.9379
0.9500,9.0054,112.6202,-114.9050,0.6103,-0.5310,1.3769,-23.1257,20.1214,-52.1763,148.7684,23.5770,158.9775
0.9600,9.0104,112.6159,-114.8937,0.3988,-0.3470,0.8998,-19.1107,16.6280,-43.1178,148.7797,23.5921,159.0046
0.9700,9.0135,112.6132,-114.8867,0.2290,-0.1993,0.5168,-14.7972,12.8749,-33.3855,148.7867,23.6015,159.0213
0.9800,9.0152,112.6118,-114.8830,0.1039,-0.0904,0.2344,-10.1785,8.8562,-22.9649,148.7903,23.6064,159.0301
0.9900,9.0158,112.6112,-114.8816,0.0265,-0.0231,0.0598,-5.2483,4.5665,-11.8413,148.7917,23.6083,159.0334
1.0000,9.0159,112.6111,-114.8814,0.0000,0.0000,0.0000,0.0000,-0.0000,0.0000,148.7919,23.6085,159.0339
1.0100,9.0159,112.6111,-114.8814,0.0000,0.0000,0.0000,0.0000,0.0000,0.0000,148.7919,23.6085,159.0339
1.0200,9.0159,112.6111,-114.8814,0.0000,0.0000,0.0000,0.0000,0.0000,0.0000,148.7919,23.6085,159.0339
1.0300,9.0159,112.6111,-114.8814,0.0000,0.0000,0.0000,0.0000,0.0000,0.0000,148.7919,23.6085,159.0339
1.0400,9.0159,112.6111,-114.8814,0.0000,0.0000,0.0000,0.0000,0.0000,0.0000,148.7919,23.6085,159.0339
1.0500,9.0159,112.6111,-114.8814,0.0000,0.0000,0.0000,0.0000,0.0000,0.0000,148.7919,23.6085,159.0339
1.0600,9.0159,112.6111,-114.8814,0.0000,0.0000,0.0000,0.0000,0.0000,0.0000,148.7919,23.6085,159.0339
1.0700,9.0159,112.6111,-114.8814,0.0000,0.0000,0.0000,0.0000,0.0000,0.0000,148.7919,23.6085,159.0339
1.0800,9.0159,112.6111,-114.8814,0.0000,0.0000,0.0000,0.0000,0.0000,0.0000,148.7919,23.6085,159.0339
1.0900,9.0159,112.6111,-114.8814,0.0000,0.0000,0.0000,0.0000,0.0000,0.0000,148.7919,23.6085,159.0339
1.1000,9.0159,112.6111,-114.8814,0.0000,0.0000,0.0000,0.0000,0.0000,0.0000,148.7919,23.6085,159.0339
1.1100,9.0159,112.6111,-114.8814,0.0000,0.0000,0.0000,0.0000,0.0000,0.0000,148.7919,23.6085,159.0339
1.1200,9.0159,112.6111,-114.8814,0.0000,0.0000,0.0000,0.0000,0.0000,0.0000,148.7919,23.6085,159.0339
1.1300,9.0159,112.6111,-114.8814,0.0000,0.0000,0.0000,0.0000,0.0000,0.0000,148.7919,23.6085,159.0339
1.1400,9.0159,112.6111,-114.8814,0.0000,0.0000,0.0000,0.0000,0.0000,0.0000,148.7919,23.6085,159.0339
1.1500,9.0159,112.6111,-114.8814,0.0000,0.0000,0.0000,0.0000,0.0000,0.0000,148.7919,23.6085,159.0339
1.1600,9.0159,112.6111,-114.8814,0.0000,0.0000,0.0000,0.0000,0.0000,0.0000,148.7919,23.6085,159.0339
1.1700,9.0159,112.6111,-114.8814,0.0000,0.0000,0.0000,0.0000,0.0000,0.0000,148.7919,23.6085,159.0339
1.1800,9.0159,112.6111,-114.8814,0.0000,0.0000,0.0000,0.0000,0.0000,0.0000,148.7919,23.6085,159.0339
1.1900,9.0159,112.6111,-114.8814,0.0000,0.0000,0.0000,0.0000,0.0000,0.0000,148.7919,23.6085,159.0339
1.2000,9.0159,112.6111,-114.8814,0.0000,0.0000,0.0000,0.0000,0.0000,0.0000,148.7919,23.6085,159.0339
1.2100,9.0159,112.6111,-114.8814,0.0000,0.0000,0.0000,0.0000,0.0000,0.0000,148.7919,23.6085,159.0339
1.2200,9.0159,112.6111,-114.8814,0.0000,0.0000,0.0000,0.0000,0.0000,0.0000,148.7919,23.6085,159.0339
1.2300,9.0159,112.6111,-114.8814,0.0000,0.0000,0.0000,0.0000,0.0000,0.0000,148.7919,23.6085,159.0339
1.2400,9.0159,112.6111,-114.8814,0.0000,0.0000,0.0000,0.0000,0.0000,0.0000,148.7919,23.6085,159.0339
1.2500,9.0159,112.6111,-114.8814,0.0000,0.0000,0.0000,0.0000,0.0000,0.0000,148.7919,23.6085,159.0339
1.2600,9.0159,112.6111,-114.8814,0.0000,0.0000,0.0000,0.0000,0.0000,0.0000,148.7919,23.6085,159.0339
1.2700,9.0159,112.6111,-114.8814,0.0000,0.0000,0.0000,0.0000,0.0000,0.0000,148.7919,23.6085,159.0339
1.2800,9.0159,112.6111,-114.8814,0.0000,0.0000,0.0000,0.0000,0.0000,0.0000,148.7919,23.6085,159.0339
1.2900,9.0159,112.6111,-114.8814,0.0000,0.0000,0.0000,0.0000,0.0000,0.0000,148.7919,23.6085,159.0339
1.3000,9.0159,112.6111,-114.8814,0.0000,0.0000,0.0000,0.0000,0.0000,0.0000,148.7919,23.6085,159.0339
1.3100,9.0159,112.6111,-114.8814,0.0000,0.0000,0.0000,0.0000,0.0000,0.0000,148.7919,23.6085,159.0339
1.3200,9.0159,112.6111,-114.8814,0.0000,0.0000,0.0000,0.0000,0.0000,0.0000,148.7919,23.6085,159.0339
1.3300,9.0159,112.6111,-114.8814,0.0000,0.0000,0.0000,0.0000,0.0000,0.0000,148.7919,23.6085,159.0339
1.3400,9.0159,112.6111,-114.8814,0.0000,0.0000,0.0000,0.0000,0.0000,0.0000,148.7919,23.6085,159.0339
1.3500,9.0159,112.6111,-114.8814,0.0000,0.0000,0.0000,0.0000,0.0000,0.0000,148.7919,23.6085,159.0339
1.3600,9.0159,112.6111,-114.8814,0.0000,0.0000,0.0000,0.0000,0.0000,0.0000,148.7919,23.6085,159.0339
1.3700,9.0159,112.6111,-114.8814,0.0000,0.0000,0.0000,0.0000,0.0000,0.0000,148.7919,23.6085,159.0339
1.3800,9.0159,112.6111,-114.8814,0.0000,0.0000,0.0000,0.0000,0.0000,0.0000,148.7919,23.6085,159.0339
1.3900,9.0159,112.6111,-114.8814,0.0000,0.0000,0.0000,0.0000,0.0000,0.0000,148.7919,23.6085,159.0339
1.4000,9.0159,112.6111,-114.8814,0.0000,0.0000,0.0000,0.0000,0.0000,0.0000,148.7919,23.6085,159.0339
1.4100,9.0159,112.6111,-114.8814,0.0000,0.0000,0.0000,0.0000,0.0000,0.0000,148.7919,23.6085,159.0339
1.4200,9.0159,112.6111,-114.8814,0.0000,0.0000,0.0000,0.0000,0.0000,0.0000,148.7919,23.6085,159.0339
1.4300,9.0159,112.6111,-114.8814,0.0000,0.0000,0.0000,0.0000,0.0000,0.0000,148.7919,23.6085,159.0339
1.4400,9.0159,112.6111,-114.8814,0.0000,0.0000,0.0000,0.0000,0.0000,0.0000,148.7919,23.6085,159.0339
1.4500,9.0159,112.6111,-114.8814,0.0000,0.0000,0.0000,0.0000,0.0000,0.0000,148.7919,23.6085,159.0339
1.4600,9.0159,112.6111,-114.8814,0.0000,0.0000,0.0000,0.0000,0.0000,0.0000,148.7919,23.6085,159.0339
1.4700,9.0159,112.6111,-114.8814,0.0000,0.0000,0.0000,0.0000,0.0000,0.0000,148.7919,23.6085,159.0339
1.4800,9.0159,112.6111,-114.8814,0.0000,0.0000,0.0000,0.0000,0.0000,0.0000,148.7919,23.6085,159.0339
1.4900,9.0159,112.6111,-114.8814,0.0000,0.0000,0.0000,0.0000,0.0000,0.0000,148.7919,23.6085,159.0339
1.5000,9.0159,112.6111,-114.8814,0.0000,0.0000,0.0000,0.0000,0.0000,0.0000,148.7919,23.6085,159.0339
1.5100,9.0159,112.6111,-114.8814,0.0000,0.0000,0.0000,0.0000,0.0000,0.0000,148.7919,23.6085,159.0339
1.5200,9.0159,112.6111,-114.8814,0.0000,0.0000,0.0000,0.0000,0.0000,0.0000,148.7919,23.6085,159.0339
1.5300,9.0159,112.6111,-114.8814,0.0000,0.0000,0.0000,0.0000,0.0000,0.0000,148.7919,23.6085,159.0339
1.5400,9.0159,112.6111,-114.8814,0.0000,0.0000,0.0000,0.0000,0.0000,0.0000,148.7919,23.6085,159.0339
1.5500,9.0159,112.6111,-114.8814,0.0000,0.0000,0.0000,0.0000,0.0000,0.0000,148.7919,23.6085,159.0339
1.5600,9.0159,112.6111,-114.8814,0.0000,0.0000,0.0000,0.0000,0.0000,0.0000,148.7919,23.6085,159.0339
1.5700,9.0159,112.6111,-114.8814,0.0000,0.0000,0.0000,0.0000,0.0000,0.0000,148.7919,23.6085,159.0339
1.5800,9.0159,112.6111,-114.8814,0.0000,0.0000,0.0000,0.0000,0.0000,0.0000,148.7919,23.6085,159.0339
1.5900,9.0159,112.6111,-114.8814,0.0000,0.0000,0.0000,0.0000,0.0000,0.0000,148.7919,23.6085,159.0339
1.6000,9.0159,112.6111,-114.8814,0.0000,0.0000,0.0000,0.0000,0.0000,0.0000,148.7919,23.6085,159.0339
1.6100,9.0159,112.6111,-114.8814,0.0000,0.0000,0.0000,0.0000,0.0000,0.0000,148.7919,23.6085,159.0339
1.6200,9.0159,112.6111,-114.8814,0.0000,0.0000,0.0000,0.0000,0.0000,0.0000,148.7919,23.6085,159.0339
1.6300,9.0159,112.6111,-114.8814,0.0000,0.0000,0.0000,0.0000,0.0000,0.0000,148.7919,23.6085,159.0339
1.6400,9.0159,112.6111,-114.8814,0.0000,0.0000,0.0000,0.0000,0.0000,0.0000,148.7919,23.6085,159.0339
1.6500,9.0159,112.6111,-114.8814,0.0000,0.0000,0.0000,0.0000,0.0000,0.0000,148.7919,23.6085,159.0339
1.6600,9.0159,112.6111,-114.8814,0.0000,0.0000,0.0000,0.0000,0.0000,0.0000,148.7919,23.6085,159.0339
1.6700,9.0159,112.6111,-114.8814,0.0000,0.0000,0.0000,0.0000,0.0000,0.0000,148.7919,23.6085,159.0339
1.6800,9.0159,112.6111,-114.8814,0.0000,0.0000,0.0000,0.0000,0.0000,0.0000,148.7919,23.6085,159.0339
1.6900,9.0159,112.6111,-114.8814,0.0000,0.0000,0.0000,0.0000,0.0000,0.0000,148.7919,23.6085,159.0339
1.7000,9.0159,112.6111,-114.8814,0.0000,0.0000,0.0000,0.0000,0.0000,0.0000,148.7919,23.6085,159.0339
1.7100,9.0159,112.6111,-114.8814,0.0000,0.0000,0.0000,0.0000,0.0000,0.0000,148.7919,23.6085,159.0339
1.7200,9.0159,112.6111,-114.8814,0.0000,0.0000,0.0000,0.0000,0.0000,0.0000,148.7919,23.6085,159.0339
1.7300,9.0159,112.6111,-114.8814,0.0000,0.0000,0.0000,0.0000,0.0000,0.0000,148.7919,23.6085,159.0339
1.7400,9.0159,112.6111,-114.8814,0.0000,0.0000,0.0000,0.0000,0.0000,0.0000,148.7919,23.6085,159.0339
1.7500,9.0159,112.6111,-114.8814,0.0000,0.0000,0.0000,0.0000,0.0000,0.0000,148.7919,23.6085,159.0339
1.7600,9.0159,112.6111,-114.8814,0.0000,0.0000,0.0000,0.0000,0.0000,0.0000,148.7919,23.6085,159.0339
1.7700,9.0159,112.6111,-114.8814,0.0000,0.0000,0.0000,0.0000,0.0000,0.0000,148.7919,23.6085,159.0339
1.7800,9.0159,112.6111,-114.8814,0.0000,0.0000,0.0000,0.0000,0.0000,0.0000,148.7919,23.6085,159.0339
1.7900,9.0159,112.6111,-114.8814,0.0000,0.0000,0.0000,0.0000,0.0000,0.0000,148.7919,23.6085,159.0339
1.8000,9.0159,112.6111,-114.8814,0.0000,0.0000,0.0000,0.0000,0.0000,0.0000,148.7919,23.6085,159.0339
1.8100,9.0159,112.6111,-114.8814,0.0000,0.0000,0.0000,0.0000,0.0000,0.0000,148.7919,23.6085,159.0339
1.8200,9.0159,112.6111,-114.8814,0.0000,0.0000,0.0000,0.0000,0.0000,0.0000,148.7919,23.6085,159.0339
1.8300,9.0159,112.6111,-114.8814,0.0000,0.0000,0.0000,0.0000,0.0000,0.0000,148.7919,23.6085,159.0339
1.8400,9.0159,112.6111,-114.8814,0.0000,0.0000,0.0000,0.0000,0.0000,0.0000,148.7919,23.6085,159.0339
1.8500,9.0159,112.6111,-114.8814,0.0000,0.0000,0.0000,0.0000,0.0000,0.0000,148.7919,23.6085,159.0339
1.8600,9.0159,112.6111,-114.8814,0.0000,0.0000,0.0000,0.0000,0.0000,0.0000,148.7919,23.6085,159.0339
1.8700,9.0159,112.6111,-114.8814,0.0000,0.0000,0.0000,0.0000,0.0000,0.0000,148.7919,23.6085,159.0339
1.8800,9.0159,112.6111,-114.8814,0.0000,0.0000,0.0000,0.0000,0.0000,0.0000,148.7919,23.6085,159.0339
1.8900,9.0159,112.6111,-114.8814,0.0000,0.0000,0.0000,0.0000,0.0000,0.0000,148.7919,23.6085,159.0339
1.9000,9.0159,112.6111,-114.8814,0.0000,0.0000,0.0000,0.0000,0.0000,0.0000,148.7919,23.6085,159.0339
1.9100,9.0159,112.6111,-114.8814,0.0000,0.0000,0.0000,0.0000,0.0000,0.0000,148.7919,23.6085,159.0339
1.9200,9.0159,112.6111,-114.8814,0.0000,0.0000,0.0000,0.0000,0.0000,0.0000,148.7919,23.6085,159.0339
1.9300,9.0159,112.6111,-114.8814,0.0000,0.0000,0.0000,0.0000,0.0000,0.0000,148.7919,23.6085,159.0339
1.9400,9.0159,112.6111,-114.8814,0.0000,0.0000,0.0000,0.0000,0.0000,0.0000,148.7919,23.6085,159.0339
1.9500,9.0159,112.6111,-114.8814,0.0000,0.0000,0.0000,0.0000,0.0000,0.0000,148.7919,23.6085,159.0339
1.9600,9.0159,112.6111,-114.8814,0.0000,0.0000,0.0000,0.0000,0.0000,0.0000,148.7919,23.6085,159.0339
1.9700,9.0159,112.6111,-114.8814,0.0000,0.0000,0.0000,0.0000,0.0000,0.0000,148.7919,23.6085,159.0339
1.9800,9.0159,112.6111,-114.8814,0.0000,0.0000,0.0000,0.0000,0.0000,0.0000,148.7919,23.6085,159.0339
1.9900,9.0159,112.6111,-114.8814,0.0000,0.0000,0.0000,0.0000,0.0000,0.0000,148.7919,23.6085,159.0339
2.0000,9.0159,112.6111,-114.8814,0.0000,0.0000,0.0000,0.0000,0.0000,0.0000,148.7919,23.6085,159.0339
2.0100,9.0160,112.6107,-114.8817,0.0428,-0.1260,-0.0737,8.4661,-24.9483,-14.5848,148.7930,23.6091,159.0323
2.0200,9.0170,112.6078,-114.8834,0.1676,-0.4939,-0.2887,16.4191,-48.3846,-28.2856,148.8003,23.6129,159.0214
2.0300,9.0196,112.6001,-114.8879,0.3695,-1.0888,-0.6365,23.8695,-70.3397,-41.1206,148.8199,23.6230,158.9923
2.0400,9.0246,112.5853,-114.8965,0.6434,-1.8959,-1.1083,30.8278,-90.8445,-53.1077,148.8572,23.6422,158.9367
2.0500,9.0327,112.5615,-114.9105,0.9844,-2.9009,-1.6959,37.3043,-109.9299,-64.2650,148.9173,23.6733,158.8469
2.0600,9.0445,112.5267,-114.9308,1.3879,-4.0899,-2.3909,43.3096,-127.6267,-74.6105,149.0051,23.7187,158.7157
2.0700,9.0606,112.4791,-114.9586,1.8491,-5.4489,-3.1854,48.8542,-143.9657,-84.1623,149.1247,23.7809,158.5363
2.0800,9.0817,112.4172,-114.9948,2.3635,-6.9647,-4.0716,53.9486,-158.9779,-92.9384,149.2802,23.8618,158.3026
2.0900,9.1081,112.3394,-115.0403,2.9266,-8.6242,-5.0417,58.6031,-172.6940,-100.9569,149.4748,23.9636,158.0086
2.1000,9.1403,112.2443,-115.0959,3.5341,-10.4144,-6.0883,62.8283,-185.1451,-108.2358,149.7115,24.0880,157.6491
2.1100,9.1789,112.1307,-115.1623,4.1818,-12.3230,-7.2040,66.6347,-196.3618,-114.7930,149.9928,24.2368,157.2192
2.1200,9.2241,111.9975,-115.2402,4.8654,-14.3376,-8.3818,70.0326,-206.3750,-120.6468,150.3207,24.4115,156.7142
2.1300,9.2763,111.8436,-115.3301,5.5811,-16.4466,-9.6147,73.0327,-215.2157,-125.8151,150.6966,24.6135,156.1301
2.1400,9.3358,111.6683,-115.4326,6.3248,-18.6381,-10.8959,75.6453,-222.9146,-130.3159,151.1213,24.8441,155.4630
2.1500,9.4029,111.4706,-115.5482,7.0927,-20.9011,-12.2188,77.8809,-229.5027,-134.1673,151.5954,25.1043,154.7097
2.1600,9.4777,111.2500,-115.6771,7.8812,-23.2246,-13.5771,79.7501,-235.0108,-137.3873,152.1188,25.3952,153.8670
2.1700,9.5606,111.0060,-115.8198,8.6865,-25.5979,-14.9645,81.2632,-239.4697,-139.9939,152.6907,25.7176,152.9323
2.1800,9.6515,110.7379,-115.9765,9.5053,-28.0106,-16.3750,82.4307,-242.9103,-142.0053,153.3100,26.0723,151.9032
2.1900,9.7507,110.4457,-116.1474,10.3340,-30.4528,-17.8027,83.2632,-245.3635,-143.4394,153.9752,26.4597,150.7777
2.2000,9.8582,110.1288,-116.3326,11.1695,-32.9147,-19.2419,83.7711,-246.8601,-144.3144,154.6839,26.8804,149.5541
2.2100,9.9741,109.7873,-116.5322,12.0084,-35.3869,-20.6872,83.9648,-247.4309,-144.6481,155.4336,27.3347,148.2311
2.2200,10.0984,109.4211,-116.7463,12.8478,-37.8603,-22.1331,83.8548,-247.1069,-144.4587,156.2212,27.8227,146.8077
2.2300,10.2311,109.0301,-116.9749,13.6845,-40.3261,-23.5747,83.4517,-245.9189,-143.7642,157.0431,28.3444,145.2832
2.2400,10.3721,108.6146,-117.2178,14.5159,-42.7759,-25.0068,82.7658,-243.8977,-142.5826,157.8955,28.8997,143.6574
2.2500,10.5213,108.1747,-117.4750,15.3389,-45.2014,-26.4247,81.8077,-241.0743,-140.9320,158.7740,29.4882,141.9302
2.2600,10.6788,107.7107,-117.7462,16.1511,-47.5948,-27.8239,80.5878,-237.4794,-138.8304,159.6739,30.1095,140.1022
2.2700,10.8443,107.2229,-118.0314,16.9499,-49.9485,-29.1999,79.1165,-233.1439,-136.2959,160.5905,30.7630,138.1741
2.2800,11.0177,106.7119,-118.3301,17.7327,-52.2553,-30.5485,77.4045,-228.0987,-133.3465,161.5183,31.4479,136.1471
2.2900,11.1989,106.1780,-118.6422,18.4972,-54.5083,-31.8655,75.4620,-222.3746,-130.0002,162.4522,32.1632,134.0227
2.3000,11.3876,105.6219,-118.9673,19.2412,-56.7007,-33.1472,73.2997,-216.0026,-126.2751,163.3864,32.9077,131.8029
2.3100,11.5837,105.0442,-119.3051,19.9625,-58.8263,-34.3898,70.9279,-209.0133,-122.1892,164.3153,33.6802,129.4901
2.3200,11.7868,104.4456,-119.6550,20.6591,-60.8790,-35.5898,68.3572,-201.4378,-117.7605,165.2332,34.4792,127.0868
2.3300,11.9968,103.8269,-120.0167,21.3290,-62.8532,-36.7439,65.5980,-193.3069,-113.0072,166.1342,35.3031,124.5964
2.3400,12.2133,103.1889,-120.3897,21.9704,-64.7434,-37.8490,62.6608,-184.6513,-107.9471,167.0127,36.1499,122.0222
2.3500,12.4361,102.5323,-120.7735,22.5816,-66.5445,-38.9019,59.5560,-175.5021,-102.5985,167.8630,37.0178,119.3681
2.3600,12.6648,101.8583,-121.1676,23.1610,-68.2519,-39.9000,56.2942,-165.8900,-96.9792,168.6796,37.9047,116.6385
2.3700,12.8992,101.1676,-121.5713,23.7070,-69.8609,-40.8407,52.8857,-155.8458,-91.1075,169.4572,38.8083,113.8378
2.3800,13.1388,100.4614,-121.9842,24.2183,-71.3675,-41.7214,49.3412,-145.4006,-85.0012,170.1908,39.7262,110.9711
2.3900,13.3834,99.7406,-122.4055,24.6934,-72.7677,-42.5400,45.6709,-134.5850,-78.6784,170.8754,40.6560,108.0437
2.4000,13.6326,99.0064,-122.8348,25.1313,-74.0580,-43.2943,41.8855,-123.4300,-72.1572,171.5068,41.5951,105.0611
2.4100,13.8859,98.2598,-123.2712,25.5308,-75.2352,-43.9825,37.9954,-111.9665,-65.4556,172.0807,42.5408,102.0292
2.4200,14.1431,97.5021,-123.7142,25.8909,-76.2964,-44.6029,34.0111,-100.2252,-58.5916,172.5934,43.4904,98.9541
2.4300,14.4036,96.7343,-124.1630,26.2108,-77.2389,-45.1539,29.9429,-88.2370,-51.5834,173.0418,44.4412,95.8421
2.4400,14.6671,95.9577,-124.6170,26.4895,-78.0604,-45.6341,25.8015,-76.0329,-44.4488,173.4230,45.3903,92.6997
2.4500,14.9332,95.1735,-125.0755,26.7266,-78.7590,-46.0425,21.5972,-63.6436,-37.2060,173.7347,46.3352,89.5336
2.4600,15.2015,94.3830,-125.5376,26.9213,-79.3328,-46.3779,17.3406,-51.1000,-29.8731,173.9750,47.2729,86.3505
2.4700,15.4715,93.5873,-126.0028,27.0732,-79.7806,-46.6397,13.0421,-38.4330,-22.4679,174.1428,48.2009,83.1574
2.4800,15.7428,92.7878,-126.4702,27.1820,-80.1012,-46.8271,8.7122,-25.6734,-15.0087,174.2373,49.1165,79.9609
2.4900,16.0150,91.9857,-126.9391,27.2474,-80.2938,-46.9398,4.3613,-12.8522,-7.5134,174.2582,50.0172,76.7681
2.5000,16.2876,91.1823,-127.4087,27.2692,-80.3581,-46.9773,-0.0000,0.0000,0.0000,174.2058,50.9006,73.5857
2.5100,16.5603,90.3790,-127.8784,27.2474,-80.2938,-46.9398,-4.3613,12.8522,7.5134,174.0809,51.7644,70.4204
2.5200,16.8324,89.5769,-128.3473,27.1820,-80.1012,-46.8271,-8.7122,25.6734,15.0087,173.8849,52.6064,67.2789
2.5300,17.1038,88.7774,-128.8147,27.0732,-79.7806,-46.6397,-13.0421,38.4330,22.4679,173.6195,53.4248,64.1675
2.5400,17.3738,87.9817,-129.2798,26.9213,-79.3328,-46.3779,-17.3406,51.1000,29.8731,173.2870,54.2178,61.0924
2.5500,17.6420,87.1911,-129.7420,26.7266,-78.7590,-46.0425,-21.5972,63.6436,37.2060,172.8902,54.9837,58.0597
2.5600,17.9082,86.4069,-130.2004,26.4895,-78.0604,-45.6341,-25.8015,76.0329,44.4488,172.4320,55.7211,55.0751
2.5700,18.1717,85.6303,-130.6544,26.2108,-77.2389,-45.1539,-29.9429,88.2370,51.5834,171.9159,56.4290,52.1440
2.5800,18.4322,84.8625,-131.1033,25.8909,-76.2964,-44.6029,-34.0111,100.2252,58.5916,171.3459,57.1063,49.2715
2.5900,18.6894,84.1048,-131.5463,25.5308,-75.2352,-43.9825,-37.9954,111.9665,65.4556,170.7259,57.7523,46.4624
2.6000,18.9427,83.3582,-131.9827,25.1313,-74.0580,-43.2943,-41.8855,123.4300,72.1572,170.0603,58.3664,43.7212
2.6100,19.1919,82.6240,-132.4119,24.6934,-72.7677,-42.5400,-45.6709,134.5850,78.6784,169.3537,58.9483,41.0517
2.6200,19.4365,81.9032,-132.8333,24.2183,-71.3675,-41.7214,-49.3412,145.4006,85.0012,168.6109,59.4979,38.4578
2.6300,19.6761,81.1970,-133.2461,23.7070,-69.8609,-40.8407,-52.8857,155.8458,91.1075,167.8366,60.0153,35.9428
2.6400,19.9105,80.5064,-133.6499,23.1610,-68.2519,-39.9000,-56.2942,165.8900,96.9792,167.0359,60.5008,33.5094
2.6500,20.1392,79.8323,-134.0439,22.5816,-66.5445,-38.9019,-59.5560,175.5021,102.5985,166.2137,60.9547,31.1603
2.6600,20.3620,79.1758,-134.4277,21.9704,-64.7434,-37.8490,-62.6608,184.6513,107.9471,165.3751,61.3777,28.8975
2.6700,20.5785,78.5377,-134.8008,21.3290,-62.8532,-36.7439,-65.5980,193.3069,113.0072,164.5250,61.7706,26.7228
2.6800,20.7885,77.9190,-135.1625,20.6591,-60.8790,-35.5898,-68.3572,201.4378,117.7605,163.6683,62.1342,24.6376
2.6900,20.9916,77.3204,-135.5124,19.9625,-58.8263,-34.3898,-70.9279,209.0133,122.1892,162.8099,62.4696,22.6429
2.7000,21.1877,76.7427,-135.8501,19.2412,-56.7007,-33.1472,-73.2997,216.0026,126.2751,161.9543,62.7778,20.7394
2.7100,21.3764,76.1866,-136.1752,18.4972,-54.5083,-31.8655,-75.4620,222.3746,130.0002,161.1060,63.0602,18.9275
2.7200,21.5575,75.6528,-136.4873,17.7327,-52.2553,-30.5485,-77.4045,228.0987,133.3465,160.2694,63.3178,17.2072
2.7300,21.7310,75.1417,-136.7861,16.9499,-49.9485,-29.1999,-79.1165,233.1439,136.2959,159.4485,63.5521,15.5783
2.7400,21.8965,74.6539,-137.0712,16.1511,-47.5948,-27.8239,-80.5878,237.4794,138.8304,158.6471,63.7644,14.0403
2.7500,22.0540,74.1899,-137.3425,15.3389,-45.2014,-26.4247,-81.8077,241.0743,140.9320,157.8688,63.9561,12.5924
2.7600,22.2032,73.7500,-137.5996,14.5159,-42.7759,-25.0068,-82.7658,243.8977,142.5826,157.1169,64.1286,11.2337
2.7700,22.3442,73.3345,-137.8426,13.6845,-40.3261,-23.5747,-83.4517,245.9189,143.7642,156.3943,64.2831,9.9629
2.7800,22.4769,72.9435,-138.0711,12.8478,-37.8603,-22.1331,-83.8548,247.1069,144.4587,155.7037,64.4211,8.7786
2.7900,22.6012,72.5773,-138.2852,12.0084,-35.3869,-20.6872,-83.9648,247.4309,144.6481,155.0475,64.5438,7.6791
2.8000,22.7171,72.2358,-138.4849,11.1695,-32.9147,-19.2419,-83.7711,246.8601,144.3144,154.4276,64.6526,6.6628
2.8100,22.8246,71.9190,-138.6701,10.3340,-30.4528,-17.8027,-83.2632,245.3635,143.4394,153.8458,64.7485,5.7276
2.8200,22.9238,71.6267,-138.8409,9.5053,-28.0106,-16.3750,-82.4307,242.9103,142.0053,153.3033,64.8328,4.8714
2.8300,23.0147,71.3587,-138.9976,8.6865,-25.5979,-14.9645,-81.2632,239.4697,139.9939,152.8011,64.9066,4.0920
2.8400,23.0976,71.1146,-139.1403,7.8812,-23.2246,-13.5771,-79.7501,235.0108,137.3873,152.3399,64.9708,3.3869
2.8500,23.1724,70.8940,-139.2693,7.0927,-20.9011,-12.2188,-77.8809,229.5027,134.1673,151.9200,65.0264,2.7535
2.8600,23.2395,70.6964,-139.3848,6.3248,-18.6381,-10.8959,-75.6453,222.9146,130.3159,151.5412,65.0743,2.1892
2.8700,23.2990,70.5210,-139.4873,5.5811,-16.4466,-9.6147,-73.0327,215.2157,125.8151,151.2032,65.1152,1.6910
2.8800,23.3512,70.3672,-139.5773,4.8654,-14.3376,-8.3818,-70.0326,206.3750,120.6468,150.9051,65.1499,1.2558
2.8900,23.3964,70.2339,-139.6551,4.1818,-12.3230,-7.2040,-66.6347,196.3618,114.7930,150.6458,65.1790,0.8805
2.9000,23.4349,70.1204,-139.7215,3.5341,-10.4144,-6.0883,-62.8283,185.1451,108.2358,150.4240,65.2032,0.5615
2.9100,23.4672,70.0253,-139.7771,2.9266,-8.6242,-5.0417,-58.6031,172.6940,100.9569,150.2376,65.2230,0.2953
2.9200,23.4936,69.9474,-139.8226,2.3635,-6.9647,-4.0716,-53.9486,158.9779,92.9384,150.0848,65.2389,0.0779
2.9300,23.5146,69.8855,-139.8588,1.8491,-5.4489,-3.1854,-48.8542,143.9657,84.1623,149.9628,65.2513,-0.0947
2.9400,23.5308,69.8379,-139.8867,1.3879,-4.0899,-2.3909,-43.3096,127.6267,74.6105,149.8691,65.2607,-0.2271
2.9500,23.5426,69.8031,-139.9070,0.9844,-2.9009,-1.6959,-37.3043,109.9299,64.2650,149.8004,65.2675,-0.3239
2.9600,23.5507,69.7793,-139.9209,0.6434,-1.8959,-1.1083,-30.8278,90.8445,53.1077,149.7533,65.2722,-0.3901
2.9700,23.5557,69.7645,-139.9296,0.3695,-1.0888,-0.6365,-23.8695,70.3397,41.1206,149.7241,65.2750,-0.4310
2.9800,23.5583,69.7568,-139.9341,0.1676,-0.4939,-0.2887,-16.4191,48.3846,28.2856,149.7088,65.2765,-0.4525
2.9900,23.5593,69.7539,-139.9358,0.0428,-0.1260,-0.0737,-8.4661,24.9483,14.5848,149.7031,65.2771,-0.4605
3.0000,23.5594,69.7535,-139.9360,0.0000,0.0000,0.0000,0.0000,0.0000,0.0000,149.7023,65.2771,-0.4617
3.0100,23.5594,69.7532,-139.9360,0.0000,-0.0888,-0.0063,0.0000,-17.5761,-1.2436,149.7022,65.2771,-0.4624
3.0200,23.5594,69.7511,-139.9362,0.0000,-0.3480,-0.0246,0.0000,-34.0869,-2.4118,149.7018,65.2769,-0.4669
3.0300,23.5594,69.7457,-139.9366,0.0000,-0.7670,-0.0543,0.0000,-49.5543,-3.5062,149.7007,65.2765,-0.4790
3.0400,23.5594,69.7353,-139.9373,0.0000,-1.3357,-0.0945,0.0000,-63.9999,-4.5282,149.6986,65.2756,-0.5022
3.0500,23.5594,69.7185,-139.9385,0.0000,-2.0437,-0.1446,0.0000,-77.4456,-5.4796,149.6953,65.2741,-0.5396
3.0600,23.5594,69.6940,-139.9402,0.0000,-2.8813,-0.2039,0.0000,-89.9130,-6.3617,149.6904,65.2720,-0.5942
3.0700,23.5594,69.6605,-139.9426,0.0000,-3.8388,-0.2716,0.0000,-101.4238,-7.1761,149.6836,65.2690,-0.6688
3.0800,23.5594,69.6169,-139.9457,0.0000,-4.9067,-0.3472,0.0000,-111.9999,-7.9244,149.6747,65.2651,-0.7660
3.0900,23.5594,69.5620,-139.9496,0.0000,-6.0757,-0.4299,0.0000,-121.6629,-8.6081,149.6635,65.2602,-0.8881
3.1000,23.5594,69.4950,-139.9543,0.0000,-7.3369,-0.5191,0.0000,-130.4347,-9.2288,149.6496,65.2542,-1.0372
3.1100,23.5594,69.4150,-139.9600,0.0000,-8.6815,-0.6143,0.0000,-138.3368,-9.7879,149.6328,65.2468,-1.2153
3.1200,23.5594,69.3212,-139.9666,0.0000,-10.1009,-0.7147,0.0000,-145.3912,-10.2870,149.6127,65.2381,-1.4240
3.1300,23.5594,69.2128,-139.9743,0.0000,-11.5866,-0.8198,0.0000,-151.6194,-10.7277,149.5892,65.2279,-1.6651
3.1400,23.5594,69.0892,-139.9830,0.0000,-13.1306,-0.9290,0.0000,-157.0433,-11.1114,149.5619,65.2159,-1.9397
3.1500,23.5594,68.9500,-139.9929,0.0000,-14.7248,-1.0418,0.0000,-161.6846,-11.4398,149.5304,65.2022,-2.2490
3.1600,23.5594,68.7946,-140.0039,0.0000,-16.3617,-1.1577,0.0000,-165.5651,-11.7144,149.4944,65.1865,-2.5941
3.1700,23.5594,68.6226,-140.0160,0.0000,-18.0337,-1.2760,0.0000,-168.7064,-11.9366,149.4536,65.1687,-2.9757
3.1800,23.5594,68.4338,-140.0294,0.0000,-19.7335,-1.3962,0.0000,-171.1303,-12.1081,149.4075,65.1486,-3.3944
3.1900,23.5594,68.2279,-140.0440,0.0000,-21.4540,-1.5180,0.0000,-172.8585,-12.2304,149.3557,65.1260,-3.8507
3.2000,23.5594,68.0047,-140.0597,0.0000,-23.1884,-1.6407,0.0000,-173.9129,-12.3050,149.2978,65.1008,-4.3449
3.2100,23.5594,67.7641,-140.0768,0.0000,-24.9301,-1.7639,0.0000,-174.3150,-12.3335,149.2334,65.0727,-4.8771
3.2200,23.5594,67.5061,-140.0950,0.0000,-26.6726,-1.8872,0.0000,-174.0868,-12.3173,149.1620,65.0416,-5.4472
3.2300,23.5594,67.2307,-140.1145,0.0000,-28.4098,-2.0101,0.0000,-173.2498,-12.2581,149.0830,65.0071,-6.0551
3.2400,23.5594,66.9379,-140.1352,0.0000,-30.1356,-2.1322,0.0000,-171.8259,-12.1574,148.9961,64.9692,-6.7004
3.2500,23.5594,66.6280,-140.1572,0.0000,-31.8444,-2.2531,0.0000,-169.8368,-12.0166,148.9007,64.9276,-7.3827
3.2600,23.5594,66.3011,-140.1803,0.0000,-33.5305,-2.3724,0.0000,-167.3042,-11.8374,148.7963,64.8821,-8.1014
3.2700,23.5594,65.9575,-140.2046,0.0000,-35.1887,-2.4897,0.0000,-164.2498,-11.6213,148.6824,64.8324,-8.8556
3.2800,23.5594,65.5975,-140.2301,0.0000,-36.8139,-2.6047,0.0000,-160.6955,-11.3698,148.5584,64.7784,-9.6446
3.2900,23.5594,65.2214,-140.2567,0.0000,-38.4011,-2.7170,0.0000,-156.6629,-11.0845,148.4239,64.7197,-10.4673
3.3000,23.5594,64.8296,-140.2844,0.0000,-39.9456,-2.8263,0.0000,-152.1738,-10.7669,148.2785,64.6563,-11.3226
3.3100,23.5594,64.4226,-140.3132,0.0000,-41.4431,-2.9323,0.0000,-147.2499,-10.4185,148.1215,64.5879,-12.2092
3.3200,23.5594,64.0009,-140.3430,0.0000,-42.8892,-3.0346,0.0000,-141.9129,-10.0409,147.9526,64.5142,-13.1260
3.3300,23.5594,63.5650,-140.3739,0.0000,-44.2800,-3.1330,0.0000,-136.1846,-9.6356,147.7714,64.4352,-14.0714
3.3400,23.5594,63.1155,-140.4057,0.0000,-45.6117,-3.2272,0.0000,-130.0868,-9.2042,147.5774,64.3506,-15.0439
3.3500,23.5594,62.6530,-140.4384,0.0000,-46.8806,-3.3170,0.0000,-123.6412,-8.7481,147.3704,64.2604,-16.0419
3.3600,23.5594,62.1781,-140.4720,0.0000,-48.0834,-3.4021,0.0000,-116.8694,-8.2690,147.1500,64.1642,-17.0638
3.3700,23.5594,61.6915,-140.5064,0.0000,-49.2170,-3.4823,0.0000,-109.7934,-7.7683,146.9159,64.0622,-18.1077
3.3800,23.5594,61.1940,-140.5416,0.0000,-50.2784,-3.5574,0.0000,-102.4347,-7.2477,146.6680,63.9541,-19.1719
3.3900,23.5594,60.6862,-140.5776,0.0000,-51.2648,-3.6272,0.0000,-94.8151,-6.7085,146.4061,63.8399,-20.2545
3.4000,23.5594,60.1690,-140.6142,0.0000,-52.1739,-3.6915,0.0000,-86.9564,-6.1525,146.1301,63.7195,-21.3536
3.4100,23.5594,59.6430,-140.6514,0.0000,-53.0032,-3.7502,0.0000,-78.8804,-5.5811,145.8400,63.5930,-22.4672
3.4200,23.5594,59.1092,-140.6891,0.0000,-53.7508,-3.8031,0.0000,-70.6086,-4.9958,145.5358,63.4604,-23.5933
3.4300,23.5594,58.5683,-140.7274,0.0000,-54.4148,-3.8501,0.0000,-62.1630,-4.3983,145.2176,63.3216,-24.7300
3.4400,23.5594,58.0212,-140.7661,0.0000,-54.9936,-3.8910,0.0000,-53.5652,-3.7899,144.8856,63.1769,-25.8750
3.4500,23.5594,57.4687,-140.8052,0.0000,-55.4857,-3.9258,0.0000,-44.8369,-3.1724,144.5401,63.0262,-27.0265
3.4600,23.5594,56.9117,-140.8446,0.0000,-55.8899,-3.9544,0.0000,-36.0000,-2.5471,144.1813,62.8698,-28.1823
3.4700,23.5594,56.3512,-140.8843,0.0000,-56.2054,-3.9768,0.0000,-27.0761,-1.9157,143.8097,62.7077,-29.3403
3.4800,23.5594,55.7879,-140.9241,0.0000,-56.4312,-3.9927,0.0000,-18.0869,-1.2797,143.4258,62.5403,-30.4987
3.4900,23.5594,55.2229,-140.9641,0.0000,-56.5670,-4.0023,0.0000,-9.0543,-0.6406,143.0301,62.3678,-31.6552
3.5000,23.5594,54.6569,-141.0042,0.0000,-56.6123,-4.0055,0.0000,-0.0000,0.0000,142.6232,62.1904,-32.8079
3.5100,23.5594,54.0909,-141.0442,0.0000,-56.5670,-4.0023,0.0000,9.0543,0.6406,142.2058,62.0084,-33.9548
3.5200,23.5594,53.5259,-141.0842,0.0000,-56.4312,-3.9927,0.0000,18.0869,1.2797,141.7787,61.8221,-35.0941
3.5300,23.5594,52.9626,-141.1240,0.0000,-56.2054,-3.9768,0.0000,27.0761,1.9157,141.3427,61.6320,-36.2237
3.5400,23.5594,52.4020,-141.1637,0.0000,-55.8899,-3.9544,0.0000,36.0000,2.5471,140.8987,61.4384,-37.3419
3.5500,23.5594,51.8451,-141.2031,0.0000,-55.4857,-3.9258,0.0000,44.8369,3.1724,140.4475,61.2417,-38.4469
3.5600,23.5594,51.2926,-141.2422,0.0000,-54.9936,-3.8910,0.0000,53.5652,3.7899,139.9903,61.0423,-39.5370
3.5700,23.5594,50.7455,-141.2809,0.0000,-54.4148,-3.8501,0.0000,62.1630,4.3983,139.5281,60.8407,-40.6104
3.5800,23.5594,50.2046,-141.3192,0.0000,-53.7508,-3.8031,0.0000,70.6086,4.9958,139.0619,60.6375,-41.6656
3.5900,23.5594,49.6708,-141.3569,0.0000,-53.0032,-3.7502,0.0000,78.8804,5.5811,138.5929,60.4329,-42.7012
3.6000,23.5594,49.1448,-141.3942,0.0000,-52.1739,-3.6915,0.0000,86.9564,6.1525,138.1222,60.2277,-43.7155
3.6100,23.5594,48.6276,-141.4308,0.0000,-51.2648,-3.6272,0.0000,94.8151,6.7085,137.6510,60.0223,-44.7074
3.6200,23.5594,48.1198,-141.4667,0.0000,-50.2784,-3.5574,0.0000,102.4347,7.2477,137.1806,59.8171,-45.6754
3.6300,23.5594,47.6222,-141.5019,0.0000,-49.2170,-3.4823,0.0000,109.7934,7.7683,136.7121,59.6128,-46.6184
3.6400,23.5594,47.1357,-141.5363,0.0000,-48.0834,-3.4021,0.0000,116.8694,8.2690,136.2468,59.4099,-47.5353
3.6500,23.5594,46.6608,-141.5699,0.0000,-46.8806,-3.3170,0.0000,123.6412,8.7481,135.7858,59.2089,-48.4251
3.6600,23.5594,46.1983,-141.6026,0.0000,-45.6117,-3.2272,0.0000,130.0868,9.2042,135.3304,59.0104,-49.2867
3.6700,23.5594,45.7488,-141.6344,0.0000,-44.2800,-3.1330,0.0000,136.1846,9.6356,134.8819,58.8148,-50.1195
3.6800,23.5594,45.3129,-141.6653,0.0000,-42.8892,-3.0346,0.0000,141.9129,10.0409,134.4412,58.6226,-50.9225
3.6900,23.5594,44.8912,-141.6951,0.0000,-41.4431,-2.9323,0.0000,147.2499,10.4185,134.0097,58.4345,-51.6951
3.7000,23.5594,44.4842,-141.7239,0.0000,-39.9456,-2.8263,0.0000,152.1738,10.7669,133.5884,58.2508,-52.4367
3.7100,23.5594,44.0924,-141.7516,0.0000,-38.4011,-2.7170,0.0000,156.6629,11.0845,133.1784,58.0720,-53.1469
3.7200,23.5594,43.7163,-141.7782,0.0000,-36.8139,-2.6047,0.0000,160.6955,11.3698,132.7806,57.8985,-53.8252
3.7300,23.5594,43.3563,-141.8037,0.0000,-35.1887,-2.4897,0.0000,164.2498,11.6213,132.3961,57.7309,-54.4713
3.7400,23.5594,43.0127,-141.8280,0.0000,-33.5305,-2.3724,0.0000,167.3042,11.8374,132.0257,57.5694,-55.0849
3.7500,23.5594,42.6858,-141.8512,0.0000,-31.8444,-2.2531,0.0000,169.8368,12.0166,131.6703,57.4144,-55.6660
3.7600,23.5594,42.3758,-141.8731,0.0000,-30.1356,-2.1322,0.0000,171.8259,12.1574,131.3307,57.2663,-56.2145
3.7700,23.5594,42.0831,-141.8938,0.0000,-28.4098,-2.0101,0.0000,173.2498,12.2581,131.0074,57.1253,-56.7303
3.7800,23.5594,41.8077,-141.9133,0.0000,-26.6726,-1.8872,0.0000,174.0868,12.3173,130.7011,56.9918,-57.2136
3.7900,23.5594,41.5497,-141.9315,0.0000,-24.9301,-1.7639,0.0000,174.3150,12.3335,130.4123,56.8658,-57.6647
3.8000,23.5594,41.3091,-141.9486,0.0000,-23.1884,-1.6407,0.0000,173.9129,12.3050,130.1413,56.7477,-58.0838
3.8100,23.5594,41.0859,-141.9644,0.0000,-21.4540,-1.5180,0.0000,172.8585,12.2304,129.8885,56.6374,-58.4712
3.8200,23.5594,40.8800,-141.9789,0.0000,-19.7335,-1.3962,0.0000,171.1303,12.1081,129.6541,56.5352,-58.8276
3.8300,23.5594,40.6911,-141.9923,0.0000,-18.0337,-1.2760,0.0000,168.7064,11.9366,129.4382,56.4411,-59.1533
3.8400,23.5594,40.5192,-142.0045,0.0000,-16.3617,-1.1577,0.0000,165.5651,11.7144,129.2407,56.3550,-59.4492
3.8500,23.5594,40.3638,-142.0155,0.0000,-14.7248,-1.0418,0.0000,161.6846,11.4398,129.0615,56.2768,-59.7159
3.8600,23.5594,40.2245,-142.0253,0.0000,-13.1306,-0.9290,0.0000,157.0433,11.1114,128.9005,56.2066,-59.9544
3.8700,23.5594,40.1010,-142.0340,0.0000,-11.5866,-0.8198,0.0000,151.6194,10.7277,128.7571,56.1441,-60.1655
3.8800,23.5594,39.9926,-142.0417,0.0000,-10.1009,-0.7147,0.0000,145.3912,10.2870,128.6310,56.0891,-60.3504
3.8900,23.5594,39.8988,-142.0484,0.0000,-8.6815,-0.6143,0.0000,138.3368,9.7879,128.5216,56.0414,-60.5103
3.9000,23.5594,39.8187,-142.0540,0.0000,-7.3369,-0.5191,0.0000,130.4347,9.2288,128.4281,56.0006,-60.6464
3.9100,23.5594,39.7517,-142.0588,0.0000,-6.0757,-0.4299,0.0000,121.6629,8.6081,128.3497,55.9664,-60.7603
3.9200,23.5594,39.6969,-142.0626,0.0000,-4.9067,-0.3472,0.0000,111.9999,7.9244,128.2855,55.9384,-60.8533
3.9300,23.5594,39.6533,-142.0657,0.0000,-3.8388,-0.2716,0.0000,101.4238,7.1761,128.2343,55.9161,-60.9274
3.9400,23.5594,39.6198,-142.0681,0.0000,-2.8813,-0.2039,0.0000,89.9130,6.3617,128.1949,55.8989,-60.9842
3.9500,23.5594,39.5953,-142.0698,0.0000,-2.0437,-0.1446,0.0000,77.4456,5.4796,128.1661,55.8864,-61.0257
3.9600,23.5594,39.5785,-142.0710,0.0000,-1.3357,-0.0945,0.0000,63.9999,4.5282,128.1464,55.8778,-61.0542
3.9700,23.5594,39.5681,-142.0718,0.0000,-0.7670,-0.0543,0.0000,49.5543,3.5062,128.1342,55.8725,-61.0718
3.9800,23.5594,39.5626,-142.0721,0.0000,-0.3480,-0.0246,0.0000,34.0869,2.4118,128.1278,55.8697,-61.0810
3.9900,23.5594,39.5606,-142.0723,0.0000,-0.0888,-0.0063,0.0000,17.5761,1.2436,128.1253,55.8686,-61.0844
4.0000,23.5594,39.5603,-142.0723,0.0000,-0.0000,0.0000,0.0000,0.0000,0.0000,128.1250,55.8685,-61.0849
4.0100,23.5594,39.5606,-142.0723,0.0000,0.0888,0.0063,0.0000,17.5761,1.2436,128.1253,55.8686,-61.0844
4.0200,23.5594,39.5626,-142.0721,0.0000,0.3480,0.0246,0.0000,34.0869,2.4118,128.1278,55.8697,-61.0810
4.0300,23.5594,39.5681,-142.0718,0.0000,0.7670,0.0543,0.0000,49.5543,3.5062,128.1342,55.8725,-61.0718
4.0400,23.5594,39.5785,-142.0710,0.0000,1.3357,0.0945,0.0000,63.9999,4.5282,128.1464,55.8778,-61.0542
4.0500,23.5594,39.5953,-142.0698,0.0000,2.0437,0.1446,0.0000,77.4456,5.4796,128.1661,55.8864,-61.0257
4.0600,23.5594,39.6198,-142.0681,0.0000,2.8813,0.2039,0.0000,89.9130,6.3617,128.1949,55.8989,-60.9842
4.0700,23.5594,39.6533,-142.0657,0.0000,3.8388,0.2716,0.0000,101.4238,7.1761,128.2343,55.9161,-60.9274
4.0800,23.5594,39.6969,-142.0626,0.0000,4.9067,0.3472,0.0000,111.9999,7.9244,128.2855,55.9384,-60.8533
4.0900,23.5594,39.7517,-142.0588,0.0000,6.0757,0.4299,0.0000,121.6629,8.6081,128.3497,55.9664,-60.7603
4.1000,23.5594,39.8187,-142.0540,0.0000,7.3369,0.5191,0.0000,130.4347,9.2288,128.4281,56.0006,-60.6464
4.1100,23.5594,39.8988,-142.0484,0.0000,8.6815,0.6143,0.0000,138.3368,9.7879,128.5216,56.0414,-60.5103
4.1200,23.5594,39.9926,-142.0417,0.0000,10.1009,0.7147,0.0000,145.3912,10.2870,128.6310,56.0891,-60.3504
4.1300,23.5594,40.1010,-142.0340,0.0000,11.5866,0.8198,0.0000,151.6194,10.7277,128.7571,56.1441,-60.1655
4.1400,23.5594,40.2245,-142.0253,0.0000,13.1306,0.9290,0.0000,157.0433,11.1114,128.9005,56.2066,-59.9544
4.1500,23.5594,40.3638,-142.0155,0.0000,14.7248,1.0418,0.0000,161.6846,11.4398,129.0615,56.2768,-59.7159
4.1600,23.5594,40.5192,-142.0045,0.0000,16.3617,1.1577,0.0000,165.5651,11.7144,129.2407,56.3550,-59.4492
4.1700,23.5594,40.6911,-141.9923,0.0000,18.0337,1.2760,0.0000,168.7064,11.9366,129.4382,56.4411,-59.1533
4.1800,23.5594,40.8800,-141.9789,0.0000,19.7335,1.3962,0.0000,171.1303,12.1081,129.6541,56.5352,-58.8276
4.1900,23.5594,41.0859,-141.9644,0.0000,21.4540,1.5180,0.0000,172.8585,12.2304,129.8885,56.6374,-58.4712
4.2000,23.5594,41.3091,-141.9486,0.0000,23.1884,1.6407,0.0000,173.9129,12.3050,130.1413,56.7477,-58.0838
4.2100,23.5594,41.5497,-141.9315,0.0000,24.9301,1.7639,0.0000,174.3150,12.3335,130.4123,56.8658,-57.6647
4.2200,23.5594,41.8077,-141.9133,0.0000,26.6726,1.8872,0.0000,174.0868,12.3173,130.7011,56.9918,-57.2136
4.2300,23.5594,42.0831,-141.8938,0.0000,28.4098,2.0101,0.0000,173.2498,12.2581,131.0074,57.1253,-56.7303
4.2400,23.5594,42.3758,-141.8731,0.0000,30.1356,2.1322,0.0000,171.8259,12.1574,131.3307,57.2663,-56.2145
4.2500,23.5594,42.6858,-141.8512,0.0000,31.8444,2.2531,0.0000,169.8368,12.0166,131.6703,57.4144,-55.6660
4.2600,23.5594,43.0127,-141.8280,0.0000,33.5305,2.3724,0.0000,167.3042,11.8374,132.0257,57.5694,-55.0849
4.2700,23.5594,43.3563,-141.8037,0.0000,35.1887,2.4897,0.0000,164.2498,11.6213,132.3961,57.7309,-54.4713
4.2800,23.5594,43.7163,-141.7782,0.0000,36.8139,2.6047,0.0000,160.6955,11.3698,132.7806,57.8985,-53.8252
4.2900,23.5594,44.0924,-141.7516,0.0000,38.4011,2.7170,0.0000,156.6629,11.0845,133.1784,58.0720,-53.1469
4.3000,23.5594,44.4842,-141.7239,0.0000,39.9456,2.8263,0.0000,152.1738,10.7669,133.5884,58.2508,-52.4367
4.3100,23.5594,44.8912,-141.6951,0.0000,41.4431,2.9323,0.0000,147.2499,10.4185,134.0097,58.4345,-51.6951
4.3200,23.5594,45.3129,-141.6653,0.0000,42.8892,3.0346,0.0000,141.9129,10.0409,134.4412,58.6226,-50.9225
4.3300,23.5594,45.7488,-141.6344,0.0000,44.2800,3.1330,0.0000,136.1846,9.6356,134.8819,58.8148,-50.1195
4.3400,23.5594,46.1983,-141.6026,0.0000,45.6117,3.2272,0.0000,130.0868,9.2042,135.3304,59.0104,-49.2867
4.3500,23.5594,46.6608,-141.5699,0.0000,46.8806,3.3170,0.0000,123.6412,8.7481,135.7858,59.2089,-48.4251
4.3600,23.5594,47.1357,-141.5363,0.0000,48.0834,3.4021,0.0000,116.8694,8.2690,136.2468,59.4099,-47.5353
4.3700,23.5594,47.6222,-141.5019,0.0000,49.2170,3.4823,0.0000,109.7934,7.7683,136.7121,59.6128,-46.6184
4.3800,23.5594,48.1198,-141.4667,0.0000,50.2784,3.5574,0.0000,102.4347,7.2477,137.1806,59.8171,-45.6754
4.3900,23.5594,48.6276,-141.4308,0.0000,51.2648,3.6272,0.0000,94.8151,6.7085,137.6510,60.0223,-44.7074
4.4000,23.5594,49.1448,-141.3942,0.0000,52.1739,3.6915,0.0000,86.9564,6.1525,138.1222,60.2277,-43.7155
4.4100,23.5594,49.6708,-141.3569,0.0000,53.0032,3.7502,0.0000,78.8804,5.5811,138.5929,60.4329,-42.7012
4.4200,23.5594,50.2046,-141.3192,0.0000,53.7508,3.8031,0.0000,70.6086,4.9958,139.0619,60.6375,-41.6656
4.4300,23.5594,50.7455,-141.2809,0.0000,54.4148,3.8501,0.0000,62.1630,4.3983,139.5281,60.8407,-40.6104
4.4400,23.5594,51.2926,-141.2422,0.0000,54.9936,3.8910,0.0000,53.5652,3.7899,139.9903,61.0423,-39.5370
4.4500,23.5594,51.8451,-141.2031,0.0000,55.4857,3.9258,0.0000,44.8369,3.1724,140.4475,61.2417,-38.4469
4.4600,23.5594,52.4020,-141.1637,0.0000,55.8899,3.9544,0.0000,36.0000,2.5471,140.8987,61.4384,-37.3419
4.4700,23.5594,52.9626,-141.1240,0.0000,56.2054,3.9768,0.0000,27.0761,1.9157,141.3427,61.6320,-36.2237
4.4800,23.5594,53.5259,-141.0842,0.0000,56.4312,3.9927,0.0000,18.0869,1.2797,141.7787,61.8221,-35.0941
4.4900,23.5594,54.0909,-141.0442,0.0000,56.5670,4.0023,0.0000,9.0543,0.6406,142.2058,62.0084,-33.9548
4.5000,23.5594,54.6569,-141.0042,0.0000,56.6123,4.0055,0.0000,0.0000,0.0000,142.6232,62.1904,-32.8079
4.5100,23.5594,55.2229,-140.9641,0.0000,56.5670,4.0023,0.0000,-9.0543,-0.6406,143.0301,62.3678,-31.6552
4.5200,23.5594,55.7879,-140.9241,0.0000,56.4312,3.9927,0.0000,-18.0869,-1.2797,143.4258,62.5403,-30.4987
4.5300,23.5594,56.3512,-140.8843,0.0000,56.2054,3.9768,0.0000,-27.0761,-1.9157,143.8097,62.7077,-29.3403
4.5400,23.5594,56.9117,-140.8446,0.0000,55.8899,3.9544,0.0000,-36.0000,-2.5471,144.1813,62.8698,-28.1823
4.5500,23.5594,57.4687,-140.8052,0.0000,55.4857,3.9258,0.0000,-44.8369,-3.1724,144.5401,63.0262,-27.0265
4.5600,23.5594,58.0212,-140.7661,0.0000,54.9936,3.8910,0.0000,-53.5652,-3.7899,144.8856,63.1769,-25.8750
4.5700,23.5594,58.5683,-140.7274,0.0000,54.4148,3.8501,0.0000,-62.1630,-4.3983,145.2176,63.3216,-24.7300
4.5800,23.5594,59.1092,-140.6891,0.0000,53.7508,3.8031,0.0000,-70.6086,-4.9958,145.5358,63.4604,-23.5933
4.5900,23.5594,59.6430,-140.6514,0.0000,53.0032,3.7502,0.0000,-78.8804,-5.5811,145.8400,63.5930,-22.4672
4.6000,23.5594,60.1690,-140.6142,0.0000,52.1739,3.6915,0.0000,-86.9564,-6.1525,146.1301,63.7195,-21.3536
4.6100,23.5594,60.6862,-140.5776,0.0000,51.2648,3.6272,0.0000,-94.8151,-6.7085,146.4061,63.8399,-20.2545
4.6200,23.5594,61.1940,-140.5416,0.0000,50.2784,3.5574,0.0000,-102.4347,-7.2477,146.6680,63.9541,-19.1719
4.6300,23.5594,61.6915,-140.5064,0.0000,49.2170,3.4823,0.0000,-109.7934,-7.7683,146.9159,64.0622,-18.1077
4.6400,23.5594,62.1781,-140.4720,0.0000,48.0834,3.4021,0.0000,-116.8694,-8.2690,147.1500,64.1642,-17.0638
4.6500,23.5594,62.6530,-140.4384,0.0000,46.8806,3.3170,0.0000,-123.6412,-8.7481,147.3704,64.2604,-16.0419
4.6600,23.5594,63.1155,-140.4057,0.0000,45.6117,3.2272,0.0000,-130.0868,-9.2042,147.5774,64.3506,-15.0439
4.6700,23.5594,63.5650,-140.3739,0.0000,44.2800,3.1330,0.0000,-136.1846,-9.6356,147.7714,64.4352,-14.0714
4.6800,23.5594,64.0009,-140.3430,0.0000,42.8892,3.0346,0.0000,-141.9129,-10.0409,147.9526,64.5142,-13.1260
4.6900,23.5594,64.4226,-140.3132,0.0000,41.4431,2.9323,0.0000,-147.2499,-10.4185,148.1215,64.5879,-12.2092
4.7000,23.5594,64.8296,-140.2844,0.0000,39.9456,2.8263,0.0000,-152.1738,-10.7669,148.2785,64.6563,-11.3226
4.7100,23.5594,65.2214,-140.2567,0.0000,38.4011,2.7170,0.0000,-156.6629,-11.0845,148.4239,64.7197,-10.4673
4.7200,23.5594,65.5975,-140.2301,0.0000,36.8139,2.6047,0.0000,-160.6955,-11.3698,148.5584,64.7784,-9.6446
4.7300,23.5594,65.9575,-140.2046,0.0000,35.1887,2.4897,0.0000,-164.2498,-11.6213,148.6824,64.8324,-8.8556
4.7400,23.5594,66.3011,-140.1803,0.0000,33.5305,2.3724,0.0000,-167.3042,-11.8374,148.7963,64.8821,-8.1014
4.7500,23.5594,66.6280,-140.1572,0.0000,31.8444,2.2531,0.0000,-169.8368,-12.0166,148.9007,64.9276,-7.3827
4.7600,23.5594,66.9379,-140.1352,0.0000,30.1356,2.1322,0.0000,-171.8259,-12.1574,148.9961,64.9692,-6.7004
4.7700,23.5594,67.2307,-140.1145,0.0000,28.4098,2.0101,0.0000,-173.2498,-12.2581,149.0830,65.0071,-6.0551
4.7800,23.5594,67.5061,-140.0950,0.0000,26.6726,1.8872,0.0000,-174.0868,-12.3173,149.1620,65.0416,-5.4472
4.7900,23.5594,67.7641,-140.0768,0.0000,24.9301,1.7639,0.0000,-174.3150,-12.3335,149.2334,65.0727,-4.8771
4.8000,23.5594,68.0047,-140.0597,0.0000,23.1884,1.6407,0.0000,-173.9129,-12.3050,149.2978,65.1008,-4.3449
4.8100,23.5594,68.2279,-140.0440,0.0000,21.4540,1.5180,0.0000,-172.8585,-12.2304,149.3557,65.1260,-3.8507
4.8200,23.5594,68.4338,-140.0294,0.0000,19.7335,1.3962,0.0000,-171.1303,-12.1081,149.4075,65.1486,-3.3944
4.8300,23.5594,68.6226,-140.0160,0.0000,18.0337,1.2760,0.0000,-168.7064,-11.9366,149.4536,65.1687,-2.9757
4.8400,23.5594,68.7946,-140.0039,0.0000,16.3617,1.1577,0.0000,-165.5651,-11.7144,149.4944,65.1865,-2.5941
4.8500,23.5594,68.9500,-139.9929,0.0000,14.7248,1.0418,0.0000,-161.6846,-11.4398,149.5304,65.2022,-2.2490
4.8600,23.5594,69.0892,-139.9830,0.0000,13.1306,0.9290,0.0000,-157.0433,-11.1114,149.5619,65.2159,-1.9397
4.8700,23.5594,69.2128,-139.9743,0.0000,11.5866,0.8198,0.0000,-151.6194,-10.7277,149.5892,65.2279,-1.6651
4.8800,23.5594,69.3212,-139.9666,0.0000,10.1009,0.7147,0.0000,-145.3912,-10.2870,149.6127,65.2381,-1.4240
4.8900,23.5594,69.4150,-139.9600,0.0000,8.6815,0.6143,0.0000,-138.3368,-9.7879,149.6328,65.2468,-1.2153
4.9000,23.5594,69.4950,-139.9543,0.0000,7.3369,0.5191,0.0000,-130.4347,-9.2288,149.6496,65.2542,-1.0372
4.9100,23.5594,69.5620,-139.9496,0.0000,6.0757,0.4299,0.0000,-121.6629,-8.6081,149.6635,65.2602,-0.8881
4.9200,23.5594,69.6169,-139.9457,0.0000,4.9067,0.3472,0.0000,-111.9999,-7.9244,149.6747,65.2651,-0.7660
4.9300,23.5594,69.6605,-139.9426,0.0000,3.8388,0.2716,0.0000,-101.4238,-7.1761,149.6836,65.2690,-0.6688
4.9400,23.5594,69.6940,-139.9402,0.0000,2.8813,0.2039,0.0000,-89.9130,-6.3617,149.6904,65.2720,-0.5942
4.9500,23.5594,69.7185,-139.9385,0.0000,2.0437,0.1446,0.0000,-77.4456,-5.4796,149.6953,65.2741,-0.5396
4.9600,23.5594,69.7353,-139.9373,0.0000,1.3357,0.0945,0.0000,-63.9999,-4.5282,149.6986,65.2756,-0.5022
4.9700,23.5594,69.7457,-139.9366,0.0000,0.7670,0.0543,0.0000,-49.5543,-3.5062,149.7007,65.2765,-0.4790
4.9800,23.5594,69.7511,-139.9362,0.0000,0.3480,0.0246,0.0000,-34.0869,-2.4118,149.7018,65.2769,-0.4669
4.9900,23.5594,69.7532,-139.9360,0.0000,0.0888,0.0063,0.0000,-17.5761,-1.2436,149.7022,65.2771,-0.4624
5.0000,23.5594,69.7535,-139.9360,0.0000,0.0000,0.0000,0.0000,0.0000,0.0000,149.7023,65.2771,-0.4617
5.0100,23.5602,69.7535,-139.9361,0.2309,0.0066,-0.0237,45.7059,1.2978,-4.7018,149.7012,65.2791,-0.4617
5.0200,23.5655,69.7537,-139.9366,0.9049,0.0257,-0.0931,88.6418,2.5170,-9.1187,149.6936,65.2923,-0.4620
5.0300,23.5797,69.7541,-139.9381,1.9947,0.0566,-0.2052,128.8642,3.6592,-13.2564,149.6735,65.3276,-0.4627
5.0400,23.6067,69.7548,-139.9409,3.4733,0.0986,-0.3573,166.4295,4.7258,-17.1208,149.6352,65.3949,-0.4640
5.0500,23.6504,69.7561,-139.9454,5.3146,0.1509,-0.5467,201.3944,5.7187,-20.7176,149.5732,65.5036,-0.4661
5.0600,23.7141,69.7579,-139.9519,7.4927,0.2128,-0.7708,233.8154,6.6393,-24.0528,149.4824,65.6622,-0.4692
5.0700,23.8013,69.7604,-139.9609,9.9826,0.2835,-1.0269,263.7490,7.4893,-27.1321,149.3582,65.8788,-0.4734
5.0800,23.9147,69.7636,-139.9726,12.7596,0.3623,-1.3126,291.2517,8.2702,-29.9613,149.1959,66.1605,-0.4789
5.0900,24.0573,69.7676,-139.9872,15.7997,0.4486,-1.6253,316.3801,8.9838,-32.5463,148.9912,66.5139,-0.4858
5.1000,24.2315,69.7726,-140.0052,19.0795,0.5418,-1.9627,339.1906,9.6315,-34.8928,148.7400,66.9449,-0.4942
5.1100,24.4396,69.7785,-140.0266,22.5760,0.6411,-2.3224,359.7399,10.2150,-37.0068,148.4383,67.4585,-0.5042
5.1200,24.6837,69.7854,-140.0517,26.2669,0.7459,-2.7021,378.0845,10.7359,-38.8939,148.0822,68.0592,-0.5160
5.1300,24.9656,69.7934,-140.0807,30.1305,0.8556,-3.0996,394.2808,11.1958,-40.5600,147.6680,68.7507,-0.5296
5.1400,25.2868,69.8025,-140.1137,34.1456,0.9696,-3.5126,408.3855,11.5963,-42.0110,147.1918,69.5359,-0.5450
5.1500,25.6489,69.8128,-140.1510,38.2914,1.0873,-3.9391,420.4551,11.9390,-43.2526,146.6502,70.4170,-0.5624
5.1600,26.0530,69.8243,-140.1925,42.5481,1.2082,-4.3770,430.5460,12.2255,-44.2906,146.0395,71.3956,-0.5818
5.1700,26.5002,69.8370,-140.2385,46.8960,1.3316,-4.8242,438.7148,12.4575,-45.1310,145.3562,72.4725,-0.6031
5.1800,26.9912,69.8509,-140.2890,51.3162,1.4571,-5.2789,445.0181,12.6365,-45.7794,144.5967,73.6477,-0.6265
5.1900,27.5267,69.8661,-140.3441,55.7903,1.5842,-5.7392,449.5124,12.7641,-46.2417,143.7576,74.9206,-0.6520
5.2000,28.1071,69.8826,-140.4038,60.3006,1.7123,-6.2032,452.2542,12.8420,-46.5238,142.8355,76.2898,-0.6795
5.2100,28.7328,69.9004,-140.4682,64.8297,1.8409,-6.6691,453.3000,12.8717,-46.6314,141.8269,77.7534,-0.7091
5.2200,29.4037,69.9194,-140.5372,69.3611,1.9695,-7.1352,452.7064,12.8548,-46.5703,140.7287,79.3086,-0.7407
5.2300,30.1199,69.9398,-140.6109,73.8786,2.0978,-7.6000,450.5300,12.7930,-46.3464,139.5377,80.9520,-0.7743
5.2400,30.8812,69.9614,-140.6892,78.3666,2.2253,-8.0616,446.8271,12.6879,-45.9655,138.2509,82.6798,-0.8099
5.2500,31.6871,69.9843,-140.7721,82.8102,2.3514,-8.5188,441.6545,12.5410,-45.4334,136.8653,84.4872,-0.8474
5.2600,32.5372,70.0084,-140.8596,87.1950,2.4759,-8.9698,435.0685,12.3540,-44.7559,135.3783,86.3691,-0.8868
5.2700,33.4308,70.0338,-140.9515,91.5071,2.5984,-9.4134,427.1258,12.1284,-43.9388,133.7875,88.3197,-0.9280
5.2800,34.3670,70.0604,-141.0478,95.7332,2.7184,-9.8482,417.8829,11.8660,-42.9880,132.0907,90.3329,-0.9710
5.2900,35.3451,70.0882,-141.1484,99.8606,2.8356,-10.2727,407.3962,11.5682,-41.9092,130.2861,92.4018,-1.0157
5.3000,36.3639,70.1171,-141.2532,103.8771,2.9496,-10.6859,395.7224,11.2367,-40.7083,128.3722,94.5193,-1.0620
5.3100,37.4222,70.1471,-141.3621,107.7713,3.0602,-11.0865,382.9180,10.8731,-39.3911,126.3478,96.6779,-1.1098
5.3200,38.5189,70.1783,-141.4749,111.5319,3.1670,-11.4734,369.0394,10.4790,-37.9634,124.2123,98.8697,-1.1591
5.3300,39.6524,70.2105,-141.5915,115.1486,3.2697,-11.8454,354.1433,10.0561,-36.4310,121.9654,101.0865,-1.2097
5.3400,40.8213,70.2437,-141.7118,118.6116,3.3680,-12.2017,338.2861,9.6058,-34.7998,119.6074,103.3200,-1.2615
5.3500,42.0241,70.2778,-141.8355,121.9114,3.4617,-12.5411,321.5245,9.1298,-33.0755,117.1390,105.5616,-1.3145
5.3600,43.2590,70.3129,-141.9625,125.0392,3.5505,-12.8629,303.9148,8.6298,-31.2640,114.5616,107.8026,-1.3685
5.3700,44.5243,70.3488,-142.0927,127.9870,3.6342,-13.1661,285.5137,8.1073,-29.3711,111.8770,110.0344,-1.4235
5.3800,45.8181,70.3855,-142.2258,130.7471,3.7126,-13.4501,266.3777,7.5639,-27.4025,109.0878,112.2483,-1.4793
5.3900,47.1386,70.4230,-142.3616,133.3123,3.7855,-13.7140,246.5633,7.0013,-25.3642,106.1969,114.4358,-1.5359
5.4000,48.4837,70.4612,-142.5000,135.6763,3.8526,-13.9571,226.1271,6.4210,-23.2619,103.2080,116.5884,-1.5930
5.4100,49.8514,70.5001,-142.6407,137.8330,3.9138,-14.1790,205.1255,5.8246,-21.1014,100.1253,118.6980,-1.6506
5.4200,51.2396,70.5395,-142.7835,139.7771,3.9690,-14.3790,183.6152,5.2138,-18.8887,96.9535,120.7567,-1.7087
5.4300,52.6462,70.5794,-142.9282,141.5038,4.0181,-14.5566,161.6526,4.5902,-16.6293,93.6980,122.7570,-1.7670
5.4400,54.0690,70.6198,-143.0746,143.0088,4.0608,-14.7114,139.2943,3.9553,-14.3293,90.3648,124.6917,-1.8255
5.4500,55.5056,70.6606,-143.2223,144.2885,4.0971,-14.8431,116.5968,3.3108,-11.9944,86.9600,126.5543,-1.8840
5.4600,56.9540,70.7017,-143.3713,145.3398,4.1270,-14.9512,93.6166,2.6583,-9.6304,83.4907,128.3385,-1.9425
5.4700,58.4117,70.7431,-143.5213,146.1601,4.1503,-15.0356,70.4103,1.9993,-7.2432,79.9640,130.0389,-2.0009
5.4800,59.8764,70.7847,-143.6720,146.7474,4.1670,-15.0960,47.0344,1.3356,-4.8385,76.3876,131.6505,-2.0590
5.4900,61.3458,70.8265,-143.8231,147.1004,4.1770,-15.1324,23.5455,0.6686,-2.4221,72.7695,133.1690,-2.1167
5.5000,62.8176,70.8682,-143.9745,147.2182,4.1803,-15.1445,0.0000,0.0000,-0.0000,69.1180,134.5908,-2.1741
5.5100,64.2894,70.9100,-144.1259,147.1004,4.1770,-15.1324,-23.5455,-0.6686,2.4221,65.4414,135.9129,-2.2308
5.5200,65.7588,70.9518,-144.2771,146.7474,4.1670,-15.0960,-47.0344,-1.3356,4.8385,61.7486,137.1332,-2.2870
5.5300,67.2236,70.9934,-144.4278,146.1601,4.1503,-15.0356,-70.4103,-1.9993,7.2432,58.0481,138.2501,-2.3424
5.5400,68.6813,71.0347,-144.5777,145.3398,4.1270,-14.9512,-93.6166,-2.6583,9.6304,54.3488,139.2629,-2.3970
5.5500,70.1296,71.0759,-144.7267,144.2885,4.0971,-14.8431,-116.5968,-3.3108,11.9944,50.6595,140.1714,-2.4508
5.5600,71.5663,71.1167,-144.8745,143.0088,4.0608,-14.7114,-139.2943,-3.9553,14.3293,46.9888,140.9764,-2.5036
5.5700,72.9890,71.1571,-145.0209,141.5038,4.0181,-14.5566,-161.6526,-4.5902,16.6293,43.3453,141.6791,-2.5553
5.5800,74.3956,71.1970,-145.1656,139.7771,3.9690,-14.3790,-183.6152,-5.2138,18.8887,39.7374,142.2814,-2.6060
5.5900,75.7838,71.2364,-145.3084,137.8330,3.9138,-14.1790,-205.1255,-5.8246,21.1014,36.1733,142.7861,-2.6556
5.6000,77.1516,71.2753,-145.4491,135.6763,3.8526,-13.9571,-226.1271,-6.4210,23.2619,32.6607,143.1961,-2.7039
5.6100,78.4967,71.3135,-145.5875,133.3123,3.7855,-13.7140,-246.5633,-7.0013,25.3642,29.2072,143.5151,-2.7510
5.6200,79.8171,71.3510,-145.7233,130.7471,3.7126,-13.4501,-266.3777,-7.5639,27.4025,25.8199,143.7475,-2.7968
5.6300,81.1110,71.3877,-145.8564,127.9870,3.6342,-13.1661,-285.5137,-8.1073,29.3711,22.5056,143.8977,-2.8412
5.6400,82.3762,71.4236,-145.9866,125.0392,3.5505,-12.8629,-303.9148,-8.6298,31.2640,19.2705,143.9707,-2.8842
5.6500,83.6111,71.4587,-146.1136,121.9114,3.4617,-12.5411,-321.5245,-9.1298,33.0755,16.1207,143.9720,-2.9259
5.6600,84.8139,71.4928,-146.2373,118.6116,3.3680,-12.2017,-338.2861,-9.6058,34.7998,13.0614,143.9070,-2.9660
5.6700,85.9828,71.5260,-146.3576,115.1486,3.2697,-11.8454,-354.1433,-10.0561,36.4310,10.0975,143.7816,-3.0047
5.6800,87.1164,71.5582,-146.4742,111.5319,3.1670,-11.4734,-369.0394,-10.4790,37.9634,7.2334,143.6017,-3.0419
5.6900,88.2130,71.5894,-146.5870,107.7713,3.0602,-11.0865,-382.9180,-10.8731,39.3911,4.4731,143.3734,-3.0776
5.7000,89.2713,71.6194,-146.6959,103.8771,2.9496,-10.6859,-395.7224,-11.2367,40.7083,1.8200,143.1028,-3.1117
5.7100,90.2901,71.6483,-146.8007,99.8606,2.8356,-10.2727,-407.3962,-11.5682,41.9092,-0.7231,142.7959,-3.1443
5.7200,91.2682,71.6761,-146.9013,95.7332,2.7184,-9.8482,-417.8829,-11.8660,42.9880,-3.1537,142.4588,-3.1754
5.7300,92.2045,71.7027,-146.9976,91.5071,2.5984,-9.4134,-427.1258,-12.1284,43.9388,-5.4699,142.0973,-3.2049
5.7400,93.0980,71.7281,-147.0895,87.1950,2.4759,-8.9698,-435.0685,-12.3540,44.7559,-7.6703,141.7172,-3.2328
5.7500,93.9481,71.7522,-147.1770,82.8102,2.3514,-8.5188,-441.6545,-12.5410,45.4334,-9.7538,141.3239,-3.2592
5.7600,94.7540,71.7751,-147.2599,78.3666,2.2253,-8.0616,-446.8271,-12.6879,45.9655,-11.7198,140.9228,-3.2841
5.7700,95.5153,71.7967,-147.3382,73.8786,2.0978,-7.6000,-450.5300,-12.7930,46.3464,-13.5683,140.5188,-3.3074
5.7800,96.2315,71.8170,-147.4119,69.3611,1.9695,-7.1352,-452.7064,-12.8548,46.5703,-15.2995,140.1166,-3.3292
5.7900,96.9025,71.8361,-147.4809,64.8297,1.8409,-6.6691,-453.3000,-12.8717,46.6314,-16.9142,139.7204,-3.3495
5.8000,97.5281,71.8539,-147.5452,60.3006,1.7123,-6.2032,-452.2542,-12.8420,46.5238,-18.4133,139.3342,-3.3684
5.8100,98.1086,71.8703,-147.6050,55.7903,1.5842,-5.7392,-449.5124,-12.7641,46.2417,-19.7983,138.9615,-3.3858
5.8200,98.6440,71.8856,-147.6600,51.3162,1.4571,-5.2789,-445.0181,-12.6365,45.7794,-21.0711,138.6054,-3.4018
5.8300,99.1351,71.8995,-147.7105,46.8960,1.3316,-4.8242,-438.7148,-12.4575,45.1310,-22.2338,138.2687,-3.4163
5.8400,99.5822,71.9122,-147.7565,42.5481,1.2082,-4.3770,-430.5460,-12.2255,44.2906,-23.2890,137.9536,-3.4296
5.8500,99.9863,71.9237,-147.7981,38.2914,1.0873,-3.9391,-420.4551,-11.9390,43.2526,-24.2396,137.6618,-3.4415
5.8600,100.3484,71.9339,-147.8354,34.1456,0.9696,-3.5126,-408.3855,-11.5963,42.0110,-25.0888,137.3949,-3.4521
5.8700,100.6697,71.9431,-147.8684,30.1305,0.8556,-3.0996,-394.2808,-11.1958,40.5600,-25.8403,137.1536,-3.4615
5.8800,100.9515,71.9511,-147.8974,26.2669,0.7459,-2.7021,-378.0845,-10.7359,38.8939,-26.4979,136.9386,-3.4698
5.8900,101.1956,71.9580,-147.9225,22.5760,0.6411,-2.3224,-359.7399,-10.2150,37.0068,-27.0662,136.7498,-3.4769
5.9000,101.4037,71.9639,-147.9439,19.0795,0.5418,-1.9627,-339.1906,-9.6315,34.8928,-27.5499,136.5870,-3.4829
5.9100,101.5779,71.9689,-147.9618,15.7997,0.4486,-1.6253,-316.3801,-8.9838,32.5463,-27.9542,136.4494,-3.4880
5.9200,101.7205,71.9729,-147.9765,12.7596,0.3623,-1.3126,-291.2517,-8.2702,29.9613,-28.2846,136.3359,-3.4921
5.9300,101.8340,71.9761,-147.9882,9.9826,0.2835,-1.0269,-263.7490,-7.4893,27.1321,-28.5474,136.2449,-3.4954
5.9400,101.9211,71.9786,-147.9971,7.4927,0.2128,-0.7708,-233.8154,-6.6393,24.0528,-28.7489,136.1748,-3.4979
5.9500,101.9849,71.9804,-148.0037,5.3146,0.1509,-0.5467,-201.3944,-5.7187,20.7176,-28.8963,136.1232,-3.4998
5.9600,102.0285,71.9817,-148.0082,3.4733,0.0986,-0.3573,-166.4295,-4.7258,17.1208,-28.9971,136.0879,-3.5010
5.9700,102.0555,71.9824,-148.0110,1.9947,0.0566,-0.2052,-128.8642,-3.6592,13.2564,-29.0596,136.0659,-3.5018
5.9800,102.0697,71.9828,-148.0124,0.9049,0.0257,-0.0931,-88.6418,-2.5170,9.1187,-29.0923,136.0544,-3.5022
5.9900,102.0750,71.9830,-148.0130,0.2309,0.0066,-0.0237,-45.7059,-1.2978,4.7018,-29.1046,136.0501,-3.5024
6.0000,102.0758,71.9830,-148.0131,0.0000,0.0000,0.0000,0.0000,0.0000,-0.0000,-29.1064,136.0495,-3.5024
6.0100,102.0758,71.9826,-148.0131,0.0000,-0.1042,-0.0073,0.0000,-20.6389,-1.4494,-29.1063,136.0494,-3.5030
6.0200,102.0758,71.9802,-148.0133,0.0000,-0.4086,-0.0287,0.0000,-40.0270,-2.8109,-29.1062,136.0487,-3.5073
6.0300,102.0758,71.9739,-148.0137,0.0000,-0.9007,-0.0633,0.0000,-58.1898,-4.0864,-29.1058,136.0470,-3.5187
6.0400,102.0758,71.9616,-148.0146,0.0000,-1.5684,-0.1101,0.0000,-75.1528,-5.2776,-29.1051,136.0437,-3.5405
6.0500,102.0758,71.9419,-148.0159,0.0000,-2.3998,-0.1685,0.0000,-90.9415,-6.3864,-29.1040,136.0384,-3.5756
6.0600,102.0758,71.9131,-148.0180,0.0000,-3.3834,-0.2376,0.0000,-105.5815,-7.4145,-29.1023,136.0306,-3.6270
6.0700,102.0758,71.8738,-148.0207,0.0000,-4.5077,-0.3166,0.0000,-119.0982,-8.3637,-29.1000,136.0199,-3.6971
6.0800,102.0758,71.8226,-148.0243,0.0000,-5.7617,-0.4046,0.0000,-131.5173,-9.2359,-29.0970,136.0059,-3.7884
6.0900,102.0758,71.7582,-148.0289,0.0000,-7.1345,-0.5010,0.0000,-142.8643,-10.0327,-29.0932,135.9882,-3.9031
6.1000,102.0758,71.6795,-148.0344,0.0000,-8.6155,-0.6050,0.0000,-153.1646,-10.7561,-29.0886,135.9664,-4.0432
6.1100,102.0758,71.5855,-148.0410,0.0000,-10.1944,-0.7159,0.0000,-162.4438,-11.4077,-29.0829,135.9400,-4.2105
6.1200,102.0758,71.4753,-148.0487,0.0000,-11.8611,-0.8329,0.0000,-170.7275,-11.9894,-29.0763,135.9088,-4.4066
6.1300,102.0758,71.3481,-148.0577,0.0000,-13.6057,-0.9555,0.0000,-178.0411,-12.5030,-29.0684,135.8723,-4.6329
6.1400,102.0758,71.2030,-148.0678,0.0000,-15.4187,-1.0828,0.0000,-184.4102,-12.9503,-29.0594,135.8300,-4.8907
6.1500,102.0758,71.0395,-148.0793,0.0000,-17.2908,-1.2143,0.0000,-189.8603,-13.3330,-29.0490,135.7816,-5.1810
6.1600,102.0758,70.8570,-148.0921,0.0000,-19.2130,-1.3492,0.0000,-194.4169,-13.6530,-29.0373,135.7266,-5.5048
6.1700,102.0758,70.6551,-148.1063,0.0000,-21.1763,-1.4871,0.0000,-198.1056,-13.9121,-29.0240,135.6645,-5.8626
6.1800,102.0758,70.4334,-148.1219,0.0000,-23.1723,-1.6273,0.0000,-200.9519,-14.1119,-29.0091,135.5948,-6.2550
6.1900,102.0758,70.1916,-148.1389,0.0000,-25.1926,-1.7692,0.0000,-202.9814,-14.2545,-28.9925,135.5172,-6.6825
6.2000,102.0758,69.9295,-148.1573,0.0000,-27.2293,-1.9122,0.0000,-204.2194,-14.3414,-28.9740,135.4309,-7.1452
6.2100,102.0758,69.6469,-148.1771,0.0000,-29.2744,-2.0558,0.0000,-204.6917,-14.3746,-28.9536,135.3356,-7.6432
6.2200,102.0758,69.3440,-148.1984,0.0000,-31.3206,-2.1995,0.0000,-204.4237,-14.3558,-28.9312,135.2306,-8.1764
6.2300,102.0758,69.0206,-148.2211,0.0000,-33.3605,-2.3428,0.0000,-203.4409,-14.2867,-28.9065,135.1154,-8.7444
6.2400,102.0758,68.6768,-148.2452,0.0000,-35.3871,-2.4851,0.0000,-201.7688,-14.1693,-28.8796,134.9894,-9.3470
6.2500,102.0758,68.3129,-148.2708,0.0000,-37.3937,-2.6260,0.0000,-199.4330,-14.0053,-28.8502,134.8521,-9.9836
6.2600,102.0758,67.9290,-148.2978,0.0000,-39.3737,-2.7650,0.0000,-196.4591,-13.7964,-28.8183,134.7029,-10.6535
6.2700,102.0758,67.5255,-148.3261,0.0000,-41.3208,-2.9018,0.0000,-192.8725,-13.5446,-28.7837,134.5412,-11.3558
6.2800,102.0758,67.1027,-148.3558,0.0000,-43.2292,-3.0358,0.0000,-188.6988,-13.2515,-28.7463,134.3666,-12.0898
6.2900,102.0758,66.6611,-148.3868,0.0000,-45.0929,-3.1667,0.0000,-183.9634,-12.9189,-28.7060,134.1783,-12.8543
6.3000,102.0758,66.2010,-148.4191,0.0000,-46.9067,-3.2940,0.0000,-178.6920,-12.5487,-28.6628,133.9760,-13.6483
6.3100,102.0758,65.7231,-148.4527,0.0000,-48.6651,-3.4175,0.0000,-172.9100,-12.1427,-28.6164,133.7591,-14.4703
6.3200,102.0758,65.2279,-148.4874,0.0000,-50.3632,-3.5368,0.0000,-166.6431,-11.7026,-28.5667,133.5272,-15.3191
6.3300,102.0758,64.7161,-148.5234,0.0000,-51.9964,-3.6515,0.0000,-159.9166,-11.2302,-28.5138,133.2798,-16.1932
6.3400,102.0758,64.1882,-148.5605,0.0000,-53.5601,-3.7613,0.0000,-152.7561,-10.7274,-28.4575,133.0166,-17.0911
6.3500,102.0758,63.6451,-148.5986,0.0000,-55.0502,-3.8659,0.0000,-145.1873,-10.1958,-28.3977,132.7373,-18.0111
6.3600,102.0758,63.0875,-148.6378,0.0000,-56.4626,-3.9651,0.0000,-137.2355,-9.6374,-28.3345,132.4415,-18.9517
6.3700,102.0758,62.5161,-148.6779,0.0000,-57.7937,-4.0586,0.0000,-128.9263,-9.0539,-28.2676,132.1291,-19.9109
6.3800,102.0758,61.9319,-148.7189,0.0000,-59.0400,-4.1461,0.0000,-120.2853,-8.4471,-28.1972,131.7998,-20.8870
6.3900,102.0758,61.3356,-148.7608,0.0000,-60.1984,-4.2275,0.0000,-111.3379,-7.8188,-28.1232,131.4538,-21.8782
6.4000,102.0758,60.7282,-148.8034,0.0000,-61.2658,-4.3024,0.0000,-102.1097,-7.1707,-28.0455,131.0908,-22.8826
6.4100,102.0758,60.1106,-148.8468,0.0000,-62.2397,-4.3708,0.0000,-92.6263,-6.5047,-27.9643,130.7111,-23.8981
6.4200,102.0758,59.4838,-148.8908,0.0000,-63.1176,-4.4325,0.0000,-82.9131,-5.8226,-27.8795,130.3147,-24.9230
6.4300,102.0758,58.8486,-148.9354,0.0000,-63.8973,-4.4872,0.0000,-72.9957,-5.1262,-27.7911,129.9019,-25.9552
6.4400,102.0758,58.2062,-148.9805,0.0000,-64.5769,-4.5349,0.0000,-62.8996,-4.4172,-27.6994,129.4730,-26.9927
6.4500,102.0758,57.5574,-149.0261,0.0000,-65.1548,-4.5755,0.0000,-52.6503,-3.6974,-27.6043,129.0284,-28.0336
6.4600,102.0758,56.9034,-149.0720,0.0000,-65.6295,-4.6089,0.0000,-42.2734,-2.9687,-27.5059,128.5687,-29.0759
6.4700,102.0758,56.2452,-149.1183,0.0000,-65.9999,-4.6349,0.0000,-31.7944,-2.2328,-27.4044,128.0943,-30.1176
6.4800,102.0758,55.5838,-149.1647,0.0000,-66.2651,-4.6535,0.0000,-21.2388,-1.4915,-27.3000,127.6060,-31.1570
6.4900,102.0758,54.9202,-149.2113,0.0000,-66.4245,-4.6647,0.0000,-10.6322,-0.7466,-27.1927,127.1045,-32.1920
6.5000,102.0758,54.2556,-149.2580,0.0000,-66.4777,-4.6684,0.0000,0.0000,0.0000,-27.0827,126.5906,-33.2208
6.5100,102.0758,53.5910,-149.3046,0.0000,-66.4245,-4.6647,0.0000,10.6322,0.7466,-26.9703,126.0652,-34.2416
6.5200,102.0758,52.9275,-149.3512,0.0000,-66.2651,-4.6535,0.0000,21.2388,1.4915,-26.8557,125.5294,-35.2527
6.5300,102.0758,52.2661,-149.3977,0.0000,-65.9999,-4.6349,0.0000,31.7944,2.2328,-26.7390,124.9841,-36.2524
6.5400,102.0758,51.6078,-149.4439,0.0000,-65.6295,-4.6089,0.0000,42.2734,2.9687,-26.6206,124.4305,-37.2391
6.5500,102.0758,50.9538,-149.4898,0.0000,-65.1548,-4.5755,0.0000,52.6503,3.6974,-26.5006,123.8697,-38.2112
6.5600,102.0758,50.3051,-149.5354,0.0000,-64.5769,-4.5349,0.0000,62.8996,4.4172,-26.3794,123.3030,-39.1672
6.5700,102.0758,49.6626,-149.5805,0.0000,-63.8973,-4.4872,0.0000,72.9957,5.1262,-26.2572,122.7318,-40.1057
6.5800,102.0758,49.0275,-149.6251,0.0000,-63.1176,-4.4325,0.0000,82.9131,5.8226,-26.1342,122.1572,-41.0254
6.5900,102.0758,48.4006,-149.6691,0.0000,-62.2397,-4.3708,0.0000,92.6263,6.5047,-26.0109,121.5807,-41.9251
6.6000,102.0758,47.7830,-149.7125,0.0000,-61.2658,-4.3024,0.0000,102.1097,7.1707,-25.8874,121.0036,-42.8035
6.6100,102.0758,47.1756,-149.7552,0.0000,-60.1984,-4.2275,0.0000,111.3379,7.8188,-25.7642,120.4274,-43.6597
6.6200,102.0758,46.5793,-149.7970,0.0000,-59.0400,-4.1461,0.0000,120.2853,8.4471,-25.6414,119.8534,-44.4927
6.6300,102.0758,45.9951,-149.8381,0.0000,-57.7937,-4.0586,0.0000,128.9263,9.0539,-25.5194,119.2832,-45.3015
6.6400,102.0758,45.4237,-149.8782,0.0000,-56.4626,-3.9651,0.0000,137.2355,9.6374,-25.3985,118.7181,-46.0853
6.6500,102.0758,44.8661,-149.9174,0.0000,-55.0502,-3.8659,0.0000,145.1873,10.1958,-25.2790,118.1595,-46.8435
6.6600,102.0758,44.3230,-149.9555,0.0000,-53.5601,-3.7613,0.0000,152.7561,10.7274,-25.1612,117.6089,-47.5753
6.6700,102.0758,43.7952,-149.9926,0.0000,-51.9964,-3.6515,0.0000,159.9166,11.2302,-25.0454,117.0677,-48.2803
6.6800,102.0758,43.2833,-150.0285,0.0000,-50.3632,-3.5368,0.0000,166.6431,11.7026,-24.9319,116.5370,-48.9581
6.6900,102.0758,42.7881,-150.0633,0.0000,-48.6651,-3.4175,0.0000,172.9100,12.1427,-24.8209,116.0183,-49.6081
6.7000,102.0758,42.3102,-150.0969,0.0000,-46.9067,-3.2940,0.0000,178.6920,12.5487,-24.7128,115.5129,-50.2302
6.7100,102.0758,41.8502,-150.1292,0.0000,-45.0929,-3.1667,0.0000,183.9634,12.9189,-24.6077,115.0218,-50.8240
6.7200,102.0758,41.4085,-150.1602,0.0000,-43.2292,-3.0358,0.0000,188.6988,13.2515,-24.5060,114.5462,-51.3896
6.7300,102.0758,40.9857,-150.1899,0.0000,-41.3208,-2.9018,0.0000,192.8725,13.5446,-24.4078,114.0872,-51.9267
6.7400,102.0758,40.5822,-150.2182,0.0000,-39.3737,-2.7650,0.0000,196.4591,13.7964,-24.3133,113.6457,-52.4355
6.7500,102.0758,40.1984,-150.2452,0.0000,-37.3937,-2.6260,0.0000,199.4330,14.0053,-24.2228,113.2227,-52.9159
6.7600,102.0758,39.8344,-150.2707,0.0000,-35.3871,-2.4851,0.0000,201.7688,14.1693,-24.1364,112.8190,-53.3682
6.7700,102.0758,39.4907,-150.2949,0.0000,-33.3605,-2.3428,0.0000,203.4409,14.2867,-24.0543,112.4352,-53.7925
6.7800,102.0758,39.1673,-150.3176,0.0000,-31.3206,-2.1995,0.0000,204.4237,14.3558,-23.9766,112.0721,-54.1891
6.7900,102.0758,38.8643,-150.3388,0.0000,-29.2744,-2.0558,0.0000,204.6917,14.3746,-23.9035,111.7300,-54.5584
6.8000,102.0758,38.5818,-150.3587,0.0000,-27.2293,-1.9122,0.0000,204.2194,14.3414,-23.8349,111.4095,-54.9008
6.8100,102.0758,38.3197,-150.3771,0.0000,-25.1926,-1.7692,0.0000,202.9814,14.2545,-23.7710,111.1107,-55.2167
6.8200,102.0758,38.0779,-150.3941,0.0000,-23.1723,-1.6273,0.0000,200.9519,14.1119,-23.7118,110.8339,-55.5067
6.8300,102.0758,37.8561,-150.4096,0.0000,-21.1763,-1.4871,0.0000,198.1056,13.9121,-23.6573,110.5792,-55.7713
6.8400,102.0758,37.6542,-150.4238,0.0000,-19.2130,-1.3492,0.0000,194.4169,13.6530,-23.6074,110.3464,-56.0113
6.8500,102.0758,37.4718,-150.4366,0.0000,-17.2908,-1.2143,0.0000,189.8603,13.3330,-23.5623,110.1353,-56.2273
6.8600,102.0758,37.3082,-150.4481,0.0000,-15.4187,-1.0828,0.0000,184.4102,12.9503,-23.5217,109.9457,-56.4202
6.8700,102.0758,37.1632,-150.4583,0.0000,-13.6057,-0.9555,0.0000,178.0411,12.5030,-23.4856,109.7770,-56.5907
6.8800,102.0758,37.0359,-150.4672,0.0000,-11.8611,-0.8329,0.0000,170.7275,11.9894,-23.4539,109.6287,-56.7399
6.8900,102.0758,36.9257,-150.4750,0.0000,-10.1944,-0.7159,0.0000,162.4438,11.4077,-23.4264,109.5001,-56.8688
6.9000,102.0758,36.8317,-150.4816,0.0000,-8.6155,-0.6050,0.0000,153.1646,10.7561,-23.4029,109.3902,-56.9785
6.9100,102.0758,36.7531,-150.4871,0.0000,-7.1345,-0.5010,0.0000,142.8643,10.0327,-23.3832,109.2981,-57.0701
6.9200,102.0758,36.6887,-150.4916,0.0000,-5.7617,-0.4046,0.0000,131.5173,9.2359,-23.3670,109.2226,-57.1450
6.9300,102.0758,36.6374,-150.4952,0.0000,-4.5077,-0.3166,0.0000,119.0982,8.3637,-23.3542,109.1625,-57.2045
6.9400,102.0758,36.5981,-150.4980,0.0000,-3.3834,-0.2376,0.0000,105.5815,7.4145,-23.3443,109.1163,-57.2502
6.9500,102.0758,36.5693,-150.5000,0.0000,-2.3998,-0.1685,0.0000,90.9415,6.3864,-23.3371,109.0825,-57.2836
6.9600,102.0758,36.5496,-150.5014,0.0000,-1.5684,-0.1101,0.0000,75.1528,5.2776,-23.3321,109.0594,-57.3064
6.9700,102.0758,36.5374,-150.5022,0.0000,-0.9007,-0.0633,0.0000,58.1898,4.0864,-23.3290,109.0450,-57.3206
6.9800,102.0758,36.5310,-150.5027,0.0000,-0.4086,-0.0287,0.0000,40.0270,2.8109,-23.3274,109.0375,-57.3280
6.9900,102.0758,36.5286,-150.5029,0.0000,-0.1042,-0.0073,0.0000,20.6389,1.4494,-23.3268,109.0347,-57.3308
7.0000,102.0758,36.5282,-150.5029,0.0000,0.0000,0.0000,0.0000,0.0000,0.0000,-23.3267,109.0343,-57.3312
7.0100,102.0758,36.5286,-150.5029,0.0000,0.1042,0.0073,0.0000,20.6389,1.4494,-23.3268,109.0347,-57.3308
7.0200,102.0758,36.5310,-150.5027,0.0000,0.4086,0.0287,0.0000,40.0270,2.8109,-23.3274,109.0375,-57.3280
7.0300,102.0758,36.5374,-150.5022,0.0000,0.9007,0.0633,0.0000,58.1898,4.0864,-23.3290,109.0450,-57.3206
7.0400,102.0758,36.5496,-150.5014,0.0000,1.5684,0.1101,0.0000,75.1528,5.2776,-23.3321,109.0594,-57.3064
7.0500,102.0758,36.5693,-150.5000,0.0000,2.3998,0.1685,0.0000,90.9415,6.3864,-23.3371,109.0825,-57.2836
7.0600,102.0758,36.5981,-150.4980,0.0000,3.3834,0.2376,0.0000,105.5815,7.4145,-23.3443,109.1163,-57.2502
7.0700,102.0758,36.6374,-150.4952,0.0000,4.5077,0.3166,0.0000,119.0982,8.3637,-23.3542,109.1625,-57.2045
7.0800,102.0758,36.6887,-150.4916,0.0000,5.7617,0.4046,0.0000,131.5173,9.2359,-23.3670,109.2226,-57.1450
7.0900,102.0758,36.7531,-150.4871,0.0000,7.1345,0.5010,0.0000,142.8643,10.0327,-23.3832,109.2981,-57.0701
7.1000,102.0758,36.8317,-150.4816,0.0000,8.6155,0.6050,0.0000,153.1646,10.7561,-23.4029,109.3902,-56.9785
7.1100,102.0758,36.9257,-150.4750,0.0000,10.1944,0.7159,0.0000,162.4438,11.4077,-23.4264,109.5001,-56.8688
7.1200,102.0758,37.0359,-150.4672,0.0000,11.8611,0.8329,0.0000,170.7275,11.9894,-23.4539,109.6287,-56.7399
7.1300,102.0758,37.1632,-150.4583,0.0000,13.6057,0.9555,0.0000,178.0411,12.5030,-23.4856,109.7770,-56.5907
7.1400,102.0758,37.3082,-150.4481,0.0000,15.4187,1.0828,0.0000,184.4102,12.9503,-23.5217,109.9457,-56.4202
7.1500,102.0758,37.4718,-150.4366,0.0000,17.2908,1.2143,0.0000,189.8603,13.3330,-23.5623,110.1353,-56.2273
7.1600,102.0758,37.6542,-150.4238,0.0000,19.2130,1.3492,0.0000,194.4169,13.6530,-23.6074,110.3464,-56.0113
7.1700,102.0758,37.8561,-150.4096,0.0000,21.1763,1.4871,0.0000,198.1056,13.9121,-23.6573,110.5792,-55.7713
7.1800,102.0758,38.0779,-150.3941,0.0000,23.1723,1.6273,0.0000,200.9519,14.1119,-23.7118,110.8339,-55.5067
7.1900,102.0758,38.3197,-150.3771,0.0000,25.1926,1.7692,0.0000,202.9814,14.2545,-23.7710,111.1107,-55.2167
7.2000,102.0758,38.5818,-150.3587,0.0000,27.2293,1.9122,0.0000,204.2194,14.3414,-23.8349,111.4095,-54.9008
7.2100,102.0758,38.8643,-150.3388,0.0000,29.2744,2.0558,0.0000,204.6917,14.3746,-23.9035,111.7300,-54.5584
7.2200,102.0758,39.1673,-150.3176,0.0000,31.3206,2.1995,0.0000,204.4237,14.3558,-23.9766,112.0721,-54.1891
7.2300,102.0758,39.4907,-150.2949,0.0000,33.3605,2.3428,0.0000,203.4409,14.2867,-24.0543,112.4352,-53.7925
7.2400,102.0758,39.8344,-150.2707,0.0000,35.3871,2.4851,0.0000,201.7688,14.1693,-24.1364,112.8190,-53.3682
7.2500,102.0758,40.1984,-150.2452,0.0000,37.3937,2.6260,0.0000,199.4330,14.0053,-24.2228,113.2227,-52.9159
7.2600,102.0758,40.5822,-150.2182,0.0000,39.3737,2.7650,0.0000,196.4591,13.7964,-24.3133,113.6457,-52.4355
7.2700,102.0758,40.9857,-150.1899,0.0000,41.3208,2.9018,0.0000,192.8725,13.5446,-24.4078,114.0872,-51.9267
7.2800,102.0758,41.4085,-150.1602,0.0000,43.2292,3.0358,0.0000,188.6988,13.2515,-24.5060,114.5462,-51.3896
7.2900,102.0758,41.8502,-150.1292,0.0000,45.0929,3.1667,0.0000,183.9634,12.9189,-24.6077,115.0218,-50.8240
7.3000,102.0758,42.3102,-150.0969,0.0000,46.9067,3.2940,0.0000,178.6920,12.5487,-24.7128,115.5129,-50.2302
7.3100,102.0758,42.7881,-150.0633,0.0000,48.6651,3.4175,0.0000,172.9100,12.1427,-24.8209,116.0183,-49.6081
7.3200,102.0758,43.2833,-150.0285,0.0000,50.3632,3.5368,0.0000,166.6431,11.7026,-24.9319,116.5370,-48.9581
7.3300,102.0758,43.7952,-149.9926,0.0000,51.9964,3.6515,0.0000,159.9166,11.2302,-25.0454,117.0677,-48.2803
7.3400,102.0758,44.3230,-149.9555,0.0000,53.5601,3.7613,0.0000,152.7561,10.7274,-25.1612,117.6089,-47.5753
7.3500,102.0758,44.8661,-149.9174,0.0000,55.0502,3.8659,0.0000,145.1873,10.1958,-25.2790,118.1595,-46.8435
7.3600,102.0758,45.4237,-149.8782,0.0000,56.4626,3.9651,0.0000,137.2355,9.6374,-25.3985,118.7181,-46.0853
7.3700,102.0758,45.9951,-149.8381,0.0000,57.7937,4.0586,0.0000,128.9263,9.0539,-25.5194,119.2832,-45.3015
7.3800,102.0758,46.5793,-149.7970,0.0000,59.0400,4.1461,0.0000,120.2853,8.4471,-25.6414,119.8534,-44.4927
7.3900,102.0758,47.1756,-149.7552,0.0000,60.1984,4.2275,0.0000,111.3379,7.8188,-25.7642,120.4274,-43.6597
7.4000,102.0758,47.7830,-149.7125,0.0000,61.2658,4.3024,0.0000,102.1097,7.1707,-25.8874,121.0036,-42.8035
7.4100,102.0758,48.4006,-149.6691,0.0000,62.2397,4.3708,0.0000,92.6263,6.5047,-26.0109,121.5807,-41.9251
7.4200,102.0758,49.0275,-149.6251,0.0000,63.1176,4.4325,0.0000,82.9131,5.8226,-26.1342,122.1572,-41.0254
7.4300,102.0758,49.6626,-149.5805,0.0000,63.8973,4.4872,0.0000,72.9957,5.1262,-26.2572,122.7318,-40.1057
7.4400,102.0758,50.3051,-149.5354,0.0000,64.5769,4.5349,0.0000,62.8996,4.4172,-26.3794,123.3030,-39.1672
7.4500,102.0758,50.9538,-149.4898,0.0000,65.1548,4.5755,0.0000,52.6503,3.6974,-26.5006,123.8697,-38.2112
7.4600,102.0758,51.6078,-149.4439,0.0000,65.6295,4.6089,0.0000,42.2734,2.9687,-26.6206,124.4305,-37.2391
7.4700,102.0758,52.2661,-149.3977,0.0000,65.9999,4.6349,0.0000,31.7944,2.2328,-26.7390,124.9841,-36.2524
7.4800,102.0758,52.9275,-149.3512,0.0000,66.2651,4.6535,0.0000,21.2388,1.4915,-26.8557,125.5294,-35.2527
7.4900,102.0758,53.5910,-149.3046,0.0000,66.4245,4.6647,0.0000,10.6322,0.7466,-26.9703,126.0652,-34.2416
7.5000,102.0758,54.2556,-149.2580,0.0000,66.4777,4.6684,0.0000,0.0000,0.0000,-27.0827,126.5906,-33.2208
7.5100,102.0758,54.9202,-149.2113,0.0000,66.4245,4.6647,0.0000,-10.6322,-0.7466,-27.1927,127.1045,-32.1920
7.5200,102.0758,55.5838,-149.1647,0.0000,66.2651,4.6535,0.0000,-21.2388,-1.4915,-27.3000,127.6060,-31.1570
7.5300,102.0758,56.2452,-149.1183,0.0000,65.9999,4.6349,0.0000,-31.7944,-2.2328,-27.4044,128.0943,-30.1176
7.5400,102.0758,56.9034,-149.0720,0.0000,65.6295,4.6089,0.0000,-42.2734,-2.9687,-27.5059,128.5687,-29.0759
7.5500,102.0758,57.5574,-149.0261,0.0000,65.1548,4.5755,0.0000,-52.6503,-3.6974,-27.6043,129.0284,-28.0336
7.5600,102.0758,58.2062,-148.9805,0.0000,64.5769,4.5349,0.0000,-62.8996,-4.4172,-27.6994,129.4730,-26.9927
7.5700,102.0758,58.8486,-148.9354,0.0000,63.8973,4.4872,0.0000,-72.9957,-5.1262,-27.7911,129.9019,-25.9552
7.5800,102.0758,59.4838,-148.8908,0.0000,63.1176,4.4325,0.0000,-82.9131,-5.8226,-27.8795,130.3147,-24.9230
7.5900,102.0758,60.1106,-148.8468,0.0000,62.2397,4.3708,0.0000,-92.6263,-6.5047,-27.9643,130.7111,-23.8981
7.6000,102.0758,60.7282,-148.8034,0.0000,61.2658,4.3024,0.0000,-102.1097,-7.1707,-28.0455,131.0908,-22.8826
7.6100,102.0758,61.3356,-148.7608,0.0000,60.1984,4.2275,0.0000,-111.3379,-7.8188,-28.1232,131.4538,-21.8782
7.6200,102.0758,61.9319,-148.7189,0.0000,59.0400,4.1461,0.0000,-120.2853,-8.4471,-28.1972,131.7998,-20.8870
7.6300,102.0758,62.5161,-148.6779,0.0000,57.7937,4.0586,0.0000,-128.9263,-9.0539,-28.2676,132.1291,-19.9109
7.6400,102.0758,63.0875,-148.6378,0.0000,56.4626,3.9651,0.0000,-137.2355,-9.6374,-28.3345,132.4415,-18.9517
7.6500,102.0758,63.6451,-148.5986,0.0000,55.0502,3.8659,0.0000,-145.1873,-10.1958,-28.3977,132.7373,-18.0111
7.6600,102.0758,64.1882,-148.5605,0.0000,53.5601,3.7613,0.0000,-152.7561,-10.7274,-28.4575,133.0166,-17.0911
7.6700,102.0758,64.7161,-148.5234,0.0000,51.9964,3.6515,0.0000,-159.9166,-11.2302,-28.5138,133.2798,-16.1932
7.6800,102.0758,65.2279,-148.4874,0.0000,50.3632,3.5368,0.0000,-166.6431,-11.7026,-28.5667,133.5272,-15.3191
7.6900,102.0758,65.7231,-148.4527,0.0000,48.6651,3.4175,0.0000,-172.9100,-12.1427,-28.6164,133.7591,-14.4703
7.7000,102.0758,66.2010,-148.4191,0.0000,46.9067,3.2940,0.0000,-178.6920,-12.5487,-28.6628,133.9760,-13.6483
7.7100,102.0758,66.6611,-148.3868,0.0000,45.0929,3.1667,0.0000,-183.9634,-12.9189,-28.7060,134.1783,-12.8543
7.7200,102.0758,67.1027,-148.3558,0.0000,43.2292,3.0358,0.0000,-188.6988,-13.2515,-28.7463,134.3666,-12.0898
7.7300,102.0758,67.5255,-148.3261,0.0000,41.3208,2.9018,0.0000,-192.8725,-13.5446,-28.7837,134.5412,-11.3558
7.7400,102.0758,67.9290,-148.2978,0.0000,39.3737,2.7650,0.0000,-196.4591,-13.7964,-28.8183,134.7029,-10.6535
7.7500,102.0758,68.3129,-148.2708,0.0000,37.3937,2.6260,0.0000,-199.4330,-14.0053,-28.8502,134.8521,-9.9836
7.7600,102.0758,68.6768,-148.2452,0.0000,35.3871,2.4851,0.0000,-201.7688,-14.1693,-28.8796,134.9894,-9.3470
7.7700,102.0758,69.0206,-148.2211,0.0000,33.3605,2.3428,0.0000,-203.4409,-14.2867,-28.9065,135.1154,-8.7444
7.7800,102.0758,69.3440,-148.1984,0.0000,31.3206,2.1995,0.0000,-204.4237,-14.3558,-28.9312,135.2306,-8.1764
7.7900,102.0758,69.6469,-148.1771,0.0000,29.2744,2.0558,0.0000,-204.6917,-14.3746,-28.9536,135.3356,-7.6432
7.8000,102.0758,69.9295,-148.1573,0.0000,27.2293,1.9122,0.0000,-204.2194,-14.3414,-28.9740,135.4309,-7.1452
7.8100,102.0758,70.1916,-148.1389,0.0000,25.1926,1.7692,0.0000,-202.9814,-14.2545,-28.9925,135.5172,-6.6825
7.8200,102.0758,70.4334,-148.1219,0.0000,23.1723,1.6273,0.0000,-200.9519,-14.1119,-29.0091,135.5948,-6.2550
7.8300,102.0758,70.6551,-148.1063,0.0000,21.1763,1.4871,0.0000,-198.1056,-13.9121,-29.0240,135.6645,-5.8626
7.8400,102.0758,70.8570,-148.0921,0.0000,19.2130,1.3492,0.0000,-194.4169,-13.6530,-29.0373,135.7266,-5.5048
7.8500,102.0758,71.0395,-148.0793,0.0000,17.2908,1.2143,0.0000,-189.8603,-13.3330,-29.0490,135.7816,-5.1810
7.8600,102.0758,71.2030,-148.0678,0.0000,15.4187,1.0828,0.0000,-184.4102,-12.9503,-29.0594,135.8300,-4.8907
7.8700,102.0758,71.3481,-148.0577,0.0000,13.6057,0.9555,0.0000,-178.0411,-12.5030,-29.0684,135.8723,-4.6329
7.8800,102.0758,71.4753,-148.0487,0.0000,11.8611,0.8329,0.0000,-170.7275,-11.9894,-29.0763,135.9088,-4.4066
7.8900,102.0758,71.5855,-148.0410,0.0000,10.1944,0.7159,0.0000,-162.4438,-11.4077,-29.0829,135.9400,-4.2105
7.9000,102.0758,71.6795,-148.0344,0.0000,8.6155,0.6050,0.0000,-153.1646,-10.7561,-29.0886,135.9664,-4.0432
7.9100,102.0758,71.7582,-148.0289,0.0000,7.1345,0.5010,0.0000,-142.8643,-10.0327,-29.0932,135.9882,-3.9031
7.9200,102.0758,71.8226,-148.0243,0.0000,5.7617,0.4046,0.0000,-131.5173,-9.2359,-29.0970,136.0059,-3.7884
7.9300,102.0758,71.8738,-148.0207,0.0000,4.5077,0.3166,0.0000,-119.0982,-8.3637,-29.1000,136.0199,-3.6971
7.9400,102.0758,71.9131,-148.0180,0.0000,3.3834,0.2376,0.0000,-105.5815,-7.4145,-29.1023,136.0306,-3.6270
7.9500,102.0758,71.9419,-148.0159,0.0000,2.3998,0.1685,0.0000,-90.9415,-6.3864,-29.1040,136.0384,-3.5756
7.9600,102.0758,71.9616,-148.0146,0.0000,1.5684,0.1101,0.0000,-75.1528,-5.2776,-29.1051,136.0437,-3.5405
7.9700,102.0758,71.9739,-148.0137,0.0000,0.9007,0.0633,0.0000,-58.1898,-4.0864,-29.1058,136.0470,-3.5187
7.9800,102.0758,71.9802,-148.0133,0.0000,0.4086,0.0287,0.0000,-40.0270,-2.8109,-29.1062,136.0487,-3.5073
7.9900,102.0758,71.9826,-148.0131,0.0000,0.1042,0.0073,0.0000,-20.6389,-1.4494,-29.1063,136.0494,-3.5030
8.0000,102.0758,71.9830,-148.0131,0.0000,0.0000,0.0000,0.0000,0.0000,0.0000,-29.1064,136.0495,-3.5024
8.0100,102.0750,71.9830,-148.0130,-0.2309,-0.0066,0.0237,-45.7059,-1.2978,4.7018,-29.1046,136.0501,-3.5024
8.0200,102.0697,71.9828,-148.0124,-0.9049,-0.0257,0.0931,-88.6418,-2.5170,9.1187,-29.0923,136.0544,-3.5022
8.0300,102.0555,71.9824,-148.0110,-1.9947,-0.0566,0.2052,-128.8642,-3.6592,13.2564,-29.0596,136.0659,-3.5018
8.0400,102.0285,71.9817,-148.0082,-3.4733,-0.0986,0.3573,-166.4295,-4.7258,17.1208,-28.9971,136.0879,-3.5010
8.0500,101.9849,71.9804,-148.0037,-5.3146,-0.1509,0.5467,-201.3944,-5.7187,20.7176,-28.8963,136.1232,-3.4998
8.0600,101.9211,71.9786,-147.9971,-7.4927,-0.2128,0.7708,-233.8154,-6.6393,24.0528,-28.7489,136.1748,-3.4979
8.0700,101.8340,71.9761,-147.9882,-9.9826,-0.2835,1.0269,-263.7490,-7.4893,27.1321,-28.5474,136.2449,-3.4954
8.0800,101.7205,71.9729,-147.9765,-12.7596,-0.3623,1.3126,-291.2517,-8.2702,29.9613,-28.2846,136.3359,-3.4921
8.0900,101.5779,71.9689,-147.9618,-15.7997,-0.4486,1.6253,-316.3801,-8.9838,32.5463,-27.9542,136.4494,-3.4880
8.1000,101.4037,71.9639,-147.9439,-19.0795,-0.5418,1.9627,-339.1906,-9.6315,34.8928,-27.5499,136.5870,-3.4829
8.1100,101.1956,71.9580,-147.9225,-22.5760,-0.6411,2.3224,-359.7399,-10.2150,37.0068,-27.0662,136.7498,-3.4769
8.1200,100.9515,71.9511,-147.8974,-26.2669,-0.7459,2.7021,-378.0845,-10.7359,38.8939,-26.4979,136.9386,-3.4698
8.1300,100.6697,71.9431,-147.8684,-30.1305,-0.8556,3.0996,-394.2808,-11.1958,40.5600,-25.8403,137.1536,-3.4615
8.1400,100.3484,71.9339,-147.8354,-34.1456,-0.9696,3.5126,-408.3855,-11.5963,42.0110,-25.0888,137.3949,-3.4521
8.1500,99.9863,71.9237,-147.7981,-38.2914,-1.0873,3.9391,-420.4551,-11.9390,43.2526,-24.2396,137.6618,-3.4415
8.1600,99.5822,71.9122,-147.7565,-42.5481,-1.2082,4.3770,-430.5460,-12.2255,44.2906,-23.2890,137.9536,-3.4296
8.1700,99.1351,71.8995,-147.7105,-46.8960,-1.3316,4.8242,-438.7148,-12.4575,45.1310,-22.2338,138.2687,-3.4163
8.1800,98.6440,71.8856,-147.6600,-51.3162,-1.4571,5.2789,-445.0181,-12.6365,45.7794,-21.0711,138.6054,-3.4018
8.1900,98.1086,71.8703,-147.6050,-55.7903,-1.5842,5.7392,-449.5124,-12.7641,46.2417,-19.7983,138.9615,-3.3858
8.2000,97.5281,71.8539,-147.5452,-60.3006,-1.7123,6.2032,-452.2542,-12.8420,46.5238,-18.4133,139.3342,-3.3684
8.2100,96.9025,71.8361,-147.4809,-64.8297,-1.8409,6.6691,-453.3000,-12.8717,46.6314,-16.9142,139.7204,-3.3495
8.2200,96.2315,71.8170,-147.4119,-69.3611,-1.9695,7.1352,-452.7064,-12.8548,46.5703,-15.2995,140.1166,-3.3292
8.2300,95.5153,71.7967,-147.3382,-73.8786,-2.0978,7.6000,-450.5300,-12.7930,46.3464,-13.5683,140.5188,-3.3074
8.2400,94.7540,71.7751,-147.2599,-78.3666,-2.2253,8.0616,-446.8271,-12.6879,45.9655,-11.7198,140.9228,-3.2841
8.2500,93.9481,71.7522,-147.1770,-82.8102,-2.3514,8.5188,-441.6545,-12.5410,45.4334,-9.7538,141.3239,-3.2592
8.2600,93.0980,71.7281,-147.0895,-87.1950,-2.4759,8.9698,-435.0685,-12.3540,44.7559,-7.6703,141.7172,-3.2328
8.2700,92.2045,71.7027,-146.9976,-91.5071,-2.5984,9.4134,-427.1258,-12.1284,43.9388,-5.4699,142.0973,-3.2049
8.2800,91.2682,71.6761,-146.9013,-95.7332,-2.7184,9.8482,-417.8829,-11.8660,42.9880,-3.1537,142.4588,-3.1754
8.2900,90.2901,71.6483,-146.8007,-99.8606,-2.8356,10.2727,-407.3962,-11.5682,41.9092,-0.7231,142.7959,-3.1443
8.3000,89.2713,71.6194,-146.6959,-103.8771,-2.9496,10.6859,-395.7224,-11.2367,40.7083,1.8200,143.1028,-3.1117
8.3100,88.2130,71.5894,-146.5870,-107.7713,-3.0602,11.0865,-382.9180,-10.8731,39.3911,4.4731,143.3734,-3.0776
8.3200,87.1164,71.5582,-146.4742,-111.5319,-3.1670,11.4734,-369.0394,-10.4790,37.9634,7.2334,143.6017,-3.0419
8.3300,85.9828,71.5260,-146.3576,-115.1486,-3.2697,11.8454,-354.1433,-10.0561,36.4310,10.0975,143.7816,-3.0047
8.3400,84.8139,71.4928,-146.2373,-118.6116,-3.3680,12.2017,-338.2861,-9.6058,34.7998,13.0614,143.9070,-2.9660
8.3500,83.6111,71.4587,-146.1136,-121.9114,-3.4617,12.5411,-321.5245,-9.1298,33.0755,16.1207,143.9720,-2.9259
8.3600,82.3762,71.4236,-145.9866,-125.0392,-3.5505,12.8629,-303.9148,-8.6298,31.2640,19.2705,143.9707,-2.8842
8.3700,81.1110,71.3877,-145.8564,-127.9870,-3.6342,13.1661,-285.5137,-8.1073,29.3711,22.5056,143.8977,-2.8412
8.3800,79.8171,71.3510,-145.7233,-130.7471,-3.7126,13.4501,-266.3777,-7.5639,27.4025,25.8199,143.7475,-2.7968
8.3900,78.4967,71.3135,-145.5875,-133.3123,-3.7855,13.7140,-246.5633,-7.0013,25.3642,29.2072,143.5151,-2.7510
8.4000,77.1516,71.2753,-145.4491,-135.6763,-3.8526,13.9571,-226.1271,-6.4210,23.2619,32.6607,143.1961,-2.7039
8.4100,75.7838,71.2364,-145.3084,-137.8330,-3.9138,14.1790,-205.1255,-5.8246,21.1014,36.1733,142.7861,-2.6556
8.4200,74.3956,71.1970,-145.1656,-139.7771,-3.9690,14.3790,-183.6152,-5.2138,18.8887,39.7374,142.2814,-2.6060
8.4300,72.9890,71.1571,-145.0209,-141.5038,-4.0181,14.5566,-161.6526,-4.5902,16.6293,43.3453,141.6791,-2.5553
8.4400,71.5663,71.1167,-144.8745,-143.0088,-4.0608,14.7114,-139.2943,-3.9553,14.3293,46.9888,140.9764,-2.5036
8.4500,70.1296,71.0759,-144.7267,-144.2885,-4.0971,14.8431,-116.5968,-3.3108,11.9944,50.6595,140.1714,-2.4508
8.4600,68.6813,71.0347,-144.5777,-145.3398,-4.1270,14.9512,-93.6166,-2.6583,9.6304,54.3488,139.2629,-2.3970
8.4700,67.2236,70.9934,-144.4278,-146.1601,-4.1503,15.0356,-70.4103,-1.9993,7.2432,58.0481,138.2501,-2.3424
8.4800,65.7588,70.9518,-144.2771,-146.7474,-4.1670,15.0960,-47.0344,-1.3356,4.8385,61.7486,137.1332,-2.2870
8.4900,64.2894,70.9100,-144.1259,-147.1004,-4.1770,15.1324,-23.5455,-0.6686,2.4221,65.4414,135.9129,-2.2308
8.5000,62.8176,70.8682,-143.9745,-147.2182,-4.1803,15.1445,-0.0000,0.0000,0.0000,69.1180,134.5908,-2.1741
8.5100,61.3458,70.8265,-143.8231,-147.1004,-4.1770,15.1324,23.5455,0.6686,-2.4221,72.7695,133.1690,-2.1167
8.5200,59.8764,70.7847,-143.6720,-146.7474,-4.1670,15.0960,47.0344,1.3356,-4.8385,76.3876,131.6505,-2.0590
8.5300,58.4117,70.7431,-143.5213,-146.1601,-4.1503,15.0356,70.4103,1.9993,-7.2432,79.9640,130.0389,-2.0009
8.5400,56.9540,70.7017,-143.3713,-145.3398,-4.1270,14.9512,93.6166,2.6583,-9.6304,83.4907,128.3385,-1.9425
8.5500,55.5056,70.6606,-143.2223,-144.2885,-4.0971,14.8431,116.5968,3.3108,-11.9944,86.9600,126.5543,-1.8840
8.5600,54.0690,70.6198,-143.0746,-143.0088,-4.0608,14.7114,139.2943,3.9553,-14.3293,90.3648,124.6917,-1.8255
8.5700,52.6462,70.5794,-142.9282,-141.5038,-4.0181,14.5566,161.6526,4.5902,-16.6293,93.6980,122.7570,-1.7670
8.5800,51.2396,70.5395,-142.7835,-139.7771,-3.9690,14.3790,183.6152,5.2138,-18.8887,96.9535,120.7567,-1.7087
8.5900,49.8514,70.5001,-142.6407,-137.8330,-3.9138,14.1790,205.1255,5.8246,-21.1014,100.1253,118.6980,-1.6506
8.6000,48.4837,70.4612,-142.5000,-135.6763,-3.8526,13.9571,226.1271,6.4210,-23.2619,103.2080,116.5884,-1.5930
8.6100,47.1386,70.4230,-142.3616,-133.3123,-3.7855,13.7140,246.5633,7.0013,-25.3642,106.1969,114.4358,-1.5359
8.6200,45.8181,70.3855,-142.2258,-130.7471,-3.7126,13.4501,266.3777,7.5639,-27.4025,109.0878,112.2483,-1.4793
8.6300,44.5243,70.3488,-142.0927,-127.9870,-3.6342,13.1661,285.5137,8.1073,-29.3711,111.8770,110.0344,-1.4235
8.6400,43.2590,70.3129,-141.9625,-125.0392,-3.5505,12.8629,303.9148,8.6298,-31.2640,114.5616,107.8026,-1.3685
8.6500,42.0241,70.2778,-141.8355,-121.9114,-3.4617,12.5411,321.5245,9.1298,-33.0755,117.1390,105.5616,-1.3145
8.6600,40.8213,70.2437,-141.7118,-118.6116,-3.3680,12.2017,338.2861,9.6058,-34.7998,119.6074,103.3200,-1.2615
8.6700,39.6524,70.2105,-141.5915,-115.1486,-3.2697,11.8454,354.1433,10.0561,-36.4310,121.9654,101.0865,-1.2097
8.6800,38.5189,70.1783,-141.4749,-111.5319,-3.1670,11.4734,369.0394,10.4790,-37.9634,124.2123,98.8697,-1.1591
8.6900,37.4222,70.1471,-141.3621,-107.7713,-3.0602,11.0865,382.9180,10.8731,-39.3911,126.3478,96.6779,-1.1098
8.7000,36.3639,70.1171,-141.2532,-103.8771,-2.9496,10.6859,395.7224,11.2367,-40.7083,128.3722,94.5193,-1.0620
8.7100,35.3451,70.0882,-141.1484,-99.8606,-2.8356,10.2727,407.3962,11.5682,-41.9092,130.2861,92.4018,-1.0157
8.7200,34.3670,70.0604,-141.0478,-95.7332,-2.7184,9.8482,417.8829,11.8660,-42.9880,132.0907,90.3329,-0.9710
8.7300,33.4308,70.0338,-140.9515,-91.5071,-2.5984,9.4134,427.1258,12.1284,-43.9388,133.7875,88.3197,-0.9280
8.7400,32.5372,70.0084,-140.8596,-87.1950,-2.4759,8.9698,435.0685,12.3540,-44.7559,135.3783,86.3691,-0.8868
8.7500,31.6871,69.9843,-140.7721,-82.8102,-2.3514,8.5188,441.6545,12.5410,-45.4334,136.8653,84.4872,-0.8474
8.7600,30.8812,69.9614,-140.6892,-78.3666,-2.2253,8.0616,446.8271,12.6879,-45.9655,138.2509,82.6798,-0.8099
8.7700,30.1199,69.9398,-140.6109,-73.8786,-2.0978,7.6000,450.5300,12.7930,-46.3464,139.5377,80.9520,-0.7743
8.7800,29.4037,69.9194,-140.5372,-69.3611,-1.9695,7.1352,452.7064,12.8548,-46.5703,140.7287,79.3086,-0.7407
8.7900,28.7328,69.9004,-140.4682,-64.8297,-1.8409,6.6691,453.3000,12.8717,-46.6314,141.8269,77.7534,-0.7091
8.8000,28.1071,69.8826,-140.4038,-60.3006,-1.7123,6.2032,452.2542,12.8420,-46.5238,142.8355,76.2898,-0.6795
8.8100,27.5267,69.8661,-140.3441,-55.7903,-1.5842,5.7392,449.5124,12.7641,-46.2417,143.7576,74.9206,-0.6520
8.8200,26.9912,69.8509,-140.2890,-51.3162,-1.4571,5.2789,445.0181,12.6365,-45.7794,144.5967,73.6477,-0.6265
8.8300,26.5002,69.8370,-140.2385,-46.8960,-1.3316,4.8242,438.7148,12.4575,-45.1310,145.3562,72.4725,-0.6031
8.8400,26.0530,69.8243,-140.1925,-42.5481,-1.2082,4.3770,430.5460,12.2255,-44.2906,146.0395,71.3956,-0.5818
8.8500,25.6489,69.8128,-140.1510,-38.2914,-1.0873,3.9391,420.4551,11.9390,-43.2526,146.6502,70.4170,-0.5624
8.8600,25.2868,69.8025,-140.1137,-34.1456,-0.9696,3.5126,408.3855,11.5963,-42.0110,147.1918,69.5359,-0.5450
8.8700,24.9656,69.7934,-140.0807,-30.1305,-0.8556,3.0996,394.2808,11.1958,-40.5600,147.6680,68.7507,-0.5296
8.8800,24.6837,69.7854,-140.0517,-26.2669,-0.7459,2.7021,378.0845,10.7359,-38.8939,148.0822,68.0592,-0.5160
8.8900,24.4396,69.7785,-140.0266,-22.5760,-0.6411,2.3224,359.7399,10.2150,-37.0068,148.4383,67.4585,-0.5042
8.9000,24.2315,69.7726,-140.0052,-19.0795,-0.5418,1.9627,339.1906,9.6315,-34.8928,148.7400,66.9449,-0.4942
8.9100,24.0573,69.7676,-139.9872,-15.7997,-0.4486,1.6253,316.3801,8.9838,-32.5463,148.9912,66.5139,-0.4858
8.9200,23.9147,69.7636,-139.9726,-12.7596,-0.3623,1.3126,291.2517,8.2702,-29.9613,149.1959,66.1605,-0.4789
8.9300,23.8013,69.7604,-139.9609,-9.9826,-0.2835,1.0269,263.7490,7.4893,-27.1321,149.3582,65.8788,-0.4734
8.9400,23.7141,69.7579,-139.9519,-7.4927,-0.2128,0.7708,233.8154,6.6393,-24.0528,149.4824,65.6622,-0.4692
8.9500,23.6504,69.7561,-139.9454,-5.3146,-0.1509,0.5467,201.3944,5.7187,-20.7176,149.5732,65.5036,-0.4661
8.9600,23.6067,69.7548,-139.9409,-3.4733,-0.0986,0.3573,166.4295,4.7258,-17.1208,149.6352,65.3949,-0.4640
8.9700,23.5797,69.7541,-139.9381,-1.9947,-0.0566,0.2052,128.8642,3.6592,-13.2564,149.6735,65.3276,-0.4627
8.9800,23.5655,69.7537,-139.9366,-0.9049,-0.0257,0.0931,88.6418,2.5170,-9.1187,149.6936,65.2923,-0.4620
8.9900,23.5602,69.7535,-139.9361,-0.2309,-0.0066,0.0237,45.7059,1.2978,-4.7018,149.7012,65.2791,-0.4617
9.0000,23.5594,69.7535,-139.9360,0.0000,0.0000,0.0000,-0.0000,0.0000,0.0000,149.7023,65.2771,-0.4617
9.0100,23.5594,69.7532,-139.9360,0.0000,-0.0888,-0.0063,0.0000,-17.5761,-1.2436,149.7022,65.2771,-0.4624
9.0200,23.5594,69.7511,-139.9362,0.0000,-0.3480,-0.0246,0.0000,-34.0869,-2.4118,149.7018,65.2769,-0.4669
9.0300,23.5594,69.7457,-139.9366,0.0000,-0.7670,-0.0543,0.0000,-49.5543,-3.5062,149.7007,65.2765,-0.4790
9.0400,23.5594,69.7353,-139.9373,0.0000,-1.3357,-0.0945,0.0000,-63.9999,-4.5282,149.6986,65.2756,-0.5022
9.0500,23.5594,69.7185,-139.9385,0.0000,-2.0437,-0.1446,0.0000,-77.4456,-5.4796,149.6953,65.2741,-0.5396
9.0600,23.5594,69.6940,-139.9402,0.0000,-2.8813,-0.2039,0.0000,-89.9130,-6.3617,149.6904,65.2720,-0.5942
9.0700,23.5594,69.6605,-139.9426,0.0000,-3.8388,-0.2716,0.0000,-101.4238,-7.1761,149.6836,65.2690,-0.6688
9.0800,23.5594,69.6169,-139.9457,0.0000,-4.9067,-0.3472,0.0000,-111.9999,-7.9244,149.6747,65.2651,-0.7660
9.0900,23.5594,69.5620,-139.9496,0.0000,-6.0757,-0.4299,0.0000,-121.6629,-8.6081,149.6635,65.2602,-0.8881
9.1000,23.5594,69.4950,-139.9543,0.0000,-7.3369,-0.5191,0.0000,-130.4347,-9.2288,149.6496,65.2542,-1.0372
9.1100,23.5594,69.4150,-139.9600,0.0000,-8.6815,-0.6143,0.0000,-138.3368,-9.7879,149.6328,65.2468,-1.2153
9.1200,23.5594,69.3212,-139.9666,0.0000,-10.1009,-0.7147,0.0000,-145.3912,-10.2870,149.6127,65.2381,-1.4240
9.1300,23.5594,69.2128,-139.9743,0.0000,-11.5866,-0.8198,0.0000,-151.6194,-10.7277,149.5892,65.2279,-1.6651
9.1400,23.5594,69.0892,-139.9830,0.0000,-13.1306,-0.9290,0.0000,-157.0433,-11.1114,149.5619,65.2159,-1.9397
9.1500,23.5594,68.9500,-139.9929,0.0000,-14.7248,-1.0418,0.0000,-161.6846,-11.4398,149.5304,65.2022,-2.2490
9.1600,23.5594,68.7946,-140.0039,0.0000,-16.3617,-1.1577,0.0000,-165.5651,-11.7144,149.4944,65.1865,-2.5941
9.1700,23.5594,68.6226,-140.0160,0.0000,-18.0337,-1.2760,0.0000,-168.7064,-11.9366,149.4536,65.1687,-2.9757
9.1800,23.5594,68.4338,-140.0294,0.0000,-19.7335,-1.3962,0.0000,-171.1303,-12.1081,149.4075,65.1486,-3.3944
9.1900,23.5594,68.2279,-140.0440,0.0000,-21.4540,-1.5180,0.0000,-172.8585,-12.2304,149.3557,65.1260,-3.8507
9.2000,23.5594,68.0047,-140.0597,0.0000,-23.1884,-1.6407,0.0000,-173.9129,-12.3050,149.2978,65.1008,-4.3449
9.2100,23.5594,67.7641,-140.0768,0.0000,-24.9301,-1.7639,0.0000,-174.3150,-12.3335,149.2334,65.0727,-4.8771
9.2200,23.5594,67.5061,-140.0950,0.0000,-26.6726,-1.8872,0.0000,-174.0868,-12.3173,149.1620,65.0416,-5.4472
9.2300,23.5594,67.2307,-140.1145,0.0000,-28.4098,-2.0101,0.0000,-173.2498,-12.2581,149.0830,65.0071,-6.0551
9.2400,23.5594,66.9379,-140.1352,0.0000,-30.1356,-2.1322,0.0000,-171.8259,-12.1574,148.9961,64.9692,-6.7004
9.2500,23.5594,66.6280,-140.1572,0.0000,-31.8444,-2.2531,0.0000,-169.8368,-12.0166,148.9007,64.9276,-7.3827
9.2600,23.5594,66.3011,-140.1803,0.0000,-33.5305,-2.3724,0.0000,-167.3042,-11.8374,148.7963,64.8821,-8.1014
9.2700,23.5594,65.9575,-140.2046,0.0000,-35.1887,-2.4897,0.0000,-164.2498,-11.6213,148.6824,64.8324,-8.8556
9.2800,23.5594,65.5975,-140.2301,0.0000,-36.8139,-2.6047,0.0000,-160.6955,-11.3698,148.5584,64.7784,-9.6446
9.2900,23.5594,65.2214,-140.2567,0.0000,-38.4011,-2.7170,0.0000,-156.6629,-11.0845,148.4239,64.7197,-10.4673
9.3000,23.5594,64.8296,-140.2844,0.0000,-39.9456,-2.8263,0.0000,-152.1738,-10.7669,148.2785,64.6563,-11.3226
9.3100,23.5594,64.4226,-140.3132,0.0000,-41.4431,-2.9323,0.0000,-147.2499,-10.4185,148.1215,64.5879,-12.2092
9.3200,23.5594,64.0009,-140.3430,0.0000,-42.8892,-3.0346,0.0000,-141.9129,-10.0409,147.9526,64.5142,-13.1260
9.3300,23.5594,63.5650,-140.3739,0.0000,-44.2800,-3.1330,0.0000,-136.1846,-9.6356,147.7714,64.4352,-14.0714
9.3400,23.5594,63.1155,-140.4057,0.0000,-45.6117,-3.2272,0.0000,-130.0868,-9.2042,147.5774,64.3506,-15.0439
9.3500,23.5594,62.6530,-140.4384,0.0000,-46.8806,-3.3170,0.0000,-123.6412,-8.7481,147.3704,64.2604,-16.0419
9.3600,23.5594,62.1781,-140.4720,0.0000,-48.0834,-3.4021,0.0000,-116.8694,-8.2690,147.1500,64.1642,-17.0638
9.3700,23.5594,61.6915,-140.5064,0.0000,-49.2170,-3.4823,0.0000,-109.7934,-7.7683,146.9159,64.0622,-18.1077
9.3800,23.5594,61.1940,-140.5416,0.0000,-50.2784,-3.5574,0.0000,-102.4347,-7.2477,146.6680,63.9541,-19.1719
9.3900,23.5594,60.6862,-140.5776,0.0000,-51.2648,-3.6272,0.0000,-94.8151,-6.7085,146.4061,63.8399,-20.2545
9.4000,23.5594,60.1690,-140.6142,0.0000,-52.1739,-3.6915,0.0000,-86.9564,-6.1525,146.1301,63.7195,-21.3536
9.4100,23.5594,59.6430,-140.6514,0.0000,-53.0032,-3.7502,0.0000,-78.8804,-5.5811,145.8400,63.5930,-22.4672
9.4200,23.5594,59.1092,-140.6891,0.0000,-53.7508,-3.8031,0.0000,-70.6086,-4.9958,145.5358,63.4604,-23.5933
9.4300,23.5594,58.5683,-140.7274,0.0000,-54.4148,-3.8501,0.0000,-62.1630,-4.3983,145.2176,63.3216,-24.7300
9.4400,23.5594,58.0212,-140.7661,0.0000,-54.9936,-3.8910,0.0000,-53.5652,-3.7899,144.8856,63.1769,-25.8750
9.4500,23.5594,57.4687,-140.8052,0.0000,-55.4857,-3.9258,0.0000,-44.8369,-3.1724,144.5401,63.0262,-27.0265
9.4600,23.5594,56.9117,-140.8446,0.0000,-55.8899,-3.9544,0.0000,-36.0000,-2.5471,144.1813,62.8698,-28.1823
9.4700,23.5594,56.3512,-140.8843,0.0000,-56.2054,-3.9768,0.0000,-27.0761,-1.9157,143.8097,62.7077,-29.3403
9.4800,23.5594,55.7879,-140.9241,0.0000,-56.4312,-3.9927,0.0000,-18.0869,-1.2797,143.4258,62.5403,-30.4987
9.4900,23.5594,55.2229,-140.9641,0.0000,-56.5670,-4.0023,0.0000,-9.0543,-0.6406,143.0301,62.3678,-31.6552
9.5000,23.5594,54.6569,-141.0042,0.0000,-56.6123,-4.0055,0.0000,-0.0000,0.0000,142.6232,62.1904,-32.8079
9.5100,23.5594,54.0909,-141.0442,0.0000,-56.5670,-4.0023,0.0000,9.0543,0.6406,142.2058,62.0084,-33.9548
9.5200,23.5594,53.5259,-141.0842,0.0000,-56.4312,-3.9927,0.0000,18.0869,1.2797,141.7787,61.8221,-35.0941
9.5300,23.5594,52.9626,-141.1240,0.0000,-56.2054,-3.9768,0.0000,27.0761,1.9157,141.3427,61.6320,-36.2237
9.5400,23.5594,52.4020,-141.1637,0.0000,-55.8899,-3.9544,0.0000,36.0000,2.5471,140.8987,61.4384,-37.3419
9.5500,23.5594,51.8451,-141.2031,0.0000,-55.4857,-3.9258,0.0000,44.8369,3.1724,140.4475,61.2417,-38.4469
9.5600,23.5594,51.2926,-141.2422,0.0000,-54.9936,-3.8910,0.0000,53.5652,3.7899,139.9903,61.0423,-39.5370
9.5700,23.5594,50.7455,-141.2809,0.0000,-54.4148,-3.8501,0.0000,62.1630,4.3983,139.5281,60.8407,-40.6104
9.5800,23.5594,50.2046,-141.3192,0.0000,-53.7508,-3.8031,0.0000,70.6086,4.9958,139.0619,60.6375,-41.6656
9.5900,23.5594,49.6708,-141.3569,0.0000,-53.0032,-3.7502,0.0000,78.8804,5.5811,138.5929,60.4329,-42.7012
9.6000,23.5594,49.1448,-141.3942,0.0000,-52.1739,-3.6915,0.0000,86.9564,6.1525,138.1222,60.2277,-43.7155
9.6100,23.5594,48.6276,-141.4308,0.0000,-51.2648,-3.6272,0.0000,94.8151,6.7085,137.6510,60.0223,-44.7074
9.6200,23.5594,48.1198,-141.4667,0.0000,-50.2784,-3.5574,0.0000,102.4347,7.2477,137.1806,59.8171,-45.6754
9.6300,23.5594,47.6222,-141.5019,0.0000,-49.2170,-3.4823,0.0000,109.7934,7.7683,136.7121,59.6128,-46.6184
9.6400,23.5594,47.1357,-141.5363,0.0000,-48.0834,-3.4021,0.0000,116.8694,8.2690,136.2468,59.4099,-47.5353
9.6500,23.5594,46.6608,-141.5699,0.0000,-46.8806,-3.3170,0.0000,123.6412,8.7481,135.7858,59.2089,-48.4251
9.6600,23.5594,46.1983,-141.6026,0.0000,-45.6117,-3.2272,0.0000,130.0868,9.2042,135.3304,59.0104,-49.2867
9.6700,23.5594,45.7488,-141.6344,0.0000,-44.2800,-3.1330,0.0000,136.1846,9.6356,134.8819,58.8148,-50.1195
9.6800,23.5594,45.3129,-141.6653,0.0000,-42.8892,-3.0346,0.0000,141.9129,10.0409,134.4412,58.6226,-50.9225
9.6900,23.5594,44.8912,-141.6951,0.0000,-41.4431,-2.9323,0.0000,147.2499,10.4185,134.0097,58.4345,-51.6951
9.7000,23.5594,44.4842,-141.7239,0.0000,-39.9456,-2.8263,0.0000,152.1738,10.7669,133.5884,58.2508,-52.4367
9.7100,23.5594,44.0924,-141.7516,0.0000,-38.4011,-2.7170,0.0000,156.6629,11.0845,133.1784,58.0720,-53.1469
9.7200,23.5594,43.7163,-141.7782,0.0000,-36.8139,-2.6047,0.0000,160.6955,11.3698,132.7806,57.8985,-53.8252
9.7300,23.5594,43.3563,-141.8037,0.0000,-35.1887,-2.4897,0.0000,164.2498,11.6213,132.3961,57.7309,-54.4713
9.7400,23.5594,43.0127,-141.8280,0.0000,-33.5305,-2.3724,0.0000,167.3042,11.8374,132.0257,57.5694,-55.0849
9.7500,23.5594,42.6858,-141.8512,0.0000,-31.8444,-2.2531,0.0000,169.8368,12.0166,131.6703,57.4144,-55.6660
9.7600,23.5594,42.3758,-141.8731,0.0000,-30.1356,-2.1322,0.0000,171.8259,12.1574,131.3307,57.2663,-56.2145
9.7700,23.5594,42.0831,-141.8938,0.0000,-28.4098,-2.0101,0.0000,173.2498,12.2581,131.0074,57.1253,-56.7303
9.7800,23.5594,41.8077,-141.9133,0.0000,-26.6726,-1.8872,0.0000,174.0868,12.3173,130.7011,56.9918,-57.2136
9.7900,23.5594,41.5497,-141.9315,0.0000,-24.9301,-1.7639,0.0000,174.3150,12.3335,130.4123,56.8658,-57.6647
9.8000,23.5594,41.3091,-141.9486,0.0000,-23.1884,-1.6407,0.0000,173.9129,12.3050,130.1413,56.7477,-58.0838
9.8100,23.5594,41.0859,-141.9644,0.0000,-21.4540,-1.5180,0.0000,172.8585,12.2304,129.8885,56.6374,-58.4712
9.8200,23.5594,40.8800,-141.9789,0.0000,-19.7335,-1.3962,0.0000,171.1303,12.1081,129.6541,56.5352,-58.8276
9.8300,23.5594,40.6911,-141.9923,0.0000,-18.0337,-1.2760,0.0000,168.7064,11.9366,129.4382,56.4411,-59.1533
9.8400,23.5594,40.5192,-142.0045,0.0000,-16.3617,-1.1577,0.0000,165.5651,11.7144,129.2407,56.3550,-59.4492
9.8500,23.5594,40.3638,-142.0155,0.0000,-14.7248,-1.0418,0.0000,161.6846,11.4398,129.0615,56.2768,-59.7159
9.8600,23.5594,40.2245,-142.0253,0.0000,-13.1306,-0.9290,0.0000,157.0433,11.1114,128.9005,56.2066,-59.9544
9.8700,23.5594,40.1010,-142.0340,0.0000,-11.5866,-0.8198,0.0000,151.6194,10.7277,128.7571,56.1441,-60.1655
9.8800,23.5594,39.9926,-142.0417,0.0000,-10.1009,-0.7147,0.0000,145.3912,10.2870,128.6310,56.0891,-60.3504
9.8900,23.5594,39.8988,-142.0484,0.0000,-8.6815,-0.6143,0.0000,138.3368,9.7879,128.5216,56.0414,-60.5103
9.9000,23.5594,39.8187,-142.0540,0.0000,-7.3369,-0.5191,0.0000,130.4347,9.2288,128.4281,56.0006,-60.6464
9.9100,23.5594,39.7517,-142.0588,0.0000,-6.0757,-0.4299,0.0000,121.6629,8.6081,128.3497,55.9664,-60.7603
9.9200,23.5594,39.6969,-142.0626,0.0000,-4.9067,-0.3472,0.0000,111.9999,7.9244,128.2855,55.9384,-60.8533
9.9300,23.5594,39.6533,-142.0657,0.0000,-3.8388,-0.2716,0.0000,101.4238,7.1761,128.2343,55.9161,-60.9274
9.9400,23.5594,39.6198,-142.0681,0.0000,-2.8813,-0.2039,0.0000,89.9130,6.3617,128.1949,55.8989,-60.9842
9.9500,23.5594,39.5953,-142.0698,0.0000,-2.0437,-0.1446,0.0000,77.4456,5.4796,128.1661,55.8864,-61.0257
9.9600,23.5594,39.5785,-142.0710,0.0000,-1.3357,-0.0945,0.0000,63.9999,4.5282,128.1464,55.8778,-61.0542
9.9700,23.5594,39.5681,-142.0718,0.0000,-0.7670,-0.0543,0.0000,49.5543,3.5062,128.1342,55.8725,-61.0718
9.9800,23.5594,39.5626,-142.0721,0.0000,-0.3480,-0.0246,0.0000,34.0869,2.4118,128.1278,55.8697,-61.0810
9.9900,23.5594,39.5606,-142.0723,0.0000,-0.0888,-0.0063,0.0000,17.5761,1.2436,128.1253,55.8686,-61.0844
10.0000,23.5594,39.5603,-142.0723,0.0000,-0.0000,0.0000,0.0000,0.0000,0.0000,128.1250,55.8685,-61.0849
10.0100,23.5594,39.5606,-142.0723,0.0000,0.0888,0.0063,0.0000,17.5761,1.2436,128.1253,55.8686,-61.0844
10.0200,23.5594,39.5626,-142.0721,0.0000,0.3480,0.0246,0.0000,34.0869,2.4118,128.1278,55.8697,-61.0810
10.0300,23.5594,39.5681,-142.0718,0.0000,0.7670,0.0543,0.0000,49.5543,3.5062,128.1342,55.8725,-61.0718
10.0400,23.5594,39.5785,-142.0710,0.0000,1.3357,0.0945,0.0000,63.9999,4.5282,128.1464,55.8778,-61.0542
10.0500,23.5594,39.5953,-142.0698,0.0000,2.0437,0.1446,0.0000,77.4456,5.4796,128.1661,55.8864,-61.0257
10.0600,23.5594,39.6198,-142.0681,0.0000,2.8813,0.2039,0.0000,89.9130,6.3617,128.1949,55.8989,-60.9842
10.0700,23.5594,39.6533,-142.0657,0.0000,3.8388,0.2716,0.0000,101.4238,7.1761,128.2343,55.9161,-60.9274
10.0800,23.5594,39.6969,-142.0626,0.0000,4.9067,0.3472,0.0000,111.9999,7.9244,128.2855,55.9384,-60.8533
10.0900,23.5594,39.7517,-142.0588,0.0000,6.0757,0.4299,0.0000,121.6629,8.6081,128.3497,55.9664,-60.7603
10.1000,23.5594,39.8187,-142.0540,0.0000,7.3369,0.5191,0.0000,130.4347,9.2288,128.4281,56.0006,-60.6464
10.1100,23.5594,39.8988,-142.0484,0.0000,8.6815,0.6143,0.0000,138.3368,9.7879,128.5216,56.0414,-60.5103
10.1200,23.5594,39.9926,-142.0417,0.0000,10.1009,0.7147,0.0000,145.3912,10.2870,128.6310,56.0891,-60.3504
10.1300,23.5594,40.1010,-142.0340,0.0000,11.5866,0.8198,0.0000,151.6194,10.7277,128.7571,56.1441,-60.1655
10.1400,23.5594,40.2245,-142.0253,0.0000,13.1306,0.9290,0.0000,157.0433,11.1114,128.9005,56.2066,-59.9544
10.1500,23.5594,40.3638,-142.0155,0.0000,14.7248,1.0418,0.0000,161.6846,11.4398,129.0615,56.2768,-59.7159
10.1600,23.5594,40.5192,-142.0045,0.0000,16.3617,1.1577,0.0000,165.5651,11.7144,129.2407,56.3550,-59.4492
10.1700,23.5594,40.6911,-141.9923,0.0000,18.0337,1.2760,0.0000,168.7064,11.9366,129.4382,56.4411,-59.1533
10.1800,23.5594,40.8800,-141.9789,0.0000,19.7335,1.3962,0.0000,171.1303,12.1081,129.6541,56.5352,-58.8276
10.1900,23.5594,41.0859,-141.9644,0.0000,21.4540,1.5180,0.0000,172.8585,12.2304,129.8885,56.6374,-58.4712
10.2000,23.5594,41.3091,-141.9486,0.0000,23.1884,1.6407,0.0000,173.9129,12.3050,130.1413,56.7477,-58.0838
10.2100,23.5594,41.5497,-141.9315,0.0000,24.9301,1.7639,0.0000,174.3150,12.3335,130.4123,56.8658,-57.6647
10.2200,23.5594,41.8077,-141.9133,0.0000,26.6726,1.8872,0.0000,174.0868,12.3173,130.7011,56.9918,-57.2136
10.2300,23.5594,42.0831,-141.8938,0.0000,28.4098,2.0101,0.0000,173.2498,12.2581,131.0074,57.1253,-56.7303
10.2400,23.5594,42.3758,-141.8731,0.0000,30.1356,2.1322,0.0000,171.8259,12.1574,131.3307,57.2663,-56.2145
10.2500,23.5594,42.6858,-141.8512,0.0000,31.8444,2.2531,0.0000,169.8368,12.0166,131.6703,57.4144,-55.6660
10.2600,23.5594,43.0127,-141.8280,0.0000,33.5305,2.3724,0.0000,167.3042,11.8374,132.0257,57.5694,-55.0849
10.2700,23.5594,43.3563,-141.8037,0.0000,35.1887,2.4897,0.0000,164.2498,11.6213,132.3961,57.7309,-54.4713
10.2800,23.5594,43.7163,-141.7782,0.0000,36.8139,2.6047,0.0000,160.6955,11.3698,132.7806,57.8985,-53.8252
10.2900,23.5594,44.0924,-141.7516,0.0000,38.4011,2.7170,0.0000,156.6629,11.0845,133.1784,58.0720,-53.1469
10.3000,23.5594,44.4842,-141.7239,0.0000,39.9456,2.8263,0.0000,152.1738,10.7669,133.5884,58.2508,-52.4367
10.3100,23.5594,44.8912,-141.6951,0.0000,41.4431,2.9323,0.0000,147.2499,10.4185,134.0097,58.4345,-51.6951
10.3200,23.5594,45.3129,-141.6653,0.0000,42.8892,3.0346,0.0000,141.9129,10.0409,134.4412,58.6226,-50.9225
10.3300,23.5594,45.7488,-141.6344,0.0000,44.2800,3.1330,0.0000,136.1846,9.6356,134.8819,58.8148,-50.1195
10.3400,23.5594,46.1983,-141.6026,0.0000,45.6117,3.2272,0.0000,130.0868,9.2042,135.3304,59.0104,-49.2867
10.3500,23.5594,46.6608,-141.5699,0.0000,46.8806,3.3170,0.0000,123.6412,8.7481,135.7858,59.2089,-48.4251
10.3600,23.5594,47.1357,-141.5363,0.0000,48.0834,3.4021,0.0000,116.8694,8.2690,136.2468,59.4099,-47.5353
10.3700,23.5594,47.6222,-141.5019,0.0000,49.2170,3.4823,0.0000,109.7934,7.7683,136.7121,59.6128,-46.6184
10.3800,23.5594,48.1198,-141.4667,0.0000,50.2784,3.5574,0.0000,102.4347,7.2477,137.1806,59.8171,-45.6754
10.3900,23.5594,48.6276,-141.4308,0.0000,51.2648,3.6272,0.0000,94.8151,6.7085,137.6510,60.0223,-44.7074
10.4000,23.5594,49.1448,-141.3942,0.0000,52.1739,3.6915,0.0000,86.9564,6.1525,138.1222,60.2277,-43.7155
10.4100,23.5594,49.6708,-141.3569,0.0000,53.0032,3.7502,0.0000,78.8804,5.5811,138.5929,60.4329,-42.7012
10.4200,23.5594,50.2046,-141.3192,0.0000,53.7508,3.8031,0.0000,70.6086,4.9958,139.0619,60.6375,-41.6656
10.4300,23.5594,50.7455,-141.2809,0.0000,54.4148,3.8501,0.0000,62.1630,4.3983,139.5281,60.8407,-40.6104
10.4400,23.5594,51.2926,-141.2422,0.0000,54.9936,3.8910,0.0000,53.5652,3.7899,139.9903,61.0423,-39.5370
10.4500,23.5594,51.8451,-141.2031,0.0000,55.4857,3.9258,0.0000,44.8369,3.1724,140.4475,61.2417,-38.4469
10.4600,23.5594,52.4020,-141.1637,0.0000,55.8899,3.9544,0.0000,36.0000,2.5471,140.8987,61.4384,-37.3419
10.4700,23.5594,52.9626,-141.1240,0.0000,56.2054,3.9768,0.0000,27.0761,1.9157,141.3427,61.6320,-36.2237
10.4800,23.5594,53.5259,-141.0842,0.0000,56.4312,3.9927,0.0000,18.0869,1.2797,141.7787,61.8221,-35.0941
10.4900,23.5594,54.0909,-141.0442,0.0000,56.5670,4.0023,0.0000,9.0543,0.6406,142.2058,62.0084,-33.9548
10.5000,23.5594,54.6569,-141.0042,0.0000,56.6123,4.0055,0.0000,0.0000,0.0000,142.6232,62.1904,-32.8079
10.5100,23.5594,55.2229,-140.9641,0.0000,56.5670,4.0023,0.0000,-9.0543,-0.6406,143.0301,62.3678,-31.6552
10.5200,23.5594,55.7879,-140.9241,0.0000,56.4312,3.9927,0.0000,-18.0869,-1.2797,143.4258,62.5403,-30.4987
10.5300,23.5594,56.3512,-140.8843,0.0000,56.2054,3.9768,0.0000,-27.0761,-1.9157,143.8097,62.7077,-29.3403
10.5400,23.5594,56.9117,-140.8446,0.0000,55.8899,3.9544,0.0000,-36.0000,-2.5471,144.1813,62.8698,-28.1823
10.5500,23.5594,57.4687,-140.8052,0.0000,55.4857,3.9258,0.0000,-44.8369,-3.1724,144.5401,63.0262,-27.0265
10.5600,23.5594,58.0212,-140.7661,0.0000,54.9936,3.8910,0.0000,-53.5652,-3.7899,144.8856,63.1769,-25.8750
10.5700,23.5594,58.5683,-140.7274,0.0000,54.4148,3.8501,0.0000,-62.1630,-4.3983,145.2176,63.3216,-24.7300
10.5800,23.5594,59.1092,-140.6891,0.0000,53.7508,3.8031,0.0000,-70.6086,-4.9958,145.5358,63.4604,-23.5933
10.5900,23.5594,59.6430,-140.6514,0.0000,53.0032,3.7502,0.0000,-78.8804,-5.5811,145.8400,63.5930,-22.4672
10.6000,23.5594,60.1690,-140.6142,0.0000,52.1739,3.6915,0.0000,-86.9564,-6.1525,146.1301,63.7195,-21.3536
10.6100,23.5594,60.6862,-140.5776,0.0000,51.2648,3.6272,0.0000,-94.8151,-6.7085,146.4061,63.8399,-20.2545
10.6200,23.5594,61.1940,-140.5416,0.0000,50.2784,3.5574,0.0000,-102.4347,-7.2477,146.6680,63.9541,-19.1719
10.6300,23.5594,61.6915,-140.5064,0.0000,49.2170,3.4823,0.0000,-109.7934,-7.7683,146.9159,64.0622,-18.1077
10.6400,23.5594,62.1781,-140.4720,0.0000,48.0834,3.4021,0.0000,-116.8694,-8.2690,147.1500,64.1642,-17.0638
10.6500,23.5594,62.6530,-140.4384,0.0000,46.8806,3.3170,0.0000,-123.6412,-8.7481,147.3704,64.2604,-16.0419
10.6600,23.5594,63.1155,-140.4057,0.0000,45.6117,3.2272,0.0000,-130.0868,-9.2042,147.5774,64.3506,-15.0439
10.6700,23.5594,63.5650,-140.3739,0.0000,44.2800,3.1330,0.0000,-136.1846,-9.6356,147.7714,64.4352,-14.0714
10.6800,23.5594,64.0009,-140.3430,0.0000,42.8892,3.0346,0.0000,-141.9129,-10.0409,147.9526,64.5142,-13.1260
10.6900,23.5594,64.4226,-140.3132,0.0000,41.4431,2.9323,0.0000,-147.2499,-10.4185,148.1215,64.5879,-12.2092
10.7000,23.5594,64.8296,-140.2844,0.0000,39.9456,2.8263,0.0000,-152.1738,-10.7669,148.2785,64.6563,-11.3226
10.7100,23.5594,65.2214,-140.2567,0.0000,38.4011,2.7170,0.0000,-156.6629,-11.0845,148.4239,64.7197,-10.4673
10.7200,23.5594,65.5975,-140.2301,0.0000,36.8139,2.6047,0.0000,-160.6955,-11.3698,148.5584,64.7784,-9.6446
10.7300,23.5594,65.9575,-140.2046,0.0000,35.1887,2.4897,0.0000,-164.2498,-11.6213,148.6824,64.8324,-8.8556
10.7400,23.5594,66.3011,-140.1803,0.0000,33.5305,2.3724,0.0000,-167.3042,-11.8374,148.7963,64.8821,-8.1014
10.7500,23.5594,66.6280,-140.1572,0.0000,31.8444,2.2531,0.0000,-169.8368,-12.0166,148.9007,64.9276,-7.3827
10.7600,23.5594,66.9379,-140.1352,0.0000,30.1356,2.1322,0.0000,-171.8259,-12.1574,148.9961,64.9692,-6.7004
10.7700,23.5594,67.2307,-140.1145,0.0000,28.4098,2.0101,0.0000,-173.2498,-12.2581,149.0830,65.0071,-6.0551
10.7800,23.5594,67.5061,-140.0950,0.0000,26.6726,1.8872,0.0000,-174.0868,-12.3173,149.1620,65.0416,-5.4472
10.7900,23.5594,67.7641,-140.0768,0.0000,24.9301,1.7639,0.0000,-174.3150,-12.3335,149.2334,65.0727,-4.8771
10.8000,23.5594,68.0047,-140.0597,0.0000,23.1884,1.6407,0.0000,-173.9129,-12.3050,149.2978,65.1008,-4.3449
10.8100,23.5594,68.2279,-140.0440,0.0000,21.4540,1.5180,0.0000,-172.8585,-12.2304,149.3557,65.1260,-3.8507
10.8200,23.5594,68.4338,-140.0294,0.0000,19.7335,1.3962,0.0000,-171.1303,-12.1081,149.4075,65.1486,-3.3944
10.8300,23.5594,68.6226,-140.0160,0.0000,18.0337,1.2760,0.0000,-168.7064,-11.9366,149.4536,65.1687,-2.9757
10.8400,23.5594,68.7946,-140.0039,0.0000,16.3617,1.1577,0.0000,-165.5651,-11.7144,149.4944,65.1865,-2.5941
10.8500,23.5594,68.9500,-139.9929,0.0000,14.7248,1.0418,0.0000,-161.6846,-11.4398,149.5304,65.2022,-2.2490
10.8600,23.5594,69.0892,-139.9830,0.0000,13.1306,0.9290,0.0000,-157.0433,-11.1114,149.5619,65.2159,-1.9397
10.8700,23.5594,69.2128,-139.9743,0.0000,11.5866,0.8198,0.0000,-151.6194,-10.7277,149.5892,65.2279,-1.6651
10.8800,23.5594,69.3212,-139.9666,0.0000,10.1009,0.7147,0.0000,-145.3912,-10.2870,149.6127,65.2381,-1.4240
10.8900,23.5594,69.4150,-139.9600,0.0000,8.6815,0.6143,0.0000,-138.3368,-9.7879,149.6328,65.2468,-1.2153
10.9000,23.5594,69.4950,-139.9543,0.0000,7.3369,0.5191,0.0000,-130.4347,-9.2288,149.6496,65.2542,-1.0372
10.9100,23.5594,69.5620,-139.9496,0.0000,6.0757,0.4299,0.0000,-121.6629,-8.6081,149.6635,65.2602,-0.8881
10.9200,23.5594,69.6169,-139.9457,0.0000,4.9067,0.3472,0.0000,-111.9999,-7.9244,149.6747,65.2651,-0.7660
10.9300,23.5594,69.6605,-139.9426,0.0000,3.8388,0.2716,0.0000,-101.4238,-7.1761,149.6836,65.2690,-0.6688
10.9400,23.5594,69.6940,-139.9402,0.0000,2.8813,0.2039,0.0000,-89.9130,-6.3617,149.6904,65.2720,-0.5942
10.9500,23.5594,69.7185,-139.9385,0.0000,2.0437,0.1446,0.0000,-77.4456,-5.4796,149.6953,65.2741,-0.5396
10.9600,23.5594,69.7353,-139.9373,0.0000,1.3357,0.0945,0.0000,-63.9999,-4.5282,149.6986,65.2756,-0.5022
10.9700,23.5594,69.7457,-139.9366,0.0000,0.7670,0.0543,0.0000,-49.5543,-3.5062,149.7007,65.2765,-0.4790
10.9800,23.5594,69.7511,-139.9362,0.0000,0.3480,0.0246,0.0000,-34.0869,-2.4118,149.7018,65.2769,-0.4669
10.9900,23.5594,69.7532,-139.9360,0.0000,0.0888,0.0063,0.0000,-17.5761,-1.2436,149.7022,65.2771,-0.4624
11.0000,23.5594,69.7535,-139.9360,0.0000,0.0000,0.0000,0.0000,0.0000,0.0000,149.7023,65.2771,-0.4617
11.0100,23.5600,69.7535,-139.9361,0.1696,0.0070,-0.0257,33.5741,1.3780,-5.0958,149.7014,65.2785,-0.4617
11.0200,23.5639,69.7537,-139.9367,0.6647,0.0273,-0.1009,65.1135,2.6724,-9.8828,149.6953,65.2880,-0.4620
11.0300,23.5743,69.7541,-139.9383,1.4652,0.0601,-0.2224,94.6596,3.8851,-14.3672,149.6792,65.3134,-0.4628
11.0400,23.5942,69.7549,-139.9413,2.5514,0.1047,-0.3872,122.2539,5.0176,-18.5554,149.6484,65.3617,-0.4642
11.0500,23.6262,69.7562,-139.9462,3.9039,0.1602,-0.5925,147.9380,6.0718,-22.4537,149.5986,65.4396,-0.4666
11.0600,23.6731,69.7582,-139.9533,5.5039,0.2259,-0.8354,171.7535,7.0492,-26.0683,149.5258,65.5535,-0.4700
11.0700,23.7371,69.7608,-139.9630,7.3329,0.3010,-1.1130,193.7417,7.9517,-29.4056,149.4263,65.7089,-0.4747
11.0800,23.8204,69.7642,-139.9756,9.3728,0.3847,-1.4226,213.9443,8.7809,-32.4719,149.2963,65.9111,-0.4808
11.0900,23.9252,69.7685,-139.9915,11.6060,0.4763,-1.7615,232.4028,9.5384,-35.2735,149.1327,66.1649,-0.4885
11.1000,24.0531,69.7738,-140.0109,14.0152,0.5752,-2.1272,249.1588,10.2262,-37.8167,148.9321,66.4744,-0.4978
11.1100,24.2060,69.7800,-140.0342,16.5836,0.6806,-2.5170,264.2536,10.8457,-40.1078,148.6917,66.8435,-0.5090
11.1200,24.3853,69.7874,-140.0614,19.2949,0.7919,-2.9285,277.7290,11.3988,-42.1530,148.4086,67.2752,-0.5221
11.1300,24.5923,69.7959,-140.0928,22.1329,0.9084,-3.3593,289.6263,11.8871,-43.9588,148.0801,67.7724,-0.5371
11.1400,24.8283,69.8056,-140.1286,25.0823,1.0294,-3.8069,299.9872,12.3123,-45.5313,147.7036,68.3373,-0.5543
11.1500,25.0943,69.8165,-140.1690,28.1277,1.1544,-4.2691,308.8531,12.6762,-46.8769,147.2768,68.9716,-0.5736
11.1600,25.3911,69.8287,-140.2140,31.2545,1.2828,-4.7437,316.2655,12.9804,-48.0020,146.7971,69.6766,-0.5951
11.1700,25.7196,69.8422,-140.2639,34.4483,1.4139,-5.2285,322.2661,13.2267,-48.9127,146.2625,70.4530,-0.6188
11.1800,26.0803,69.8570,-140.3186,37.6952,1.5471,-5.7213,326.8963,13.4167,-49.6155,145.6706,71.3012,-0.6448
11.1900,26.4736,69.8731,-140.3783,40.9818,1.6820,-6.2201,330.1977,13.5522,-50.1166,145.0196,72.2209,-0.6730
11.2000,26.9000,69.8906,-140.4430,44.2949,1.8180,-6.7230,332.2117,13.6349,-50.4223,144.3074,73.2114,-0.7036
11.2100,27.3596,69.9095,-140.5128,47.6219,1.9545,-7.2279,332.9799,13.6664,-50.5389,143.5322,74.2717,-0.7364
11.2200,27.8525,69.9297,-140.5876,50.9505,2.0911,-7.7331,332.5439,13.6485,-50.4727,142.6922,75.4001,-0.7714
11.2300,28.3786,69.9513,-140.6675,54.2689,2.2273,-8.2368,330.9451,13.5829,-50.2300,141.7859,76.5948,-0.8087
11.2400,28.9378,69.9742,-140.7523,57.5656,2.3627,-8.7372,328.2252,13.4713,-49.8172,140.8116,77.8533,-0.8481
11.2500,29.5298,69.9985,-140.8422,60.8298,2.4966,-9.2326,324.4255,13.3153,-49.2405,139.7680,79.1728,-0.8897
11.2600,30.1542,70.0242,-140.9370,64.0507,2.6288,-9.7215,319.5877,13.1167,-48.5062,138.6539,80.5503,-0.9333
11.2700,30.8106,70.0511,-141.0366,67.2182,2.7588,-10.2022,313.7532,12.8773,-47.6207,137.4684,81.9821,-0.9790
11.2800,31.4984,70.0793,-141.1410,70.3226,2.8862,-10.6734,306.9636,12.5986,-46.5902,136.2104,83.4645,-1.0265
11.2900,32.2168,70.1088,-141.2500,73.3544,3.0107,-11.1336,299.2605,12.2825,-45.4210,134.8794,84.9934,-1.0760
11.3000,32.9652,70.1395,-141.3636,76.3049,3.1318,-11.5814,290.6852,11.9305,-44.1195,133.4749,86.5643,-1.1271
11.3100,33.7426,70.1714,-141.4816,79.1654,3.2492,-12.0155,281.2795,11.5445,-42.6919,131.9967,88.1727,-1.1800
11.3200,34.5482,70.2045,-141.6039,81.9278,3.3625,-12.4348,271.0847,11.1261,-41.1446,130.4448,89.8138,-1.2343
11.3300,35.3808,70.2387,-141.7302,84.5846,3.4716,-12.8380,260.1425,10.6770,-39.4838,128.8196,91.4824,-1.2902
11.3400,36.2395,70.2739,-141.8606,87.1283,3.5760,-13.2241,248.4944,10.1989,-37.7158,127.1216,93.1735,-1.3474
11.3500,37.1230,70.3102,-141.9947,89.5522,3.6755,-13.5920,236.1818,9.6935,-35.8471,125.3517,94.8818,-1.4058
11.3600,38.0301,70.3474,-142.1323,91.8499,3.7698,-13.9407,223.2463,9.1626,-33.8838,123.5111,96.6020,-1.4653
11.3700,38.9595,70.3856,-142.2734,94.0152,3.8586,-14.2694,209.7294,8.6079,-31.8322,121.6012,98.3286,-1.5259
11.3800,39.9099,70.4246,-142.4177,96.0427,3.9419,-14.5771,195.6727,8.0309,-29.6987,119.6238,100.0563,-1.5873
11.3900,40.8799,70.4644,-142.5649,97.9270,4.0192,-14.8631,181.1177,7.4336,-27.4896,117.5810,101.7798,-1.6494
11.4000,41.8680,70.5049,-142.7148,99.6635,4.0905,-15.1267,166.1059,6.8174,-25.2111,115.4753,103.4937,-1.7122
11.4100,42.8727,70.5462,-142.8673,101.2478,4.1555,-15.3671,150.6788,6.1843,-22.8696,113.3094,105.1930,-1.7755
11.4200,43.8924,70.5880,-143.0221,102.6758,4.2141,-15.5839,134.8780,5.5358,-20.4714,111.0864,106.8725,-1.8391
11.4300,44.9257,70.6304,-143.1789,103.9442,4.2662,-15.7764,118.7449,4.8736,-18.0228,108.8094,108.5275,-1.9030
11.4400,45.9708,70.6733,-143.3376,105.0498,4.3115,-15.9442,102.3212,4.1995,-15.5301,106.4823,110.1532,-1.9671
11.4500,47.0261,70.7166,-143.4977,105.9898,4.3501,-16.0869,85.6483,3.5152,-12.9995,104.1090,111.7452,-2.0311
11.4600,48.0900,70.7603,-143.6592,106.7620,4.3818,-16.2041,68.7678,2.8224,-10.4374,101.6935,113.2995,-2.0951
11.4700,49.1608,70.8042,-143.8217,107.3646,4.4065,-16.2955,51.7212,2.1228,-7.8501,99.2403,114.8120,-2.1588
11.4800,50.2367,70.8484,-143.9850,107.7961,4.4242,-16.3610,34.5500,1.4180,-5.2439,96.7540,116.2793,-2.2222
11.4900,51.3161,70.8927,-144.1489,108.0553,4.4349,-16.4004,17.2958,0.7099,-2.6251,94.2395,117.6980,-2.2851
11.5000,52.3973,70.9371,-144.3129,108.1418,4.4384,-16.4135,-0.0000,0.0000,0.0000,91.7018,119.0654,-2.3475
11.5100,53.4784,70.9814,-144.4770,108.0553,4.4349,-16.4004,-17.2958,-0.7099,2.6251,89.1459,120.3789,-2.4093
11.5200,54.5578,71.0257,-144.6409,107.7961,4.4242,-16.3610,-34.5500,-1.4180,5.2439,86.5773,121.6362,-2.4703
11.5300,55.6337,71.0699,-144.8042,107.3646,4.4065,-16.2955,-51.7212,-2.1228,7.8501,84.0011,122.8357,-2.5304
11.5400,56.7045,71.1139,-144.9667,106.7620,4.3818,-16.2041,-68.7678,-2.8224,10.4374,81.4229,123.9758,-2.5896
11.5500,57.7684,71.1575,-145.1282,105.9898,4.3501,-16.0869,-85.6483,-3.5152,12.9995,78.8480,125.0556,-2.6479
11.5600,58.8238,71.2008,-145.2883,105.0498,4.3115,-15.9442,-102.3212,-4.1995,15.5301,76.2820,126.0745,-2.7050
11.5700,59.8689,71.2437,-145.4470,103.9442,4.2662,-15.7764,-118.7449,-4.8736,18.0228,73.7302,127.0320,-2.7609
11.5800,60.9021,71.2861,-145.6038,102.6758,4.2141,-15.5839,-134.8780,-5.5358,20.4714,71.1979,127.9283,-2.8156
11.5900,61.9218,71.3280,-145.7586,101.2478,4.1555,-15.3671,-150.6788,-6.1843,22.8696,68.6904,128.7639,-2.8690
11.6000,62.9265,71.3692,-145.9111,99.6635,4.0905,-15.1267,-166.1059,-6.8174,25.2111,66.2130,129.5393,-2.9211
11.6100,63.9146,71.4098,-146.0610,97.9270,4.0192,-14.8631,-181.1177,-7.4336,27.4896,63.7705,130.2558,-2.9717
11.6200,64.8846,71.4496,-146.2082,96.0427,3.9419,-14.5771,-195.6727,-8.0309,29.6987,61.3679,130.9146,-3.0209
11.6300,65.8350,71.4886,-146.3525,94.0152,3.8586,-14.2694,-209.7294,-8.6079,31.8322,59.0098,131.5174,-3.0686
11.6400,66.7644,71.5267,-146.4936,91.8499,3.7698,-13.9407,-223.2463,-9.1626,33.8838,56.7006,132.0660,-3.1147
11.6500,67.6715,71.5640,-146.6312,89.5522,3.6755,-13.5920,-236.1818,-9.6935,35.8471,54.4448,132.5624,-3.1593
11.6600,68.5550,71.6002,-146.7653,87.1283,3.5760,-13.2241,-248.4944,-10.1989,37.7158,52.2461,133.0091,-3.2023
11.6700,69.4137,71.6355,-146.8957,84.5846,3.4716,-12.8380,-260.1425,-10.6770,39.4838,50.1085,133.4084,-3.2436
11.6800,70.2464,71.6697,-147.0220,81.9278,3.3625,-12.4348,-271.0847,-11.1261,41.1446,48.0354,133.7629,-3.2833
11.6900,71.0519,71.7027,-147.1443,79.1654,3.2492,-12.0155,-281.2795,-11.5445,42.6919,46.0300,134.0752,-3.3213
11.7000,71.8293,71.7346,-147.2623,76.3049,3.1318,-11.5814,-290.6852,-11.9305,44.1195,44.0952,134.3482,-3.3576
11.7100,72.5777,71.7653,-147.3759,73.3544,3.0107,-11.1336,-299.2605,-12.2825,45.4210,42.2338,134.5847,-3.3923
11.7200,73.2962,71.7948,-147.4849,70.3226,2.8862,-10.6734,-306.9636,-12.5986,46.5902,40.4480,134.7875,-3.4253
11.7300,73.9839,71.8230,-147.5893,67.2182,2.7588,-10.2022,-313.7532,-12.8773,47.6207,38.7400,134.9595,-3.4566
11.7400,74.6403,71.8500,-147.6889,64.0507,2.6288,-9.7215,-319.5877,-13.1167,48.5062,37.1114,135.1034,-3.4862
11.7500,75.2648,71.8756,-147.7837,60.8298,2.4966,-9.2326,-324.4255,-13.3153,49.2405,35.5638,135.2221,-3.5141
11.7600,75.8568,71.8999,-147.8736,57.5656,2.3627,-8.7372,-328.2252,-13.4713,49.8172,34.0982,135.3182,-3.5404
11.7700,76.4160,71.9229,-147.9584,54.2689,2.2273,-8.2368,-330.9451,-13.5829,50.2300,32.7155,135.3945,-3.5651
11.7800,76.9421,71.9445,-148.0383,50.9505,2.0911,-7.7331,-332.5439,-13.6485,50.4727,31.4162,135.4533,-3.5881
11.7900,77.4349,71.9647,-148.1131,47.6219,1.9545,-7.2279,-332.9799,-13.6664,50.5389,30.2005,135.4971,-3.6096
11.8000,77.8945,71.9836,-148.1829,44.2949,1.8180,-6.7230,-332.2117,-13.6349,50.4223,29.0683,135.5281,-3.6295
11.8100,78.3209,72.0011,-148.2476,40.9818,1.6820,-6.2201,-330.1977,-13.5522,50.1166,28.0192,135.5484,-3.6478
11.8200,78.7142,72.0172,-148.3073,37.6952,1.5471,-5.7213,-326.8963,-13.4167,49.6155,27.0525,135.5599,-3.6646
11.8300,79.0749,72.0320,-148.3620,34.4483,1.4139,-5.2285,-322.2661,-13.2267,48.9127,26.1671,135.5643,-3.6799
11.8400,79.4034,72.0455,-148.4119,31.2545,1.2828,-4.7437,-316.2655,-12.9804,48.0020,25.3617,135.5634,-3.6939
11.8500,79.7002,72.0577,-148.4569,28.1277,1.1544,-4.2691,-308.8531,-12.6762,46.8769,24.6346,135.5584,-3.7064
11.8600,79.9662,72.0686,-148.4973,25.0823,1.0294,-3.8069,-299.9872,-12.3123,45.5313,23.9837,135.5506,-3.7175
11.8700,80.2022,72.0783,-148.5331,22.1329,0.9084,-3.3593,-289.6263,-11.8871,43.9588,23.4067,135.5410,-3.7274
11.8800,80.4092,72.0868,-148.5645,19.2949,0.7919,-2.9285,-277.7290,-11.3988,42.1530,22.9008,135.5307,-3.7361
11.8900,80.5885,72.0941,-148.5917,16.5836,0.6806,-2.5170,-264.2536,-10.8457,40.1078,22.4631,135.5201,-3.7435
11.9000,80.7414,72.1004,-148.6149,14.0152,0.5752,-2.1272,-249.1588,-10.2262,37.8167,22.0901,135.5100,-3.7499
11.9100,80.8693,72.1056,-148.6344,11.6060,0.4763,-1.7615,-232.4028,-9.5384,35.2735,21.7781,135.5008,-3.7552
11.9200,80.9741,72.1099,-148.6503,9.3728,0.3847,-1.4226,-213.9443,-8.7809,32.4719,21.5228,135.4927,-3.7595
11.9300,81.0574,72.1134,-148.6629,7.3329,0.3010,-1.1130,-193.7417,-7.9517,29.4056,21.3196,135.4859,-3.7630
11.9400,81.1214,72.1160,-148.6726,5.5039,0.2259,-0.8354,-171.7535,-7.0492,26.0683,21.1637,135.4804,-3.7656
11.9500,81.1683,72.1179,-148.6797,3.9039,0.1602,-0.5925,-147.9380,-6.0718,22.4537,21.0496,135.4764,-3.7675
11.9600,81.2004,72.1192,-148.6846,2.5514,0.1047,-0.3872,-122.2539,-5.0176,18.5554,20.9716,135.4735,-3.7689
11.9700,81.2202,72.1200,-148.6876,1.4652,0.0601,-0.2224,-94.6596,-3.8851,14.3672,20.9232,135.4717,-3.7697
11.9800,81.2306,72.1205,-148.6892,0.6647,0.0273,-0.1009,-65.1135,-2.6724,9.8828,20.8979,135.4708,-3.7701
11.9900,81.2345,72.1206,-148.6898,0.1696,0.0070,-0.0257,-33.5741,-1.3780,5.0958,20.8884,135.4704,-3.7703
12.0000,81.2351,72.1207,-148.6899,-0.0000,0.0000,0.0000,0.0000,0.0000,0.0000,20.8870,135.4704,-3.7703
12.0100,81.2351,72.1203,-148.6899,0.0000,-0.1058,-0.0074,0.0000,-20.9503,-1.4716,20.8870,135.4703,-3.7709
12.0200,81.2351,72.1179,-148.6901,0.0000,-0.4148,-0.0291,0.0000,-40.6309,-2.8540,20.8869,135.4696,-3.7752
12.0300,81.2351,72.1114,-148.6905,0.0000,-0.9143,-0.0642,0.0000,-59.0676,-4.1491,20.8866,135.4678,-3.7865
12.0400,81.2351,72.0990,-148.6914,0.0000,-1.5921,-0.1118,0.0000,-76.2865,-5.3586,20.8861,135.4644,-3.8081
12.0500,81.2351,72.0790,-148.6928,0.0000,-2.4360,-0.1711,0.0000,-92.3134,-6.4844,20.8852,135.4588,-3.8430
12.0600,81.2351,72.0497,-148.6949,0.0000,-3.4344,-0.2412,0.0000,-107.1742,-7.5283,20.8839,135.4506,-3.8940
12.0700,81.2351,72.0098,-148.6977,0.0000,-4.5757,-0.3214,0.0000,-120.8949,-8.4920,20.8822,135.4395,-3.9637
12.0800,81.2351,71.9578,-148.7013,0.0000,-5.8486,-0.4108,0.0000,-133.5014,-9.3776,20.8800,135.4248,-4.0544
12.0900,81.2351,71.8924,-148.7059,0.0000,-7.2421,-0.5087,0.0000,-145.0195,-10.1866,20.8771,135.4063,-4.1684
12.1000,81.2351,71.8126,-148.7115,0.0000,-8.7455,-0.6143,0.0000,-155.4752,-10.9211,20.8736,135.3835,-4.3076
12.1100,81.2351,71.7172,-148.7182,0.0000,-10.3482,-0.7269,0.0000,-164.8944,-11.5827,20.8694,135.3560,-4.4738
12.1200,81.2351,71.6053,-148.7261,0.0000,-12.0400,-0.8457,0.0000,-173.3030,-12.1734,20.8643,135.3234,-4.6686
12.1300,81.2351,71.4761,-148.7352,0.0000,-13.8110,-0.9701,0.0000,-180.7270,-12.6948,20.8585,135.2853,-4.8934
12.1400,81.2351,71.3289,-148.7455,0.0000,-15.6513,-1.0994,0.0000,-187.1921,-13.1490,20.8517,135.2412,-5.1495
12.1500,81.2351,71.1629,-148.7572,0.0000,-17.5517,-1.2329,0.0000,-192.7245,-13.5376,20.8439,135.1907,-5.4379
12.1600,81.2351,70.9777,-148.7702,0.0000,-19.5028,-1.3699,0.0000,-197.3499,-13.8625,20.8350,135.1333,-5.7594
12.1700,81.2351,70.7727,-148.7846,0.0000,-21.4958,-1.5099,0.0000,-201.0942,-14.1255,20.8251,135.0686,-6.1148
12.1800,81.2351,70.5476,-148.8004,0.0000,-23.5218,-1.6522,0.0000,-203.9835,-14.3284,20.8139,134.9961,-6.5046
12.1900,81.2351,70.3022,-148.8176,0.0000,-25.5727,-1.7963,0.0000,-206.0435,-14.4732,20.8014,134.9152,-6.9291
12.2000,81.2351,70.0361,-148.8363,0.0000,-27.6400,-1.9415,0.0000,-207.3003,-14.5614,20.7876,134.8255,-7.3886
12.2100,81.2351,69.7494,-148.8564,0.0000,-29.7161,-2.0874,0.0000,-207.7796,-14.5951,20.7723,134.7263,-7.8830
12.2200,81.2351,69.4418,-148.8781,0.0000,-31.7931,-2.2332,0.0000,-207.5076,-14.5760,20.7554,134.6172,-8.4124
12.2300,81.2351,69.1135,-148.9011,0.0000,-33.8638,-2.3787,0.0000,-206.5099,-14.5059,20.7370,134.4975,-8.9763
12.2400,81.2351,68.7646,-148.9256,0.0000,-35.9210,-2.5232,0.0000,-204.8127,-14.3867,20.7168,134.3668,-9.5745
12.2500,81.2351,68.3952,-148.9516,0.0000,-37.9578,-2.6663,0.0000,-202.4417,-14.2201,20.6949,134.2243,-10.2064
12.2600,81.2351,68.0055,-148.9789,0.0000,-39.9677,-2.8075,0.0000,-199.4229,-14.0081,20.6710,134.0696,-10.8712
12.2700,81.2351,67.5959,-149.0077,0.0000,-41.9442,-2.9463,0.0000,-195.7821,-13.7524,20.6452,133.9021,-11.5683
12.2800,81.2351,67.1668,-149.0379,0.0000,-43.8813,-3.0824,0.0000,-191.5454,-13.4548,20.6173,133.7211,-12.2966
12.2900,81.2351,66.7185,-149.0693,0.0000,-45.7732,-3.2153,0.0000,-186.7387,-13.1171,20.5872,133.5262,-13.0551
12.3000,81.2351,66.2515,-149.1022,0.0000,-47.6143,-3.3446,0.0000,-181.3877,-12.7413,20.5550,133.3169,-13.8426
12.3100,81.2351,65.7664,-149.1362,0.0000,-49.3992,-3.4700,0.0000,-175.5185,-12.3290,20.5204,133.0926,-14.6579
12.3200,81.2351,65.2637,-149.1715,0.0000,-51.1230,-3.5910,0.0000,-169.1570,-11.8821,20.4834,132.8529,-15.4997
12.3300,81.2351,64.7441,-149.2080,0.0000,-52.7808,-3.7075,0.0000,-162.3291,-11.4025,20.4440,132.5974,-16.3664
12.3400,81.2351,64.2083,-149.2457,0.0000,-54.3681,-3.8190,0.0000,-155.0606,-10.8919,20.4021,132.3256,-17.2565
12.3500,81.2351,63.6570,-149.2844,0.0000,-55.8806,-3.9252,0.0000,-147.3775,-10.3523,20.3577,132.0373,-18.1684
12.3600,81.2351,63.0910,-149.3242,0.0000,-57.3144,-4.0259,0.0000,-139.3058,-9.7853,20.3106,131.7323,-19.1004
12.3700,81.2351,62.5110,-149.3649,0.0000,-58.6656,-4.1209,0.0000,-130.8712,-9.1928,20.2610,131.4102,-20.0508
12.3800,81.2351,61.9179,-149.4066,0.0000,-59.9307,-4.2097,0.0000,-122.0999,-8.5767,20.2087,131.0709,-21.0178
12.3900,81.2351,61.3127,-149.4491,0.0000,-61.1065,-4.2923,0.0000,-113.0175,-7.9387,20.1537,130.7144,-21.9994
12.4000,81.2351,60.6961,-149.4924,0.0000,-62.1901,-4.3684,0.0000,-103.6501,-7.2807,20.0961,130.3407,-22.9938
12.4100,81.2351,60.0692,-149.5364,0.0000,-63.1787,-4.4379,0.0000,-94.0236,-6.6045,20.0358,129.9499,-23.9991
12.4200,81.2351,59.4329,-149.5811,0.0000,-64.0698,-4.5005,0.0000,-84.1639,-5.9119,19.9730,129.5422,-25.0133
12.4300,81.2351,58.7881,-149.6264,0.0000,-64.8612,-4.5561,0.0000,-74.0969,-5.2048,19.9075,129.1177,-26.0345
12.4400,81.2351,58.1360,-149.6722,0.0000,-65.5511,-4.6045,0.0000,-63.8485,-4.4849,19.8396,128.6768,-27.0607
12.4500,81.2351,57.4774,-149.7185,0.0000,-66.1377,-4.6457,0.0000,-53.4446,-3.7541,19.7691,128.2200,-28.0900
12.4600,81.2351,56.8136,-149.7651,0.0000,-66.6196,-4.6796,0.0000,-42.9112,-3.0142,19.6963,127.7478,-29.1203
12.4700,81.2351,56.1454,-149.8120,0.0000,-66.9956,-4.7060,0.0000,-32.2741,-2.2670,19.6212,127.2608,-30.1498
12.4800,81.2351,55.4740,-149.8592,0.0000,-67.2648,-4.7249,0.0000,-21.5592,-1.5144,19.5440,126.7596,-31.1766
12.4900,81.2351,54.8005,-149.9065,0.0000,-67.4266,-4.7363,0.0000,-10.7926,-0.7581,19.4646,126.2450,-32.1988
12.5000,81.2351,54.1258,-149.9539,0.0000,-67.4806,-4.7400,0.0000,0.0000,0.0000,19.3833,125.7179,-33.2145
12.5100,81.2351,53.4512,-150.0013,0.0000,-67.4266,-4.7363,0.0000,10.7926,0.7581,19.3003,125.1793,-34.2220
12.5200,81.2351,52.7777,-150.0486,0.0000,-67.2648,-4.7249,0.0000,21.5592,1.5144,19.2156,124.6300,-35.2196
12.5300,81.2351,52.1063,-150.0958,0.0000,-66.9956,-4.7060,0.0000,32.2741,2.2670,19.1295,124.0713,-36.2056
12.5400,81.2351,51.4381,-150.1427,0.0000,-66.6196,-4.6796,0.0000,42.9112,3.0142,19.0420,123.5042,-37.1784
12.5500,81.2351,50.7742,-150.1893,0.0000,-66.1377,-4.6457,0.0000,53.4446,3.7541,18.9535,122.9300,-38.1364
12.5600,81.2351,50.1157,-150.2356,0.0000,-65.5511,-4.6045,0.0000,63.8485,4.4849,18.8641,122.3499,-39.0782
12.5700,81.2351,49.4636,-150.2814,0.0000,-64.8612,-4.5561,0.0000,74.0969,5.2048,18.7739,121.7652,-40.0025
12.5800,81.2351,48.8188,-150.3267,0.0000,-64.0698,-4.5005,0.0000,84.1639,5.9119,18.6833,121.1774,-40.9079
12.5900,81.2351,48.1825,-150.3714,0.0000,-63.1787,-4.4379,0.0000,94.0236,6.6045,18.5924,120.5877,-41.7932
12.6000,81.2351,47.5556,-150.4154,0.0000,-62.1901,-4.3684,0.0000,103.6501,7.2807,18.5014,119.9975,-42.6573
12.6100,81.2351,46.9390,-150.4587,0.0000,-61.1065,-4.2923,0.0000,113.0175,7.9387,18.4105,119.4085,-43.4992
12.6200,81.2351,46.3338,-150.5012,0.0000,-59.9307,-4.2097,0.0000,122.0999,8.5767,18.3201,118.8219,-44.3179
12.6300,81.2351,45.7407,-150.5429,0.0000,-58.6656,-4.1209,0.0000,130.8712,9.1928,18.2303,118.2392,-45.1125
12.6400,81.2351,45.1607,-150.5836,0.0000,-57.3144,-4.0259,0.0000,139.3058,9.7853,18.1413,117.6619,-45.8823
12.6500,81.2351,44.5947,-150.6234,0.0000,-55.8806,-3.9252,0.0000,147.3775,10.3523,18.0533,117.0914,-46.6266
12.6600,81.2351,44.0434,-150.6621,0.0000,-54.3681,-3.8190,0.0000,155.0606,10.8919,17.9666,116.5292,-47.3447
12.6700,81.2351,43.5076,-150.6998,0.0000,-52.7808,-3.7075,0.0000,162.3291,11.4025,17.8814,115.9766,-48.0363
12.6800,81.2351,42.9880,-150.7363,0.0000,-51.1230,-3.5910,0.0000,169.1570,11.8821,17.7979,115.4350,-48.7008
12.6900,81.2351,42.4853,-150.7716,0.0000,-49.3992,-3.4700,0.0000,175.5185,12.3290,17.7163,114.9057,-49.3379
12.7000,81.2351,42.0002,-150.8056,0.0000,-47.6143,-3.3446,0.0000,181.3877,12.7413,17.6368,114.3900,-49.9474
12.7100,81.2351,41.5332,-150.8384,0.0000,-45.7732,-3.2153,0.0000,186.7387,13.1171,17.5596,113.8891,-50.5290
12.7200,81.2351,41.0849,-150.8699,0.0000,-43.8813,-3.0824,0.0000,191.5454,13.4548,17.4848,113.4040,-51.0826
12.7300,81.2351,40.6558,-150.9001,0.0000,-41.9442,-2.9463,0.0000,195.7821,13.7524,17.4126,112.9360,-51.6083
12.7400,81.2351,40.2462,-150.9288,0.0000,-39.9677,-2.8075,0.0000,199.4229,14.0081,17.3432,112.4859,-52.1060
12.7500,81.2351,39.8565,-150.9562,0.0000,-37.9578,-2.6663,0.0000,202.4417,14.2201,17.2767,112.0547,-52.5759
12.7600,81.2351,39.4871,-150.9822,0.0000,-35.9210,-2.5232,0.0000,204.8127,14.3867,17.2133,111.6432,-53.0180
12.7700,81.2351,39.1382,-151.0067,0.0000,-33.8638,-2.3787,0.0000,206.5099,14.5059,17.1530,111.2521,-53.4327
12.7800,81.2351,38.8099,-151.0297,0.0000,-31.7931,-2.2332,0.0000,207.5076,14.5760,17.0959,110.8821,-53.8203
12.7900,81.2351,38.5023,-151.0513,0.0000,-29.7161,-2.0874,0.0000,207.7796,14.5951,17.0422,110.5336,-54.1810
12.8000,81.2351,38.2155,-151.0715,0.0000,-27.6400,-1.9415,0.0000,207.3003,14.5614,16.9919,110.2070,-54.5153
12.8100,81.2351,37.9495,-151.0902,0.0000,-25.5727,-1.7963,0.0000,206.0435,14.4732,16.9449,109.9027,-54.8237
12.8200,81.2351,37.7040,-151.1074,0.0000,-23.5218,-1.6522,0.0000,203.9835,14.3284,16.9015,109.6208,-55.1067
12.8300,81.2351,37.4790,-151.1232,0.0000,-21.4958,-1.5099,0.0000,201.0942,14.1255,16.8615,109.3614,-55.3649
12.8400,81.2351,37.2740,-151.1376,0.0000,-19.5028,-1.3699,0.0000,197.3499,13.8625,16.8249,109.1243,-55.5990
12.8500,81.2351,37.0888,-151.1506,0.0000,-17.5517,-1.2329,0.0000,192.7245,13.5376,16.7918,108.9094,-55.8097
12.8600,81.2351,36.9228,-151.1623,0.0000,-15.6513,-1.0994,0.0000,187.1921,13.1490,16.7620,108.7163,-55.9978
12.8700,81.2351,36.7756,-151.1726,0.0000,-13.8110,-0.9701,0.0000,180.7270,12.6948,16.7355,108.5446,-56.1641
12.8800,81.2351,36.6464,-151.1817,0.0000,-12.0400,-0.8457,0.0000,173.3030,12.1734,16.7123,108.3937,-56.3096
12.8900,81.2351,36.5345,-151.1896,0.0000,-10.3482,-0.7269,0.0000,164.8944,11.5827,16.6921,108.2627,-56.4352
12.9000,81.2351,36.4391,-151.1963,0.0000,-8.7455,-0.6143,0.0000,155.4752,10.9211,16.6748,108.1508,-56.5421
12.9100,81.2351,36.3592,-151.2019,0.0000,-7.2421,-0.5087,0.0000,145.0195,10.1866,16.6604,108.0571,-56.6314
12.9200,81.2351,36.2939,-151.2065,0.0000,-5.8486,-0.4108,0.0000,133.5014,9.3776,16.6485,107.9803,-56.7044
12.9300,81.2351,36.2419,-151.2101,0.0000,-4.5757,-0.3214,0.0000,120.8949,8.4920,16.6391,107.9191,-56.7624
12.9400,81.2351,36.2019,-151.2129,0.0000,-3.4344,-0.2412,0.0000,107.1742,7.5283,16.6318,107.8721,-56.8069
12.9500,81.2351,36.1727,-151.2150,0.0000,-2.4360,-0.1711,0.0000,92.3134,6.4844,16.6265,107.8376,-56.8394
12.9600,81.2351,36.1527,-151.2164,0.0000,-1.5921,-0.1118,0.0000,76.2865,5.3586,16.6229,107.8141,-56.8617
12.9700,81.2351,36.1403,-151.2173,0.0000,-0.9143,-0.0642,0.0000,59.0676,4.1491,16.6207,107.7995,-56.8755
12.9800,81.2351,36.1338,-151.2177,0.0000,-0.4148,-0.0291,0.0000,40.6309,2.8540,16.6195,107.7918,-56.8827
12.9900,81.2351,36.1314,-151.2179,0.0000,-0.1058,-0.0074,0.0000,20.9503,1.4716,16.6190,107.7889,-56.8854
13.0000,81.2351,36.1310,-151.2179,0.0000,0.0000,0.0000,0.0000,0.0000,0.0000,16.6190,107.7885,-56.8858
13.0100,81.2351,36.1314,-151.2179,0.0000,0.1058,0.0074,0.0000,20.9503,1.4716,16.6190,107.7889,-56.8854
13.0200,81.2351,36.1338,-151.2177,0.0000,0.4148,0.0291,0.0000,40.6309,2.8540,16.6195,107.7918,-56.8827
13.0300,81.2351,36.1403,-151.2173,0.0000,0.9143,0.0642,0.0000,59.0676,4.1491,16.6207,107.7995,-56.8755
13.0400,81.2351,36.1527,-151.2164,0.0000,1.5921,0.1118,0.0000,76.2865,5.3586,16.6229,107.8141,-56.8617
13.0500,81.2351,36.1727,-151.2150,0.0000,2.4360,0.1711,0.0000,92.3134,6.4844,16.6265,107.8376,-56.8394
13.0600,81.2351,36.2019,-151.2129,0.0000,3.4344,0.2412,0.0000,107.1742,7.5283,16.6318,107.8721,-56.8069
13.0700,81.2351,36.2419,-151.2101,0.0000,4.5757,0.3214,0.0000,120.8949,8.4920,16.6391,107.9191,-56.7624
13.0800,81.2351,36.2939,-151.2065,0.0000,5.8486,0.4108,0.0000,133.5014,9.3776,16.6485,107.9803,-56.7044
13.0900,81.2351,36.3592,-151.2019,0.0000,7.2421,0.5087,0.0000,145.0195,10.1866,16.6604,108.0571,-56.6314
13.1000,81.2351,36.4391,-151.1963,0.0000,8.7455,0.6143,0.0000,155.4752,10.9211,16.6748,108.1508,-56.5421
13.1100,81.2351,36.5345,-151.1896,0.0000,10.3482,0.7269,0.0000,164.8944,11.5827,16.6921,108.2627,-56.4352
13.1200,81.2351,36.6464,-151.1817,0.0000,12.0400,0.8457,0.0000,173.3030,12.1734,16.7123,108.3937,-56.3096
13.1300,81.2351,36.7756,-151.1726,0.0000,13.8110,0.9701,0.0000,180.7270,12.6948,16.7355,108.5446,-56.1641
13.1400,81.2351,36.9228,-151.1623,0.0000,15.6513,1.0994,0.0000,187.1921,13.1490,16.7620,108.7163,-55.9978
13.1500,81.2351,37.0888,-151.1506,0.0000,17.5517,1.2329,0.0000,192.7245,13.5376,16.7918,108.9094,-55.8097
13.1600,81.2351,37.2740,-151.1376,0.0000,19.5028,1.3699,0.0000,197.3499,13.8625,16.8249,109.1243,-55.5990
13.1700,81.2351,37.4790,-151.1232,0.0000,21.4958,1.5099,0.0000,201.0942,14.1255,16.8615,109.3614,-55.3649
13.1800,81.2351,37.7040,-151.1074,0.0000,23.5218,1.6522,0.0000,203.9835,14.3284,16.9015,109.6208,-55.1067
13.1900,81.2351,37.9495,-151.0902,0.0000,25.5727,1.7963,0.0000,206.0435,14.4732,16.9449,109.9027,-54.8237
13.2000,81.2351,38.2155,-151.0715,0.0000,27.6400,1.9415,0.0000,207.3003,14.5614,16.9919,110.2070,-54.5153
13.2100,81.2351,38.5023,-151.0513,0.0000,29.7161,2.0874,0.0000,207.7796,14.5951,17.0422,110.5336,-54.1810
13.2200,81.2351,38.8099,-151.0297,0.0000,31.7931,2.2332,0.0000,207.5076,14.5760,17.0959,110.8821,-53.8203
13.2300,81.2351,39.1382,-151.0067,0.0000,33.8638,2.3787,0.0000,206.5099,14.5059,17.1530,111.2521,-53.4327
13.2400,81.2351,39.4871,-150.9822,0.0000,35.9210,2.5232,0.0000,204.8127,14.3867,17.2133,111.6432,-53.0180
13.2500,81.2351,39.8565,-150.9562,0.0000,37.9578,2.6663,0.0000,202.4417,14.2201,17.2767,112.0547,-52.5759
13.2600,81.2351,40.2462,-150.9288,0.0000,39.9677,2.8075,0.0000,199.4229,14.0081,17.3432,112.4859,-52.1060
13.2700,81.2351,40.6558,-150.9001,0.0000,41.9442,2.9463,0.0000,195.7821,13.7524,17.4126,112.9360,-51.6083
13.2800,81.2351,41.0849,-150.8699,0.0000,43.8813,3.0824,0.0000,191.5454,13.4548,17.4848,113.4040,-51.0826
13.2900,81.2351,41.5332,-150.8384,0.0000,45.7732,3.2153,0.0000,186.7387,13.1171,17.5596,113.8891,-50.5290
13.3000,81.2351,42.0002,-150.8056,0.0000,47.6143,3.3446,0.0000,181.3877,12.7413,17.6368,114.3900,-49.9474
13.3100,81.2351,42.4853,-150.7716,0.0000,49.3992,3.4700,0.0000,175.5185,12.3290,17.7163,114.9057,-49.3379
13.3200,81.2351,42.9880,-150.7363,0.0000,51.1230,3.5910,0.0000,169.1570,11.8821,17.7979,115.4350,-48.7008
13.3300,81.2351,43.5076,-150.6998,0.0000,52.7808,3.7075,0.0000,162.3291,11.4025,17.8814,115.9766,-48.0363
13.3400,81.2351,44.0434,-150.6621,0.0000,54.3681,3.8190,0.0000,155.0606,10.8919,17.9666,116.5292,-47.3447
13.3500,81.2351,44.5947,-150.6234,0.0000,55.8806,3.9252,0.0000,147.3775,10.3523,18.0533,117.0914,-46.6266
13.3600,81.2351,45.1607,-150.5836,0.0000,57.3144,4.0259,0.0000,139.3058,9.7853,18.1413,117.6619,-45.8823
13.3700,81.2351,45.7407,-150.5429,0.0000,58.6656,4.1209,0.0000,130.8712,9.1928,18.2303,118.2392,-45.1125
13.3800,81.2351,46.3338,-150.5012,0.0000,59.9307,4.2097,0.0000,122.0999,8.5767,18.3201,118.8219,-44.3179
13.3900,81.2351,46.9390,-150.4587,0.0000,61.1065,4.2923,0.0000,113.0175,7.9387,18.4105,119.4085,-43.4992
13.4000,81.2351,47.5556,-150.4154,0.0000,62.1901,4.3684,0.0000,103.6501,7.2807,18.5014,119.9975,-42.6573
13.4100,81.2351,48.1825,-150.3714,0.0000,63.1787,4.4379,0.0000,94.0236,6.6045,18.5924,120.5877,-41.7932
13.4200,81.2351,48.8188,-150.3267,0.0000,64.0698,4.5005,0.0000,84.1639,5.9119,18.6833,121.1774,-40.9079
13.4300,81.2351,49.4636,-150.2814,0.0000,64.8612,4.5561,0.0000,74.0969,5.2048,18.7739,121.7652,-40.0025
13.4400,81.2351,50.1157,-150.2356,0.0000,65.5511,4.6045,0.0000,63.8485,4.4849,18.8641,122.3499,-39.0782
13.4500,81.2351,50.7742,-150.1893,0.0000,66.1377,4.6457,0.0000,53.4446,3.7541,18.9535,122.9300,-38.1364
13.4600,81.2351,51.4381,-150.1427,0.0000,66.6196,4.6796,0.0000,42.9112,3.0142,19.0420,123.5042,-37.1784
13.4700,81.2351,52.1063,-150.0958,0.0000,66.9956,4.7060,0.0000,32.2741,2.2670,19.1295,124.0713,-36.2056
13.4800,81.2351,52.7777,-150.0486,0.0000,67.2648,4.7249,0.0000,21.5592,1.5144,19.2156,124.6300,-35.2196
13.4900,81.2351,53.4512,-150.0013,0.0000,67.4266,4.7363,0.0000,10.7926,0.7581,19.3003,125.1793,-34.2220
13.5000,81.2351,54.1258,-149.9539,0.0000,67.4806,4.7400,0.0000,0.0000,0.0000,19.3833,125.7179,-33.2145
13.5100,81.2351,54.8005,-149.9065,0.0000,67.4266,4.7363,0.0000,-10.7926,-0.7581,19.4646,126.2450,-32.1988
13.5200,81.2351,55.4740,-149.8592,0.0000,67.2648,4.7249,0.0000,-21.5592,-1.5144,19.5440,126.7596,-31.1766
13.5300,81.2351,56.1454,-149.8120,0.0000,66.9956,4.7060,0.0000,-32.2741,-2.2670,19.6212,127.2608,-30.1498
13.5400,81.2351,56.8136,-149.7651,0.0000,66.6196,4.6796,0.0000,-42.9112,-3.0142,19.6963,127.7478,-29.1203
13.5500,81.2351,57.4774,-149.7185,0.0000,66.1377,4.6457,0.0000,-53.4446,-3.7541,19.7691,128.2200,-28.0900
13.5600,81.2351,58.1360,-149.6722,0.0000,65.5511,4.6045,0.0000,-63.8485,-4.4849,19.8396,128.6768,-27.0607
13.5700,81.2351,58.7881,-149.6264,0.0000,64.8612,4.5561,0.0000,-74.0969,-5.2048,19.9075,129.1177,-26.0345
13.5800,81.2351,59.4329,-149.5811,0.0000,64.0698,4.5005,0.0000,-84.1639,-5.9119,19.9730,129.5422,-25.0133
13.5900,81.2351,60.0692,-149.5364,0.0000,63.1787,4.4379,0.0000,-94.0236,-6.6045,20.0358,129.9499,-23.9991
13.6000,81.2351,60.6961,-149.4924,0.0000,62.1901,4.3684,0.0000,-103.6501,-7.2807,20.0961,130.3407,-22.9938
13.6100,81.2351,61.3127,-149.4491,0.0000,61.1065,4.2923,0.0000,-113.0175,-7.9387,20.1537,130.7144,-21.9994
13.6200,81.2351,61.9179,-149.4066,0.0000,59.9307,4.2097,0.0000,-122.0999,-8.5767,20.2087,131.0709,-21.0178
13.6300,81.2351,62.5110,-149.3649,0.0000,58.6656,4.1209,0.0000,-130.8712,-9.1928,20.2610,131.4102,-20.0508
13.6400,81.2351,63.0910,-149.3242,0.0000,57.3144,4.0259,0.0000,-139.3058,-9.7853,20.3106,131.7323,-19.1004
13.6500,81.2351,63.6570,-149.2844,0.0000,55.8806,3.9252,0.0000,-147.3775,-10.3523,20.3577,132.0373,-18.1684
13.6600,81.2351,64.2083,-149.2457,0.0000,54.3681,3.8190,0.0000,-155.0606,-10.8919,20.4021,132.3256,-17.2565
13.6700,81.2351,64.7441,-149.2080,0.0000,52.7808,3.7075,0.0000,-162.3291,-11.4025,20.4440,132.5974,-16.3664
13.6800,81.2351,65.2637,-149.1715,0.0000,51.1230,3.5910,0.0000,-169.1570,-11.8821,20.4834,132.8529,-15.4997
13.6900,81.2351,65.7664,-149.1362,0.0000,49.3992,3.4700,0.0000,-175.5185,-12.3290,20.5204,133.0926,-14.6579
13.7000,81.2351,66.2515,-149.1022,0.0000,47.6143,3.3446,0.0000,-181.3877,-12.7413,20.5550,133.3169,-13.8426
13.7100,81.2351,66.7185,-149.0693,0.0000,45.7732,3.2153,0.0000,-186.7387,-13.1171,20.5872,133.5262,-13.0551
13.7200,81.2351,67.1668,-149.0379,0.0000,43.8813,3.0824,0.0000,-191.5454,-13.4548,20.6173,133.7211,-12.2966
13.7300,81.2351,67.5959,-149.0077,0.0000,41.9442,2.9463,0.0000,-195.7821,-13.7524,20.6452,133.9021,-11.5683
13.7400,81.2351,68.0055,-148.9789,0.0000,39.9677,2.8075,0.0000,-199.4229,-14.0081,20.6710,134.0696,-10.8712
13.7500,81.2351,68.3952,-148.9516,0.0000,37.9578,2.6663,0.0000,-202.4417,-14.2201,20.6949,134.2243,-10.2064
13.7600,81.2351,68.7646,-148.9256,0.0000,35.9210,2.5232,0.0000,-204.8127,-14.3867,20.7168,134.3668,-9.5745
13.7700,81.2351,69.1135,-148.9011,0.0000,33.8638,2.3787,0.0000,-206.5099,-14.5059,20.7370,134.4975,-8.9763
13.7800,81.2351,69.4418,-148.8781,0.0000,31.7931,2.2332,0.0000,-207.5076,-14.5760,20.7554,134.6172,-8.4124
13.7900,81.2351,69.7494,-148.8564,0.0000,29.7161,2.0874,0.0000,-207.7796,-14.5951,20.7723,134.7263,-7.8830
13.8000,81.2351,70.0361,-148.8363,0.0000,27.6400,1.9415,0.0000,-207.3003,-14.5614,20.7876,134.8255,-7.3886
13.8100,81.2351,70.3022,-148.8176,0.0000,25.5727,1.7963,0.0000,-206.0435,-14.4732,20.8014,134.9152,-6.9291
13.8200,81.2351,70.5476,-148.8004,0.0000,23.5218,1.6522,0.0000,-203.9835,-14.3284,20.8139,134.9961,-6.5046
13.8300,81.2351,70.7727,-148.7846,0.0000,21.4958,1.5099,0.0000,-201.0942,-14.1255,20.8251,135.0686,-6.1148
13.8400,81.2351,70.9777,-148.7702,0.0000,19.5028,1.3699,0.0000,-197.3499,-13.8625,20.8350,135.1333,-5.7594
13.8500,81.2351,71.1629,-148.7572,0.0000,17.5517,1.2329,0.0000,-192.7245,-13.5376,20.8439,135.1907,-5.4379
13.8600,81.2351,71.3289,-148.7455,0.0000,15.6513,1.0994,0.0000,-187.1921,-13.1490,20.8517,135.2412,-5.1495
13.8700,81.2351,71.4761,-148.7352,0.0000,13.8110,0.9701,0.0000,-180.7270,-12.6948,20.8585,135.2853,-4.8934
13.8800,81.2351,71.6053,-148.7261,0.0000,12.0400,0.8457,0.0000,-173.3030,-12.1734,20.8643,135.3234,-4.6686
13.8900,81.2351,71.7172,-148.7182,0.0000,10.3482,0.7269,0.0000,-164.8944,-11.5827,20.8694,135.3560,-4.4738
13.9000,81.2351,71.8126,-148.7115,0.0000,8.7455,0.6143,0.0000,-155.4752,-10.9211,20.8736,135.3835,-4.3076
13.9100,81.2351,71.8924,-148.7059,0.0000,7.2421,0.5087,0.0000,-145.0195,-10.1866,20.8771,135.4063,-4.1684
13.9200,81.2351,71.9578,-148.7013,0.0000,5.8486,0.4108,0.0000,-133.5014,-9.3776,20.8800,135.4248,-4.0544
13.9300,81.2351,72.0098,-148.6977,0.0000,4.5757,0.3214,0.0000,-120.8949,-8.4920,20.8822,135.4395,-3.9637
13.9400,81.2351,72.0497,-148.6949,0.0000,3.4344,0.2412,0.0000,-107.1742,-7.5283,20.8839,135.4506,-3.8940
13.9500,81.2351,72.0790,-148.6928,0.0000,2.4360,0.1711,0.0000,-92.3134,-6.4844,20.8852,135.4588,-3.8430
13.9600,81.2351,72.0990,-148.6914,0.0000,1.5921,0.1118,0.0000,-76.2865,-5.3586,20.8861,135.4644,-3.8081
13.9700,81.2351,72.1114,-148.6905,0.0000,0.9143,0.0642,0.0000,-59.0676,-4.1491,20.8866,135.4678,-3.7865
13.9800,81.2351,72.1179,-148.6901,0.0000,0.4148,0.0291,0.0000,-40.6309,-2.8540,20.8869,135.4696,-3.7752
13.9900,81.2351,72.1203,-148.6899,0.0000,0.1058,0.0074,0.0000,-20.9503,-1.4716,20.8870,135.4703,-3.7709
14.0000,81.2351,72.1207,-148.6899,0.0000,0.0000,0.0000,0.0000,0.0000,0.0000,20.8870,135.4704,-3.7703
14.0100,81.2345,72.1206,-148.6898,-0.1696,-0.0070,0.0257,-33.5741,-1.3780,5.0958,20.8884,135.4704,-3.7703
14.0200,81.2306,72.1205,-148.6892,-0.6647,-0.0273,0.1009,-65.1135,-2.6724,9.8828,20.8979,135.4708,-3.7701
14.0300,81.2202,72.1200,-148.6876,-1.4652,-0.0601,0.2224,-94.6596,-3.8851,14.3672,20.9232,135.4717,-3.7697
14.0400,81.2004,72.1192,-148.6846,-2.5514,-0.1047,0.3872,-122.2539,-5.0176,18.5554,20.9716,135.4735,-3.7689
14.0500,81.1683,72.1179,-148.6797,-3.9039,-0.1602,0.5925,-147.9380,-6.0718,22.4537,21.0496,135.4764,-3.7675
14.0600,81.1214,72.1160,-148.6726,-5.5039,-0.2259,0.8354,-171.7535,-7.0492,26.0683,21.1637,135.4804,-3.7656
14.0700,81.0574,72.1134,-148.6629,-7.3329,-0.3010,1.1130,-193.7417,-7.9517,29.4056,21.3196,135.4859,-3.7630
14.0800,80.9741,72.1099,-148.6503,-9.3728,-0.3847,1.4226,-213.9443,-8.7809,32.4719,21.5228,135.4927,-3.7595
14.0900,80.8693,72.1056,-148.6344,-11.6060,-0.4763,1.7615,-232.4028,-9.5384,35.2735,21.7781,135.5008,-3.7552
14.1000,80.7414,72.1004,-148.6149,-14.0152,-0.5752,2.1272,-249.1588,-10.2262,37.8167,22.0901,135.5100,-3.7499
14.1100,80.5885,72.0941,-148.5917,-16.5836,-0.6806,2.5170,-264.2536,-10.8457,40.1078,22.4631,135.5201,-3.7435
14.1200,80.4092,72.0868,-148.5645,-19.2949,-0.7919,2.9285,-277.7290,-11.3988,42.1530,22.9008,135.5307,-3.7361
14.1300,80.2022,72.0783,-148.5331,-22.1329,-0.9084,3.3593,-289.6263,-11.8871,43.9588,23.4067,135.5410,-3.7274
14.1400,79.9662,72.0686,-148.4973,-25.0823,-1.0294,3.8069,-299.9872,-12.3123,45.5313,23.9837,135.5506,-3.7175
14.1500,79.7002,72.0577,-148.4569,-28.1277,-1.1544,4.2691,-308.8531,-12.6762,46.8769,24.6346,135.5584,-3.7064
14.1600,79.4034,72.0455,-148.4119,-31.2545,-1.2828,4.7437,-316.2655,-12.9804,48.0020,25.3617,135.5634,-3.6939
14.1700,79.0749,72.0320,-148.3620,-34.4483,-1.4139,5.2285,-322.2661,-13.2267,48.9127,26.1671,135.5643,-3.6799
14.1800,78.7142,72.0172,-148.3073,-37.6952,-1.5471,5.7213,-326.8963,-13.4167,49.6155,27.0525,135.5599,-3.6646
14.1900,78.3209,72.0011,-148.2476,-40.9818,-1.6820,6.2201,-330.1977,-13.5522,50.1166,28.0192,135.5484,-3.6478
14.2000,77.8945,71.9836,-148.1829,-44.2949,-1.8180,6.7230,-332.2117,-13.6349,50.4223,29.0683,135.5281,-3.6295
14.2100,77.4349,71.9647,-148.1131,-47.6219,-1.9545,7.2279,-332.9799,-13.6664,50.5389,30.2005,135.4971,-3.6096
14.2200,76.9421,71.9445,-148.0383,-50.9505,-2.0911,7.7331,-332.5439,-13.6485,50.4727,31.4162,135.4533,-3.5881
14.2300,76.4160,71.9229,-147.9584,-54.2689,-2.2273,8.2368,-330.9451,-13.5829,50.2300,32.7155,135.3945,-3.5651
14.2400,75.8568,71.8999,-147.8736,-57.5656,-2.3627,8.7372,-328.2252,-13.4713,49.8172,34.0982,135.3182,-3.5404
14.2500,75.2648,71.8756,-147.7837,-60.8298,-2.4966,9.2326,-324.4255,-13.3153,49.2405,35.5638,135.2221,-3.5141
14.2600,74.6403,71.8500,-147.6889,-64.0507,-2.6288,9.7215,-319.5877,-13.1167,48.5062,37.1114,135.1034,-3.4862
14.2700,73.9839,71.8230,-147.5893,-67.2182,-2.7588,10.2022,-313.7532,-12.8773,47.6207,38.7400,134.9595,-3.4566
14.2800,73.2962,71.7948,-147.4849,-70.3226,-2.8862,10.6734,-306.9636,-12.5986,46.5902,40.4480,134.7875,-3.4253
14.2900,72.5777,71.7653,-147.3759,-73.3544,-3.0107,11.1336,-299.2605,-12.2825,45.4210,42.2338,134.5847,-3.3923
14.3000,71.8293,71.7346,-147.2623,-76.3049,-3.1318,11.5814,-290.6852,-11.9305,44.1195,44.0952,134.3482,-3.3576
14.3100,71.0519,71.7027,-147.1443,-79.1654,-3.2492,12.0155,-281.2795,-11.5445,42.6919,46.0300,134.0752,-3.3213
14.3200,70.2464,71.6697,-147.0220,-81.9278,-3.3625,12.4348,-271.0847,-11.1261,41.1446,48.0354,133.7629,-3.2833
14.3300,69.4137,71.6355,-146.8957,-84.5846,-3.4716,12.8380,-260.1425,-10.6770,39.4838,50.1085,133.4084,-3.2436
14.3400,68.5550,71.6002,-146.7653,-87.1283,-3.5760,13.2241,-248.4944,-10.1989,37.7158,52.2461,133.0091,-3.2023
14.3500,67.6715,71.5640,-146.6312,-89.5522,-3.6755,13.5920,-236.1818,-9.6935,35.8471,54.4448,132.5624,-3.1593
14.3600,66.7644,71.5267,-146.4936,-91.8499,-3.7698,13.9407,-223.2463,-9.1626,33.8838,56.7006,132.0660,-3.1147
14.3700,65.8350,71.4886,-146.3525,-94.0152,-3.8586,14.2694,-209.7294,-8.6079,31.8322,59.0098,131.5174,-3.0686
14.3800,64.8846,71.4496,-146.2082,-96.0427,-3.9419,14.5771,-195.6727,-8.0309,29.6987,61.3679,130.9146,-3.0209
14.3900,63.9146,71.4098,-146.0610,-97.9270,-4.0192,14.8631,-181.1177,-7.4336,27.4896,63.7705,130.2558,-2.9717
14.4000,62.9265,71.3692,-145.9111,-99.6635,-4.0905,15.1267,-166.1059,-6.8174,25.2111,66.2130,129.5393,-2.9211
14.4100,61.9218,71.3280,-145.7586,-101.2478,-4.1555,15.3671,-150.6788,-6.1843,22.8696,68.6904,128.7639,-2.8690
14.4200,60.9021,71.2861,-145.6038,-102.6758,-4.2141,15.5839,-134.8780,-5.5358,20.4714,71.1979,127.9283,-2.8156
14.4300,59.8689,71.2437,-145.4470,-103.9442,-4.2662,15.7764,-118.7449,-4.8736,18.0228,73.7302,127.0320,-2.7609
14.4400,58.8238,71.2008,-145.2883,-105.0498,-4.3115,15.9442,-102.3212,-4.1995,15.5301,76.2820,126.0745,-2.7050
14.4500,57.7684,71.1575,-145.1282,-105.9898,-4.3501,16.0869,-85.6483,-3.5152,12.9995,78.8480,125.0556,-2.6479
14.4600,56.7045,71.1139,-144.9667,-106.7620,-4.3818,16.2041,-68.7678,-2.8224,10.4374,81.4229,123.9758,-2.5896
14.4700,55.6337,71.0699,-144.8042,-107.3646,-4.4065,16.2955,-51.7212,-2.1228,7.8501,84.0011,122.8357,-2.5304
14.4800,54.5578,71.0257,-144.6409,-107.7961,-4.4242,16.3610,-34.5500,-1.4180,5.2439,86.5773,121.6362,-2.4703
14.4900,53.4784,70.9814,-144.4770,-108.0553,-4.4349,16.4004,-17.2958,-0.7099,2.6251,89.1459,120.3789,-2.4093
14.5000,52.3973,70.9371,-144.3129,-108.1418,-4.4384,16.4135,0.0000,0.0000,0.0000,91.7018,119.0654,-2.3475
14.5100,51.3161,70.8927,-144.1489,-108.0553,-4.4349,16.4004,17.2958,0.7099,-2.6251,94.2395,117.6980,-2.2851
14.5200,50.2367,70.8484,-143.9850,-107.7961,-4.4242,16.3610,34.5500,1.4180,-5.2439,96.7540,116.2793,-2.2222
14.5300,49.1608,70.8042,-143.8217,-107.3646,-4.4065,16.2955,51.7212,2.1228,-7.8501,99.2403,114.8120,-2.1588
14.5400,48.0900,70.7603,-143.6592,-106.7620,-4.3818,16.2041,68.7678,2.8224,-10.4374,101.6935,113.2995,-2.0951
14.5500,47.0261,70.7166,-143.4977,-105.9898,-4.3501,16.0869,85.6483,3.5152,-12.9995,104.1090,111.7452,-2.0311
14.5600,45.9708,70.6733,-143.3376,-105.0498,-4.3115,15.9442,102.3212,4.1995,-15.5301,106.4823,110.1532,-1.9671
14.5700,44.9257,70.6304,-143.1789,-103.9442,-4.2662,15.7764,118.7449,4.8736,-18.0228,108.8094,108.5275,-1.9030
14.5800,43.8924,70.5880,-143.0221,-102.6758,-4.2141,15.5839,134.8780,5.5358,-20.4714,111.0864,106.8725,-1.8391
14.5900,42.8727,70.5462,-142.8673,-101.2478,-4.1555,15.3671,150.6788,6.1843,-22.8696,113.3094,105.1930,-1.7755
14.6000,41.8680,70.5049,-142.7148,-99.6635,-4.0905,15.1267,166.1059,6.8174,-25.2111,115.4753,103.4937,-1.7122
14.6100,40.8799,70.4644,-142.5649,-97.9270,-4.0192,14.8631,181.1177,7.4336,-27.4896,117.5810,101.7798,-1.6494
14.6200,39.9099,70.4246,-142.4177,-96.0427,-3.9419,14.5771,195.6727,8.0309,-29.6987,119.6238,100.0563,-1.5873
14.6300,38.9595,70.3856,-142.2734,-94.0152,-3.8586,14.2694,209.7294,8.6079,-31.8322,121.6012,98.3286,-1.5259
14.6400,38.0301,70.3474,-142.1323,-91.8499,-3.7698,13.9407,223.2463,9.1626,-33.8838,123.5111,96.6020,-1.4653
14.6500,37.1230,70.3102,-141.9947,-89.5522,-3.6755,13.5920,236.1818,9.6935,-35.8471,125.3517,94.8818,-1.4058
14.6600,36.2395,70.2739,-141.8606,-87.1283,-3.5760,13.2241,248.4944,10.1989,-37.7158,127.1216,93.1735,-1.3474
14.6700,35.3808,70.2387,-141.7302,-84.5846,-3.4716,12.8380,260.1425,10.6770,-39.4838,128.8196,91.4824,-1.2902
14.6800,34.5482,70.2045,-141.6039,-81.9278,-3.3625,12.4348,271.0847,11.1261,-41.1446,130.4448,89.8138,-1.2343
14.6900,33.7426,70.1714,-141.4816,-79.1654,-3.2492,12.0155,281.2795,11.5445,-42.6919,131.9967,88.1727,-1.1800
14.7000,32.9652,70.1395,-141.3636,-76.3049,-3.1318,11.5814,290.6852,11.9305,-44.1195,133.4749,86.5643,-1.1271
14.7100,32.2168,70.1088,-141.2500,-73.3544,-3.0107,11.1336,299.2605,12.2825,-45.4210,134.8794,84.9934,-1.0760
14.7200,31.4984,70.0793,-141.1410,-70.3226,-2.8862,10.6734,306.9636,12.5986,-46.5902,136.2104,83.4645,-1.0265
14.7300,30.8106,70.0511,-141.0366,-67.2182,-2.7588,10.2022,313.7532,12.8773,-47.6207,137.4684,81.9821,-0.9790
14.7400,30.1542,70.0242,-140.9370,-64.0507,-2.6288,9.7215,319.5877,13.1167,-48.5062,138.6539,80.5503,-0.9333
14.7500,29.5298,69.9985,-140.8422,-60.8298,-2.4966,9.2326,324.4255,13.3153,-49.2405,139.7680,79.1728,-0.8897
14.7600,28.9378,69.9742,-140.7523,-57.5656,-2.3627,8.7372,328.2252,13.4713,-49.8172,140.8116,77.8533,-0.8481
14.7700,28.3786,69.9513,-140.6675,-54.2689,-2.2273,8.2368,330.9451,13.5829,-50.2300,141.7859,76.5948,-0.8087
14.7800,27.8525,69.9297,-140.5876,-50.9505,-2.0911,7.7331,332.5439,13.6485,-50.4727,142.6922,75.4001,-0.7714
14.7900,27.3596,69.9095,-140.5128,-47.6219,-1.9545,7.2279,332.9799,13.6664,-50.5389,143.5322,74.2717,-0.7364
14.8000,26.9000,69.8906,-140.4430,-44.2949,-1.8180,6.7230,332.2117,13.6349,-50.4223,144.3074,73.2114,-0.7036
14.8100,26.4736,69.8731,-140.3783,-40.9818,-1.6820,6.2201,330.1977,13.5522,-50.1166,145.0196,72.2209,-0.6730
14.8200,26.0803,69.8570,-140.3186,-37.6952,-1.5471,5.7213,326.8963,13.4167,-49.6155,145.6706,71.3012,-0.6448
14.8300,25.7196,69.8422,-140.2639,-34.4483,-1.4139,5.2285,322.2661,13.2267,-48.9127,146.2625,70.4530,-0.6188
14.8400,25.3911,69.8287,-140.2140,-31.2545,-1.2828,4.7437,316.2655,12.9804,-48.0020,146.7971,69.6766,-0.5951
14.8500,25.0943,69.8165,-140.1690,-28.1277,-1.1544,4.2691,308.8531,12.6762,-46.8769,147.2768,68.9716,-0.5736
14.8600,24.8283,69.8056,-140.1286,-25.0823,-1.0294,3.8069,299.9872,12.3123,-45.5313,147.7036,68.3373,-0.5543
14.8700,24.5923,69.7959,-140.0928,-22.1329,-0.9084,3.3593,289.6263,11.8871,-43.9588,148.0801,67.7724,-0.5371
14.8800,24.3853,69.7874,-140.0614,-19.2949,-0.7919,2.9285,277.7290,11.3988,-42.1530,148.4086,67.2752,-0.5221
14.8900,24.2060,69.7800,-140.0342,-16.5836,-0.6806,2.5170,264.2536,10.8457,-40.1078,148.6917,66.8435,-0.5090
14.9000,24.0531,69.7738,-140.0109,-14.0152,-0.5752,2.1272,249.1588,10.2262,-37.8167,148.9321,66.4744,-0.4978
14.9100,23.9252,69.7685,-139.9915,-11.6060,-0.4763,1.7615,232.4028,9.5384,-35.2735,149.1327,66.1649,-0.4885
14.9200,23.8204,69.7642,-139.9756,-9.3728,-0.3847,1.4226,213.9443,8.7809,-32.4719,149.2963,65.9111,-0.4808
14.9300,23.7371,69.7608,-139.9630,-7.3329,-0.3010,1.1130,193.7417,7.9517,-29.4056,149.4263,65.7089,-0.4747
14.9400,23.6731,69.7582,-139.9533,-5.5039,-0.2259,0.8354,171.7535,7.0492,-26.0683,149.5258,65.5535,-0.4700
14.9500,23.6262,69.7562,-139.9462,-3.9039,-0.1602,0.5925,147.9380,6.0718,-22.4537,149.5986,65.4396,-0.4666
14.9600,23.5942,69.7549,-139.9413,-2.5514,-0.1047,0.3872,122.2539,5.0176,-18.5554,149.6484,65.3617,-0.4642
14.9700,23.5743,69.7541,-139.9383,-1.4652,-0.0601,0.2224,94.6596,3.8851,-14.3672,149.6792,65.3134,-0.4628
14.9800,23.5639,69.7537,-139.9367,-0.6647,-0.0273,0.1009,65.1135,2.6724,-9.8828,149.6953,65.2880,-0.4620
14.9900,23.5600,69.7535,-139.9361,-0.1696,-0.0070,0.0257,33.5741,1.3780,-5.0958,149.7014,65.2785,-0.4617
15.0000,23.5594,69.7535,-139.9360,0.0000,0.0000,0.0000,0.0000,0.0000,0.0000,149.7023,65.2771,-0.4617
15.0100,23.5594,69.7532,-139.9360,0.0000,-0.0888,-0.0063,0.0000,-17.5761,-1.2436,149.7022,65.2771,-0.4624
15.0200,23.5594,69.7511,-139.9362,0.0000,-0.3480,-0.0246,0.0000,-34.0869,-2.4118,149.7018,65.2769,-0.4669
15.0300,23.5594,69.7457,-139.9366,0.0000,-0.7670,-0.0543,0.0000,-49.5543,-3.5062,149.7007,65.2765,-0.4790
15.0400,23.5594,69.7353,-139.9373,0.0000,-1.3357,-0.0945,0.0000,-63.9999,-4.5282,149.6986,65.2756,-0.5022
15.0500,23.5594,69.7185,-139.9385,0.0000,-2.0437,-0.1446,0.0000,-77.4456,-5.4796,149.6953,65.2741,-0.5396
15.0600,23.5594,69.6940,-139.9402,0.0000,-2.8813,-0.2039,0.0000,-89.9130,-6.3617,149.6904,65.2720,-0.5942
15.0700,23.5594,69.6605,-139.9426,0.0000,-3.8388,-0.2716,0.0000,-101.4238,-7.1761,149.6836,65.2690,-0.6688
15.0800,23.5594,69.6169,-139.9457,0.0000,-4.9067,-0.3472,0.0000,-111.9999,-7.9244,149.6747,65.2651,-0.7660
15.0900,23.5594,69.5620,-139.9496,0.0000,-6.0757,-0.4299,0.0000,-121.6629,-8.6081,149.6635,65.2602,-0.8881
15.1000,23.5594,69.4950,-139.9543,0.0000,-7.3369,-0.5191,0.0000,-130.4347,-9.2288,149.6496,65.2542,-1.0372
15.1100,23.5594,69.4150,-139.9600,0.0000,-8.6815,-0.6143,0.0000,-138.3368,-9.7879,149.6328,65.2468,-1.2153
15.1200,23.5594,69.3212,-139.9666,0.0000,-10.1009,-0.7147,0.0000,-145.3912,-10.2870,149.6127,65.2381,-1.4240
15.1300,23.5594,69.2128,-139.9743,0.0000,-11.5866,-0.8198,0.0000,-151.6194,-10.7277,149.5892,65.2279,-1.6651
15.1400,23.5594,69.0892,-139.9830,0.0000,-13.1306,-0.9290,0.0000,-157.0433,-11.1114,149.5619,65.2159,-1.9397
15.1500,23.5594,68.9500,-139.9929,0.0000,-14.7248,-1.0418,0.0000,-161.6846,-11.4398,149.5304,65.2022,-2.2490
15.1600,23.5594,68.7946,-140.0039,0.0000,-16.3617,-1.1577,0.0000,-165.5651,-11.7144,149.4944,65.1865,-2.5941
15.1700,23.5594,68.6226,-140.0160,0.0000,-18.0337,-1.2760,0.0000,-168.7064,-11.9366,149.4536,65.1687,-2.9757
15.1800,23.5594,68.4338,-140.0294,0.0000,-19.7335,-1.3962,0.0000,-171.1303,-12.1081,149.4075,65.1486,-3.3944
15.1900,23.5594,68.2279,-140.0440,0.0000,-21.4540,-1.5180,0.0000,-172.8585,-12.2304,149.3557,65.1260,-3.8507
15.2000,23.5594,68.0047,-140.0597,0.0000,-23.1884,-1.6407,0.0000,-173.9129,-12.3050,149.2978,65.1008,-4.3449
15.2100,23.5594,67.7641,-140.0768,0.0000,-24.9301,-1.7639,0.0000,-174.3150,-12.3335,149.2334,65.0727,-4.8771
15.2200,23.5594,67.5061,-140.0950,0.0000,-26.6726,-1.8872,0.0000,-174.0868,-12.3173,149.1620,65.0416,-5.4472
15.2300,23.5594,67.2307,-140.1145,0.0000,-28.4098,-2.0101,0.0000,-173.2498,-12.2581,149.0830,65.0071,-6.0551
15.2400,23.5594,66.9379,-140.1352,0.0000,-30.1356,-2.1322,0.0000,-171.8259,-12.1574,148.9961,64.9692,-6.7004
15.2500,23.5594,66.6280,-140.1572,0.0000,-31.8444,-2.2531,0.0000,-169.8368,-12.0166,148.9007,64.9276,-7.3827
15.2600,23.5594,66.3011,-140.1803,0.0000,-33.5305,-2.3724,0.0000,-167.3042,-11.8374,148.7963,64.8821,-8.1014
15.2700,23.5594,65.9575,-140.2046,0.0000,-35.1887,-2.4897,0.0000,-164.2498,-11.6213,148.6824,64.8324,-8.8556
15.2800,23.5594,65.5975,-140.2301,0.0000,-36.8139,-2.6047,0.0000,-160.6955,-11.3698,148.5584,64.7784,-9.6446
15.2900,23.5594,65.2214,-140.2567,0.0000,-38.4011,-2.7170,0.0000,-156.6629,-11.0845,148.4239,64.7197,-10.4673
15.3000,23.5594,64.8296,-140.2844,0.0000,-39.9456,-2.8263,0.0000,-152.1738,-10.7669,148.2785,64.6563,-11.3226
15.3100,23.5594,64.4226,-140.3132,0.0000,-41.4431,-2.9323,0.0000,-147.2499,-10.4185,148.1215,64.5879,-12.2092
15.3200,23.5594,64.0009,-140.3430,0.0000,-42.8892,-3.0346,0.0000,-141.9129,-10.0409,147.9526,64.5142,-13.1260
15.3300,23.5594,63.5650,-140.3739,0.0000,-44.2800,-3.1330,0.0000,-136.1846,-9.6356,147.7714,64.4352,-14.0714
15.3400,23.5594,63.1155,-140.4057,0.0000,-45.6117,-3.2272,0.0000,-130.0868,-9.2042,147.5774,64.3506,-15.0439
15.3500,23.5594,62.6530,-140.4384,0.0000,-46.8806,-3.3170,0.0000,-123.6412,-8.7481,147.3704,64.2604,-16.0419
15.3600,23.5594,62.1781,-140.4720,0.0000,-48.0834,-3.4021,0.0000,-116.8694,-8.2690,147.1500,64.1642,-17.0638
15.3700,23.5594,61.6915,-140.5064,0.0000,-49.2170,-3.4823,0.0000,-109.7934,-7.7683,146.9159,64.0622,-18.1077
15.3800,23.5594,61.1940,-140.5416,0.0000,-50.2784,-3.5574,0.0000,-102.4347,-7.2477,146.6680,63.9541,-19.1719
15.3900,23.5594,60.6862,-140.5776,0.0000,-51.2648,-3.6272,0.0000,-94.8151,-6.7085,146.4061,63.8399,-20.2545
15.4000,23.5594,60.1690,-140.6142,0.0000,-52.1739,-3.6915,0.0000,-86.9564,-6.1525,146.1301,63.7195,-21.3536
15.4100,23.5594,59.6430,-140.6514,0.0000,-53.0032,-3.7502,0.0000,-78.8804,-5.5811,145.8400,63.5930,-22.4672
15.4200,23.5594,59.1092,-140.6891,0.0000,-53.7508,-3.8031,0.0000,-70.6086,-4.9958,145.5358,63.4604,-23.5933
15.4300,23.5594,58.5683,-140.7274,0.0000,-54.4148,-3.8501,0.0000,-62.1630,-4.3983,145.2176,63.3216,-24.7300
15.4400,23.5594,58.0212,-140.7661,0.0000,-54.9936,-3.8910,0.0000,-53.5652,-3.7899,144.8856,63.1769,-25.8750
15.4500,23.5594,57.4687,-140.8052,0.0000,-55.4857,-3.9258,0.0000,-44.8369,-3.1724,144.5401,63.0262,-27.0265
15.4600,23.5594,56.9117,-140.8446,0.0000,-55.8899,-3.9544,0.0000,-36.0000,-2.5471,144.1813,62.8698,-28.1823
15.4700,23.5594,56.3512,-140.8843,0.0000,-56.2054,-3.9768,0.0000,-27.0761,-1.9157,143.8097,62.7077,-29.3403
15.4800,23.5594,55.7879,-140.9241,0.0000,-56.4312,-3.9927,0.0000,-18.0869,-1.2797,143.4258,62.5403,-30.4987
15.4900,23.5594,55.2229,-140.9641,0.0000,-56.5670,-4.0023,0.0000,-9.0543,-0.6406,143.0301,62.3678,-31.6552
15.5000,23.5594,54.6569,-141.0042,0.0000,-56.6123,-4.0055,0.0000,-0.0000,0.0000,142.6232,62.1904,-32.8079
15.5100,23.5594,54.0909,-141.0442,0.0000,-56.5670,-4.0023,0.0000,9.0543,0.6406,142.2058,62.0084,-33.9548
15.5200,23.5594,53.5259,-141.0842,0.0000,-56.4312,-3.9927,0.0000,18.0869,1.2797,141.7787,61.8221,-35.0941
15.5300,23.5594,52.9626,-141.1240,0.0000,-56.2054,-3.9768,0.0000,27.0761,1.9157,141.3427,61.6320,-36.2237
15.5400,23.5594,52.4020,-141.1637,0.0000,-55.8899,-3.9544,0.0000,36.0000,2.5471,140.8987,61.4384,-37.3419
15.5500,23.5594,51.8451,-141.2031,0.0000,-55.4857,-3.9258,0.0000,44.8369,3.1724,140.4475,61.2417,-38.4469
15.5600,23.5594,51.2926,-141.2422,0.0000,-54.9936,-3.8910,0.0000,53.5652,3.7899,139.9903,61.0423,-39.5370
15.5700,23.5594,50.7455,-141.2809,0.0000,-54.4148,-3.8501,0.0000,62.1630,4.3983,139.5281,60.8407,-40.6104
15.5800,23.5594,50.2046,-141.3192,0.0000,-53.7508,-3.8031,0.0000,70.6086,4.9958,139.0619,60.6375,-41.6656
15.5900,23.5594,49.6708,-141.3569,0.0000,-53.0032,-3.7502,0.0000,78.8804,5.5811,138.5929,60.4329,-42.7012
15.6000,23.5594,49.1448,-141.3942,0.0000,-52.1739,-3.6915,0.0000,86.9564,6.1525,138.1222,60.2277,-43.7155
15.6100,23.5594,48.6276,-141.4308,0.0000,-51.2648,-3.6272,0.0000,94.8151,6.7085,137.6510,60.0223,-44.7074
15.6200,23.5594,48.1198,-141.4667,0.0000,-50.2784,-3.5574,0.0000,102.4347,7.2477,137.1806,59.8171,-45.6754
15.6300,23.5594,47.6222,-141.5019,0.0000,-49.2170,-3.4823,0.0000,109.7934,7.7683,136.7121,59.6128,-46.6184
15.6400,23.5594,47.1357,-141.5363,0.0000,-48.0834,-3.4021,0.0000,116.8694,8.2690,136.2468,59.4099,-47.5353
15.6500,23.5594,46.6608,-141.5699,0.0000,-46.8806,-3.3170,0.0000,123.6412,8.7481,135.7858,59.2089,-48.4251
15.6600,23.5594,46.1983,-141.6026,0.0000,-45.6117,-3.2272,0.0000,130.0868,9.2042,135.3304,59.0104,-49.2867
15.6700,23.5594,45.7488,-141.6344,0.0000,-44.2800,-3.1330,0.0000,136.1846,9.6356,134.8819,58.8148,-50.1195
15.6800,23.5594,45.3129,-141.6653,0.0000,-42.8892,-3.0346,0.0000,141.9129,10.0409,134.4412,58.6226,-50.9225
15.6900,23.5594,44.8912,-141.6951,0.0000,-41.4431,-2.9323,0.0000,147.2499,10.4185,134.0097,58.4345,-51.6951
15.7000,23.5594,44.4842,-141.7239,0.0000,-39.9456,-2.8263,0.0000,152.1738,10.7669,133.5884,58.2508,-52.4367
15.7100,23.5594,44.0924,-141.7516,0.0000,-38.4011,-2.7170,0.0000,156.6629,11.0845,133.1784,58.0720,-53.1469
15.7200,23.5594,43.7163,-141.7782,0.0000,-36.8139,-2.6047,0.0000,160.6955,11.3698,132.7806,57.8985,-53.8252
15.7300,23.5594,43.3563,-141.8037,0.0000,-35.1887,-2.4897,0.0000,164.2498,11.6213,132.3961,57.7309,-54.4713
15.7400,23.5594,43.0127,-141.8280,0.0000,-33.5305,-2.3724,0.0000,167.3042,11.8374,132.0257,57.5694,-55.0849
15.7500,23.5594,42.6858,-141.8512,0.0000,-31.8444,-2.2531,0.0000,169.8368,12.0166,131.6703,57.4144,-55.6660
15.7600,23.5594,42.3758,-141.8731,0.0000,-30.1356,-2.1322,0.0000,171.8259,12.1574,131.3307,57.2663,-56.2145
15.7700,23.5594,42.0831,-141.8938,0.0000,-28.4098,-2.0101,0.0000,173.2498,12.2581,131.0074,57.1253,-56.7303
15.7800,23.5594,41.8077,-141.9133,0.0000,-26.6726,-1.8872,0.0000,174.0868,12.3173,130.7011,56.9918,-57.2136
15.7900,23.5594,41.5497,-141.9315,0.0000,-24.9301,-1.7639,0.0000,174.3150,12.3335,130.4123,56.8658,-57.6647
15.8000,23.5594,41.3091,-141.9486,0.0000,-23.1884,-1.6407,0.0000,173.9129,12.3050,130.1413,56.7477,-58.0838
15.8100,23.5594,41.0859,-141.9644,0.0000,-21.4540,-1.5180,0.0000,172.8585,12.2304,129.8885,56.6374,-58.4712
15.8200,23.5594,40.8800,-141.9789,0.0000,-19.7335,-1.3962,0.0000,171.1303,12.1081,129.6541,56.5352,-58.8276
15.8300,23.5594,40.6911,-141.9923,0.0000,-18.0337,-1.2760,0.0000,168.7064,11.9366,129.4382,56.4411,-59.1533
15.8400,23.5594,40.5192,-142.0045,0.0000,-16.3617,-1.1577,0.0000,165.5651,11.7144,129.2407,56.3550,-59.4492
15.8500,23.5594,40.3638,-142.0155,0.0000,-14.7248,-1.0418,0.0000,161.6846,11.4398,129.0615,56.2768,-59.7159
15.8600,23.5594,40.2245,-142.0253,0.0000,-13.1306,-0.9290,0.0000,157.0433,11.1114,128.9005,56.2066,-59.9544
15.8700,23.5594,40.1010,-142.0340,0.0000,-11.5866,-0.8198,0.0000,151.6194,10.7277,128.7571,56.1441,-60.1655
15.8800,23.5594,39.9926,-142.0417,0.0000,-10.1009,-0.7147,0.0000,145.3912,10.2870,128.6310,56.0891,-60.3504
15.8900,23.5594,39.8988,-142.0484,0.0000,-8.6815,-0.6143,0.0000,138.3368,9.7879,128.5216,56.0414,-60.5103
15.9000,23.5594,39.8187,-142.0540,0.0000,-7.3369,-0.5191,0.0000,130.4347,9.2288,128.4281,56.0006,-60.6464
15.9100,23.5594,39.7517,-142.0588,0.0000,-6.0757,-0.4299,0.0000,121.6629,8.6081,128.3497,55.9664,-60.7603
15.9200,23.5594,39.6969,-142.0626,0.0000,-4.9067,-0.3472,0.0000,111.9999,7.9244,128.2855,55.9384,-60.8533
15.9300,23.5594,39.6533,-142.0657,0.0000,-3.8388,-0.2716,0.0000,101.4238,7.1761,128.2343,55.9161,-60.9274
15.9400,23.5594,39.6198,-142.0681,0.0000,-2.8813,-0.2039,0.0000,89.9130,6.3617,128.1949,55.8989,-60.9842
15.9500,23.5594,39.5953,-142.0698,0.0000,-2.0437,-0.1446,0.0000,77.4456,5.4796,128.1661,55.8864,-61.0257
15.9600,23.5594,39.5785,-142.0710,0.0000,-1.3357,-0.0945,0.0000,63.9999,4.5282,128.1464,55.8778,-61.0542
15.9700,23.5594,39.5681,-142.0718,0.0000,-0.7670,-0.0543,0.0000,49.5543,3.5062,128.1342,55.8725,-61.0718
15.9800,23.5594,39.5626,-142.0721,0.0000,-0.3480,-0.0246,0.0000,34.0869,2.4118,128.1278,55.8697,-61.0810
15.9900,23.5594,39.5606,-142.0723,0.0000,-0.0888,-0.0063,0.0000,17.5761,1.2436,128.1253,55.8686,-61.0844
16.0000,23.5594,39.5603,-142.0723,0.0000,-0.0000,0.0000,0.0000,0.0000,0.0000,128.1250,55.8685,-61.0849
16.0100,23.5594,39.5606,-142.0723,0.0000,0.0888,0.0063,0.0000,17.5761,1.2436,128.1253,55.8686,-61.0844
16.0200,23.5594,39.5626,-142.0721,0.0000,0.3480,0.0246,0.0000,34.0869,2.4118,128.1278,55.8697,-61.0810
16.0300,23.5594,39.5681,-142.0718,0.0000,0.7670,0.0543,0.0000,49.5543,3.5062,128.1342,55.8725,-61.0718
16.0400,23.5594,39.5785,-142.0710,0.0000,1.3357,0.0945,0.0000,63.9999,4.5282,128.1464,55.8778,-61.0542
16.0500,23.5594,39.5953,-142.0698,0.0000,2.0437,0.1446,0.0000,77.4456,5.4796,128.1661,55.8864,-61.0257
16.0600,23.5594,39.6198,-142.0681,0.0000,2.8813,0.2039,0.0000,89.9130,6.3617,128.1949,55.8989,-60.9842
16.0700,23.5594,39.6533,-142.0657,0.0000,3.8388,0.2716,0.0000,101.4238,7.1761,128.2343,55.9161,-60.9274
16.0800,23.5594,39.6969,-142.0626,0.0000,4.9067,0.3472,0.0000,111.9999,7.9244,128.2855,55.9384,-60.8533
16.0900,23.5594,39.7517,-142.0588,0.0000,6.0757,0.4299,0.0000,121.6629,8.6081,128.3497,55.9664,-60.7603
16.1000,23.5594,39.8187,-142.0540,0.0000,7.3369,0.5191,0.0000,130.4347,9.2288,128.4281,56.0006,-60.6464
16.1100,23.5594,39.8988,-142.0484,0.0000,8.6815,0.6143,0.0000,138.3368,9.7879,128.5216,56.0414,-60.5103
16.1200,23.5594,39.9926,-142.0417,0.0000,10.1009,0.7147,0.0000,145.3912,10.2870,128.6310,56.0891,-60.3504
16.1300,23.5594,40.1010,-142.0340,0.0000,11.5866,0.8198,0.0000,151.6194,10.7277,128.7571,56.1441,-60.1655
16.1400,23.5594,40.2245,-142.0253,0.0000,13.1306,0.9290,0.0000,157.0433,11.1114,128.9005,56.2066,-59.9544
16.1500,23.5594,40.3638,-142.0155,0.0000,14.7248,1.0418,0.0000,161.6846,11.4398,129.0615,56.2768,-59.7159
16.1600,23.5594,40.5192,-142.0045,0.0000,16.3617,1.1577,0.0000,165.5651,11.7144,129.2407,56.3550,-59.4492
16.1700,23.5594,40.6911,-141.9923,0.0000,18.0337,1.2760,0.0000,168.7064,11.9366,129.4382,56.4411,-59.1533
16.1800,23.5594,40.8800,-141.9789,0.0000,19.7335,1.3962,0.0000,171.1303,12.1081,129.6541,56.5352,-58.8276
16.1900,23.5594,41.0859,-141.9644,0.0000,21.4540,1.5180,0.0000,172.8585,12.2304,129.8885,56.6374,-58.4712
16.2000,23.5594,41.3091,-141.9486,0.0000,23.1884,1.6407,0.0000,173.9129,12.3050,130.1413,56.7477,-58.0838
16.2100,23.5594,41.5497,-141.9315,0.0000,24.9301,1.7639,0.0000,174.3150,12.3335,130.4123,56.8658,-57.6647
16.2200,23.5594,41.8077,-141.9133,0.0000,26.6726,1.8872,0.0000,174.0868,12.3173,130.7011,56.9918,-57.2136
16.2300,23.5594,42.0831,-141.8938,0.0000,28.4098,2.0101,0.0000,173.2498,12.2581,131.0074,57.1253,-56.7303
16.2400,23.5594,42.3758,-141.8731,0.0000,30.1356,2.1322,0.0000,171.8259,12.1574,131.3307,57.2663,-56.2145
16.2500,23.5594,42.6858,-141.8512,0.0000,31.8444,2.2531,0.0000,169.8368,12.0166,131.6703,57.4144,-55.6660
16.2600,23.5594,43.0127,-141.8280,0.0000,33.5305,2.3724,0.0000,167.3042,11.8374,132.0257,57.5694,-55.0849
16.2700,23.5594,43.3563,-141.8037,0.0000,35.1887,2.4897,0.0000,164.2498,11.6213,132.3961,57.7309,-54.4713
16.2800,23.5594,43.7163,-141.7782,0.0000,36.8139,2.6047,0.0000,160.6955,11.3698,132.7806,57.8985,-53.8252
16.2900,23.5594,44.0924,-141.7516,0.0000,38.4011,2.7170,0.0000,156.6629,11.0845,133.1784,58.0720,-53.1469
16.3000,23.5594,44.4842,-141.7239,0.0000,39.9456,2.8263,0.0000,152.1738,10.7669,133.5884,58.2508,-52.4367
16.3100,23.5594,44.8912,-141.6951,0.0000,41.4431,2.9323,0.0000,147.2499,10.4185,134.0097,58.4345,-51.6951
16.3200,23.5594,45.3129,-141.6653,0.0000,42.8892,3.0346,0.0000,141.9129,10.0409,134.4412,58.6226,-50.9225
16.3300,23.5594,45.7488,-141.6344,0.0000,44.2800,3.1330,0.0000,136.1846,9.6356,134.8819,58.8148,-50.1195
16.3400,23.5594,46.1983,-141.6026,0.0000,45.6117,3.2272,0.0000,130.0868,9.2042,135.3304,59.0104,-49.2867
16.3500,23.5594,46.6608,-141.5699,0.0000,46.8806,3.3170,0.0000,123.6412,8.7481,135.7858,59.2089,-48.4251
16.3600,23.5594,47.1357,-141.5363,0.0000,48.0834,3.4021,0.0000,116.8694,8.2690,136.2468,59.4099,-47.5353
16.3700,23.5594,47.6222,-141.5019,0.0000,49.2170,3.4823,0.0000,109.7934,7.7683,136.7121,59.6128,-46.6184
16.3800,23.5594,48.1198,-141.4667,0.0000,50.2784,3.5574,0.0000,102.4347,7.2477,137.1806,59.8171,-45.6754
16.3900,23.5594,48.6276,-141.4308,0.0000,51.2648,3.6272,0.0000,94.8151,6.7085,137.6510,60.0223,-44.7074
16.4000,23.5594,49.1448,-141.3942,0.0000,52.1739,3.6915,0.0000,86.9564,6.1525,138.1222,60.2277,-43.7155
16.4100,23.5594,49.6708,-141.3569,0.0000,53.0032,3.7502,0.0000,78.8804,5.5811,138.5929,60.4329,-42.7012
16.4200,23.5594,50.2046,-141.3192,0.0000,53.7508,3.8031,0.0000,70.6086,4.9958,139.0619,60.6375,-41.6656
16.4300,23.5594,50.7455,-141.2809,0.0000,54.4148,3.8501,0.0000,62.1630,4.3983,139.5281,60.8407,-40.6104
16.4400,23.5594,51.2926,-141.2422,0.0000,54.9936,3.8910,0.0000,53.5652,3.7899,139.9903,61.0423,-39.5370
16.4500,23.5594,51.8451,-141.2031,0.0000,55.4857,3.9258,0.0000,44.8369,3.1724,140.4475,61.2417,-38.4469
16.4600,23.5594,52.4020,-141.1637,0.0000,55.8899,3.9544,0.0000,36.0000,2.5471,140.8987,61.4384,-37.3419
16.4700,23.5594,52.9626,-141.1240,0.0000,56.2054,3.9768,0.0000,27.0761,1.9157,141.3427,61.6320,-36.2237
16.4800,23.5594,53.5259,-141.0842,0.0000,56.4312,3.9927,0.0000,18.0869,1.2797,141.7787,61.8221,-35.0941
16.4900,23.5594,54.0909,-141.0442,0.0000,56.5670,4.0023,0.0000,9.0543,0.6406,142.2058,62.0084,-33.9548
16.5000,23.5594,54.6569,-141.0042,0.0000,56.6123,4.0055,0.0000,0.0000,0.0000,142.6232,62.1904,-32.8079
16.5100,23.5594,55.2229,-140.9641,0.0000,56.5670,4.0023,0.0000,-9.0543,-0.6406,143.0301,62.3678,-31.6552
16.5200,23.5594,55.7879,-140.9241,0.0000,56.4312,3.9927,0.0000,-18.0869,-1.2797,143.4258,62.5403,-30.4987
16.5300,23.5594,56.3512,-140.8843,0.0000,56.2054,3.9768,0.0000,-27.0761,-1.9157,143.8097,62.7077,-29.3403
16.5400,23.5594,56.9117,-140.8446,0.0000,55.8899,3.9544,0.0000,-36.0000,-2.5471,144.1813,62.8698,-28.1823
16.5500,23.5594,57.4687,-140.8052,0.0000,55.4857,3.9258,0.0000,-44.8369,-3.1724,144.5401,63.0262,-27.0265
16.5600,23.5594,58.0212,-140.7661,0.0000,54.9936,3.8910,0.0000,-53.5652,-3.7899,144.8856,63.1769,-25.8750
16.5700,23.5594,58.5683,-140.7274,0.0000,54.4148,3.8501,0.0000,-62.1630,-4.3983,145.2176,63.3216,-24.7300
16.5800,23.5594,59.1092,-140.6891,0.0000,53.7508,3.8031,0.0000,-70.6086,-4.9958,145.5358,63.4604,-23.5933
16.5900,23.5594,59.6430,-140.6514,0.0000,53.0032,3.7502,0.0000,-78.8804,-5.5811,145.8400,63.5930,-22.4672
16.6000,23.5594,60.1690,-140.6142,0.0000,52.1739,3.6915,0.0000,-86.9564,-6.1525,146.1301,63.7195,-21.3536
16.6100,23.5594,60.6862,-140.5776,0.0000,51.2648,3.6272,0.0000,-94.8151,-6.7085,146.4061,63.8399,-20.2545
16.6200,23.5594,61.1940,-140.5416,0.0000,50.2784,3.5574,0.0000,-102.4347,-7.2477,146.6680,63.9541,-19.1719
16.6300,23.5594,61.6915,-140.5064,0.0000,49.2170,3.4823,0.0000,-109.7934,-7.7683,146.9159,64.0622,-18.1077
16.6400,23.5594,62.1781,-140.4720,0.0000,48.0834,3.4021,0.0000,-116.8694,-8.2690,147.1500,64.1642,-17.0638
16.6500,23.5594,62.6530,-140.4384,0.0000,46.8806,3.3170,0.0000,-123.6412,-8.7481,147.3704,64.2604,-16.0419
16.6600,23.5594,63.1155,-140.4057,0.0000,45.6117,3.2272,0.0000,-130.0868,-9.2042,147.5774,64.3506,-15.0439
16.6700,23.5594,63.5650,-140.3739,0.0000,44.2800,3.1330,0.0000,-136.1846,-9.6356,147.7714,64.4352,-14.0714
16.6800,23.5594,64.0009,-140.3430,0.0000,42.8892,3.0346,0.0000,-141.9129,-10.0409,147.9526,64.5142,-13.1260
16.6900,23.5594,64.4226,-140.3132,0.0000,41.4431,2.9323,0.0000,-147.2499,-10.4185,148.1215,64.5879,-12.2092
16.7000,23.5594,64.8296,-140.2844,0.0000,39.9456,2.8263,0.0000,-152.1738,-10.7669,148.2785,64.6563,-11.3226
16.7100,23.5594,65.2214,-140.2567,0.0000,38.4011,2.7170,0.0000,-156.6629,-11.0845,148.4239,64.7197,-10.4673
16.7200,23.5594,65.5975,-140.2301,0.0000,36.8139,2.6047,0.0000,-160.6955,-11.3698,148.5584,64.7784,-9.6446
16.7300,23.5594,65.9575,-140.2046,0.0000,35.1887,2.4897,0.0000,-164.2498,-11.6213,148.6824,64.8324,-8.8556
16.7400,23.5594,66.3011,-140.1803,0.0000,33.5305,2.3724,0.0000,-167.3042,-11.8374,148.7963,64.8821,-8.1014
16.7500,23.5594,66.6280,-140.1572,0.0000,31.8444,2.2531,0.0000,-169.8368,-12.0166,148.9007,64.9276,-7.3827
16.7600,23.5594,66.9379,-140.1352,0.0000,30.1356,2.1322,0.0000,-171.8259,-12.1574,148.9961,64.9692,-6.7004
16.7700,23.5594,67.2307,-140.1145,0.0000,28.4098,2.0101,0.0000,-173.2498,-12.2581,149.0830,65.0071,-6.0551
16.7800,23.5594,67.5061,-140.0950,0.0000,26.6726,1.8872,0.0000,-174.0868,-12.3173,149.1620,65.0416,-5.4472
16.7900,23.5594,67.7641,-140.0768,0.0000,24.9301,1.7639,0.0000,-174.3150,-12.3335,149.2334,65.0727,-4.8771
16.8000,23.5594,68.0047,-140.0597,0.0000,23.1884,1.6407,0.0000,-173.9129,-12.3050,149.2978,65.1008,-4.3449
16.8100,23.5594,68.2279,-140.0440,0.0000,21.4540,1.5180,0.0000,-172.8585,-12.2304,149.3557,65.1260,-3.8507
16.8200,23.5594,68.4338,-140.0294,0.0000,19.7335,1.3962,0.0000,-171.1303,-12.1081,149.4075,65.1486,-3.3944
16.8300,23.5594,68.6226,-140.0160,0.0000,18.0337,1.2760,0.0000,-168.7064,-11.9366,149.4536,65.1687,-2.9757
16.8400,23.5594,68.7946,-140.0039,0.0000,16.3617,1.1577,0.0000,-165.5651,-11.7144,149.4944,65.1865,-2.5941
16.8500,23.5594,68.9500,-139.9929,0.0000,14.7248,1.0418,0.0000,-161.6846,-11.4398,149.5304,65.2022,-2.2490
16.8600,23.5594,69.0892,-139.9830,0.0000,13.1306,0.9290,0.0000,-157.0433,-11.1114,149.5619,65.2159,-1.9397
16.8700,23.5594,69.2128,-139.9743,0.0000,11.5866,0.8198,0.0000,-151.6194,-10.7277,149.5892,65.2279,-1.6651
16.8800,23.5594,69.3212,-139.9666,0.0000,10.1009,0.7147,0.0000,-145.3912,-10.2870,149.6127,65.2381,-1.4240
16.8900,23.5594,69.4150,-139.9600,0.0000,8.6815,0.6143,0.0000,-138.3368,-9.7879,149.6328,65.2468,-1.2153
16.9000,23.5594,69.4950,-139.9543,0.0000,7.3369,0.5191,0.0000,-130.4347,-9.2288,149.6496,65.2542,-1.0372
16.9100,23.5594,69.5620,-139.9496,0.0000,6.0757,0.4299,0.0000,-121.6629,-8.6081,149.6635,65.2602,-0.8881
16.9200,23.5594,69.6169,-139.9457,0.0000,4.9067,0.3472,0.0000,-111.9999,-7.9244,149.6747,65.2651,-0.7660
16.9300,23.5594,69.6605,-139.9426,0.0000,3.8388,0.2716,0.0000,-101.4238,-7.1761,149.6836,65.2690,-0.6688
16.9400,23.5594,69.6940,-139.9402,0.0000,2.8813,0.2039,0.0000,-89.9130,-6.3617,149.6904,65.2720,-0.5942
16.9500,23.5594,69.7185,-139.9385,0.0000,2.0437,0.1446,0.0000,-77.4456,-5.4796,149.6953,65.2741,-0.5396
16.9600,23.5594,69.7353,-139.9373,0.0000,1.3357,0.0945,0.0000,-63.9999,-4.5282,149.6986,65.2756,-0.5022
16.9700,23.5594,69.7457,-139.9366,0.0000,0.7670,0.0543,0.0000,-49.5543,-3.5062,149.7007,65.2765,-0.4790
16.9800,23.5594,69.7511,-139.9362,0.0000,0.3480,0.0246,0.0000,-34.0869,-2.4118,149.7018,65.2769,-0.4669
16.9900,23.5594,69.7532,-139.9360,0.0000,0.0888,0.0063,0.0000,-17.5761,-1.2436,149.7022,65.2771,-0.4624
17.0000,23.5594,69.7535,-139.9360,0.0000,0.0000,0.0000,0.0000,0.0000,0.0000,149.7023,65.2771,-0.4617
17.0100,23.5598,69.7535,-139.9360,0.1143,0.0014,-0.0043,22.6226,0.2710,-0.8469,149.7018,65.2781,-0.4617
17.0200,23.5625,69.7535,-139.9361,0.4479,0.0054,-0.0168,43.8741,0.5255,-1.6424,149.6985,65.2849,-0.4617
17.0300,23.5695,69.7536,-139.9364,0.9873,0.0118,-0.0370,63.7825,0.7639,-2.3877,149.6898,65.3029,-0.4618
17.0400,23.5828,69.7538,-139.9369,1.7191,0.0206,-0.0644,82.3759,0.9866,-3.0837,149.6732,65.3373,-0.4620
17.0500,23.6044,69.7540,-139.9377,2.6305,0.0315,-0.0985,99.6821,1.1939,-3.7315,149.6464,65.3927,-0.4623
17.0600,23.6360,69.7544,-139.9389,3.7086,0.0444,-0.1388,115.7291,1.3861,-4.3322,149.6071,65.4738,-0.4628
17.0700,23.6791,69.7549,-139.9405,4.9410,0.0592,-0.1850,130.5450,1.5636,-4.8869,149.5534,65.5844,-0.4634
17.0800,23.7353,69.7556,-139.9426,6.3155,0.0756,-0.2364,144.1578,1.7266,-5.3965,149.4834,65.7285,-0.4642
17.0900,23.8059,69.7564,-139.9452,7.8202,0.0937,-0.2927,156.5953,1.8756,-5.8620,149.3952,65.9094,-0.4652
17.1000,23.8921,69.7575,-139.9485,9.4436,0.1131,-0.3535,167.8856,2.0108,-6.2847,149.2871,66.1303,-0.4664
17.1100,23.9951,69.7587,-139.9523,11.1742,0.1338,-0.4183,178.0567,2.1326,-6.6654,149.1576,66.3940,-0.4678
17.1200,24.1159,69.7602,-139.9568,13.0011,0.1557,-0.4867,187.1365,2.2414,-7.0053,149.0051,66.7028,-0.4695
17.1300,24.2554,69.7618,-139.9621,14.9134,0.1786,-0.5583,195.1530,2.3374,-7.3054,148.8282,67.0591,-0.4715
17.1400,24.4144,69.7637,-139.9680,16.9007,0.2024,-0.6327,202.1342,2.4210,-7.5668,148.6255,67.4646,-0.4737
17.1500,24.5936,69.7659,-139.9747,18.9527,0.2270,-0.7095,208.1082,2.4926,-7.7904,148.3957,67.9209,-0.4763
17.1600,24.7937,69.7683,-139.9822,21.0596,0.2522,-0.7884,213.1028,2.5524,-7.9774,148.1376,68.4293,-0.4791
17.1700,25.0150,69.7709,-139.9905,23.2116,0.2780,-0.8689,217.1460,2.6008,-8.1287,147.8500,68.9907,-0.4822
17.1800,25.2580,69.7738,-139.9996,25.3994,0.3042,-0.9508,220.2659,2.6382,-8.2455,147.5317,69.6057,-0.4856
17.1900,25.5231,69.7770,-140.0095,27.6139,0.3307,-1.0337,222.4904,2.6648,-8.3288,147.1817,70.2748,-0.4893
17.2000,25.8104,69.7805,-140.0203,29.8463,0.3575,-1.1173,223.8475,2.6811,-8.3796,146.7989,70.9981,-0.4934
17.2100,26.1200,69.7842,-140.0319,32.0881,0.3843,-1.2012,224.3651,2.6873,-8.3990,146.3823,71.7754,-0.4977
17.2200,26.4521,69.7881,-140.0443,34.3309,0.4112,-1.2852,224.0713,2.6838,-8.3880,145.9309,72.6063,-0.5024
17.2300,26.8066,69.7924,-140.0576,36.5669,0.4380,-1.3689,222.9940,2.6709,-8.3476,145.4439,73.4901,-0.5073
17.2400,27.1834,69.7969,-140.0717,38.7883,0.4646,-1.4520,221.1613,2.6489,-8.2790,144.9204,74.4259,-0.5126
17.2500,27.5823,69.8017,-140.0866,40.9877,0.4909,-1.5343,218.6010,2.6182,-8.1832,144.3597,75.4127,-0.5182
17.2600,28.0031,69.8067,-140.1024,43.1580,0.5169,-1.6156,215.3412,2.5792,-8.0612,143.7609,76.4489,-0.5241
17.2700,28.4453,69.8120,-140.1189,45.2923,0.5425,-1.6955,211.4099,2.5321,-7.9140,143.1235,77.5330,-0.5302
17.2800,28.9088,69.8176,-140.1363,47.3840,0.5675,-1.7738,206.8350,2.4773,-7.7427,142.4468,78.6633,-0.5367
17.2900,29.3929,69.8234,-140.1544,49.4269,0.5920,-1.8503,201.6446,2.4152,-7.5484,141.7304,79.8377,-0.5435
17.3000,29.8971,69.8294,-140.1733,51.4150,0.6158,-1.9247,195.8665,2.3459,-7.3321,140.9739,81.0542,-0.5505
17.3100,30.4210,69.8357,-140.1929,53.3424,0.6389,-1.9968,189.5288,2.2700,-7.0949,140.1770,82.3103,-0.5578
17.3200,30.9637,69.8422,-140.2132,55.2038,0.6612,-2.0665,182.6595,2.1878,-6.8377,139.3395,83.6037,-0.5653
17.3300,31.5248,69.8489,-140.2342,56.9939,0.6826,-2.1335,175.2865,2.0995,-6.5617,138.4612,84.9316,-0.5731
17.3400,32.1034,69.8558,-140.2559,58.7079,0.7032,-2.1977,167.4379,2.0054,-6.2679,137.5423,86.2914,-0.5811
17.3500,32.6987,69.8630,-140.2781,60.3412,0.7227,-2.2588,159.1415,1.9061,-5.9574,136.5829,87.6802,-0.5894
17.3600,33.3099,69.8703,-140.3010,61.8893,0.7413,-2.3168,150.4255,1.8017,-5.6311,135.5832,89.0951,-0.5979
17.3700,33.9362,69.8778,-140.3245,63.3484,0.7587,-2.3714,141.3177,1.6926,-5.2901,134.5438,90.5330,-0.6065
17.3800,34.5766,69.8854,-140.3484,64.7145,0.7751,-2.4225,131.8461,1.5792,-4.9356,133.4652,91.9909,-0.6154
17.3900,35.2301,69.8933,-140.3729,65.9842,0.7903,-2.4701,122.0388,1.4617,-4.5684,132.3480,93.4656,-0.6244
17.4000,35.8959,69.9012,-140.3978,67.1542,0.8043,-2.5139,111.9237,1.3405,-4.1898,131.1934,94.9539,-0.6336
17.4100,36.5729,69.9094,-140.4232,68.2217,0.8171,-2.5538,101.5288,1.2160,-3.8007,130.0021,96.4527,-0.6429
17.4200,37.2600,69.9176,-140.4489,69.1840,0.8286,-2.5899,90.8821,1.0885,-3.4021,128.7755,97.9587,-0.6523
17.4300,37.9562,69.9259,-140.4750,70.0386,0.8389,-2.6219,80.0115,0.9583,-2.9952,127.5150,99.4688,-0.6619
17.4400,38.6604,69.9344,-140.5013,70.7835,0.8478,-2.6497,68.9450,0.8258,-2.5809,126.2219,100.9797,-0.6715
17.4500,39.3715,69.9429,-140.5279,71.4170,0.8554,-2.6735,57.7107,0.6912,-2.1604,124.8981,102.4885,-0.6813
17.4600,40.0884,69.9515,-140.5548,71.9373,0.8616,-2.6929,46.3364,0.5550,-1.7346,123.5453,103.9920,-0.6911
17.4700,40.8099,69.9601,-140.5818,72.3433,0.8665,-2.7081,34.8502,0.4174,-1.3046,122.1655,105.4872,-0.7009
17.4800,41.5349,69.9688,-140.6089,72.6340,0.8700,-2.7190,23.2801,0.2788,-0.8715,120.7609,106.9712,-0.7108
17.4900,42.2622,69.9775,-140.6361,72.8087,0.8720,-2.7256,11.6541,0.1396,-0.4363,119.3336,108.4413,-0.7207
17.5000,42.9906,69.9862,-140.6634,72.8670,0.8727,-2.7277,0.0000,0.0000,0.0000,117.8862,109.8947,-0.7306
17.5100,43.7191,69.9949,-140.6907,72.8087,0.8720,-2.7256,-11.6541,-0.1396,0.4363,116.4211,111.3288,-0.7405
17.5200,44.4464,70.0037,-140.7179,72.6340,0.8700,-2.7190,-23.2801,-0.2788,0.8715,114.9410,112.7412,-0.7504
17.5300,45.1714,70.0123,-140.7450,72.3433,0.8665,-2.7081,-34.8502,-0.4174,1.3046,113.4487,114.1295,-0.7602
17.5400,45.8929,70.0210,-140.7721,71.9373,0.8616,-2.6929,-46.3364,-0.5550,1.7346,111.9469,115.4916,-0.7699
17.5500,46.6098,70.0296,-140.7989,71.4170,0.8554,-2.6735,-57.7107,-0.6912,2.1604,110.4385,116.8254,-0.7796
17.5600,47.3209,70.0381,-140.8255,70.7835,0.8478,-2.6497,-68.9450,-0.8258,2.5809,108.9267,118.1291,-0.7892
17.5700,48.0251,70.0465,-140.8519,70.0386,0.8389,-2.6219,-80.0115,-0.9583,2.9952,107.4144,119.4008,-0.7987
17.5800,48.7213,70.0549,-140.8779,69.1840,0.8286,-2.5899,-90.8821,-1.0885,3.4021,105.9047,120.6392,-0.8080
17.5900,49.4084,70.0631,-140.9037,68.2217,0.8171,-2.5538,-101.5288,-1.2160,3.8007,104.4008,121.8426,-0.8173
17.6000,50.0854,70.0712,-140.9290,67.1542,0.8043,-2.5139,-111.9237,-1.3405,4.1898,102.9058,123.0100,-0.8263
17.6100,50.7511,70.0792,-140.9539,65.9842,0.7903,-2.4701,-122.0388,-1.4617,4.5684,101.4227,124.1403,-0.8352
17.6200,51.4047,70.0870,-140.9784,64.7145,0.7751,-2.4225,-131.8461,-1.5792,4.9356,99.9549,125.2324,-0.8440
17.6300,52.0451,70.0947,-141.0024,63.3484,0.7587,-2.3714,-141.3177,-1.6926,5.2901,98.5052,126.2858,-0.8525
17.6400,52.6714,70.1022,-141.0258,61.8893,0.7413,-2.3168,-150.4255,-1.8017,5.6311,97.0769,127.2996,-0.8609
17.6500,53.2826,70.1095,-141.0487,60.3412,0.7227,-2.2588,-159.1415,-1.9061,5.9574,95.6728,128.2736,-0.8690
17.6600,53.8779,70.1166,-141.0710,58.7079,0.7032,-2.1977,-167.4379,-2.0054,6.2679,94.2959,129.2074,-0.8770
17.6700,54.4565,70.1236,-141.0926,56.9939,0.6826,-2.1335,-175.2865,-2.0995,6.5617,92.9491,130.1007,-0.8847
17.6800,55.0175,70.1303,-141.1136,55.2038,0.6612,-2.0665,-182.6595,-2.1878,6.8377,91.6350,130.9536,-0.8921
17.6900,55.5603,70.1368,-141.1339,53.3424,0.6389,-1.9968,-189.5288,-2.2700,7.0949,90.3562,131.7661,-0.8993
17.7000,56.0842,70.1430,-141.1536,51.4150,0.6158,-1.9247,-195.8665,-2.3459,7.3321,89.1153,132.5384,-0.9062
17.7100,56.5884,70.1491,-141.1724,49.4269,0.5920,-1.8503,-201.6446,-2.4152,7.5484,87.9146,133.2709,-0.9129
17.7200,57.0725,70.1549,-141.1906,47.3840,0.5675,-1.7738,-206.8350,-2.4773,7.7427,86.7562,133.9638,-0.9193
17.7300,57.5359,70.1604,-141.2079,45.2923,0.5425,-1.6955,-211.4099,-2.5321,7.9140,85.6423,134.6177,-0.9254
17.7400,57.9782,70.1657,-141.2245,43.1580,0.5169,-1.6156,-215.3412,-2.5792,8.0612,84.5745,135.2331,-0.9313
17.7500,58.3990,70.1708,-141.2402,40.9877,0.4909,-1.5343,-218.6010,-2.6182,8.1832,83.5547,135.8108,-0.9368
17.7600,58.7979,70.1756,-141.2551,38.7883,0.4646,-1.4520,-221.1613,-2.6489,8.2790,82.5842,136.3513,-0.9421
17.7700,59.1747,70.1801,-141.2693,36.5669,0.4380,-1.3689,-222.9940,-2.6709,8.3476,81.6643,136.8555,-0.9470
17.7800,59.5292,70.1843,-141.2825,34.3309,0.4112,-1.2852,-224.0713,-2.6838,8.3880,80.7960,137.3242,-0.9517
17.7900,59.8613,70.1883,-141.2950,32.0881,0.3843,-1.2012,-224.3651,-2.6873,8.3990,79.9802,137.7583,-0.9561
17.8000,60.1709,70.1920,-141.3065,29.8463,0.3575,-1.1173,-223.8475,-2.6811,8.3796,79.2174,138.1587,-0.9601
17.8100,60.4582,70.1954,-141.3173,27.6139,0.3307,-1.0337,-222.4904,-2.6648,8.3288,78.5079,138.5265,-0.9639
17.8200,60.7233,70.1986,-141.3272,25.3994,0.3042,-0.9508,-220.2659,-2.6382,8.2455,77.8518,138.8625,-0.9674
17.8300,60.9663,70.2015,-141.3363,23.2116,0.2780,-0.8689,-217.1460,-2.6008,8.1287,77.2490,139.1678,-0.9706
17.8400,61.1876,70.2042,-141.3446,21.0596,0.2522,-0.7884,-213.1028,-2.5524,7.9774,76.6990,139.4436,-0.9735
17.8500,61.3876,70.2066,-141.3521,18.9527,0.2270,-0.7095,-208.1082,-2.4926,7.7904,76.2011,139.6910,-0.9761
17.8600,61.5669,70.2087,-141.3588,16.9007,0.2024,-0.6327,-202.1342,-2.4210,7.5668,75.7543,139.9112,-0.9785
17.8700,61.7259,70.2106,-141.3648,14.9134,0.1786,-0.5583,-195.1530,-2.3374,7.3054,75.3574,140.1054,-0.9805
17.8800,61.8654,70.2123,-141.3700,13.0011,0.1557,-0.4867,-187.1365,-2.2414,7.0053,75.0087,140.2748,-0.9824
17.8900,61.9862,70.2137,-141.3745,11.1742,0.1338,-0.4183,-178.0567,-2.1326,6.6654,74.7065,140.4207,-0.9839
17.9000,62.0892,70.2150,-141.3784,9.4436,0.1131,-0.3535,-167.8856,-2.0108,6.2847,74.4486,140.5447,-0.9853
17.9100,62.1754,70.2160,-141.3816,7.8202,0.0937,-0.2927,-156.5953,-1.8756,5.8620,74.2325,140.6481,-0.9864
17.9200,62.2460,70.2169,-141.3842,6.3155,0.0756,-0.2364,-144.1578,-1.7266,5.3965,74.0555,140.7325,-0.9873
17.9300,62.3022,70.2175,-141.3863,4.9410,0.0592,-0.1850,-130.5450,-1.5636,4.8869,73.9146,140.7995,-0.9881
17.9400,62.3453,70.2180,-141.3879,3.7086,0.0444,-0.1388,-115.7291,-1.3861,4.3322,73.8064,140.8509,-0.9886
17.9500,62.3768,70.2184,-141.3891,2.6305,0.0315,-0.0985,-99.6821,-1.1939,3.7315,73.7272,140.8884,-0.9891
17.9600,62.3984,70.2187,-141.3899,1.7191,0.0206,-0.0644,-82.3759,-0.9866,3.0837,73.6730,140.9140,-0.9893
17.9700,62.4118,70.2188,-141.3904,0.9873,0.0118,-0.0370,-63.7825,-0.7639,2.3877,73.6394,140.9299,-0.9895
17.9800,62.4188,70.2189,-141.3907,0.4479,0.0054,-0.0168,-43.8741,-0.5255,1.6424,73.6218,140.9382,-0.9896
17.9900,62.4215,70.2190,-141.3908,0.1143,0.0014,-0.0043,-22.6226,-0.2710,0.8469,73.6152,140.9414,-0.9896
18.0000,62.4218,70.2190,-141.3908,0.0000,0.0000,0.0000,0.0000,0.0000,0.0000,73.6142,140.9418,-0.9896
18.0100,62.4218,70.2187,-141.3908,0.0000,-0.0912,-0.0064,0.0000,-18.0525,-1.2741,73.6142,140.9418,-0.9903
18.0200,62.4218,70.2166,-141.3910,0.0000,-0.3574,-0.0252,0.0000,-35.0109,-2.4709,73.6139,140.9413,-0.9948
18.0300,62.4218,70.2110,-141.3914,0.0000,-0.7878,-0.0556,0.0000,-50.8975,-3.5921,73.6134,140.9402,-1.0068
18.0400,62.4218,70.2003,-141.3921,0.0000,-1.3719,-0.0968,0.0000,-65.7347,-4.6392,73.6122,140.9381,-1.0298
18.0500,62.4218,70.1830,-141.3933,0.0000,-2.0991,-0.1481,0.0000,-79.5448,-5.6139,73.6104,140.9346,-1.0668
18.0600,62.4218,70.1579,-141.3951,0.0000,-2.9594,-0.2089,0.0000,-92.3502,-6.5176,73.6077,140.9295,-1.1209
18.0700,62.4218,70.1234,-141.3975,0.0000,-3.9428,-0.2783,0.0000,-104.1730,-7.3520,73.6041,140.9224,-1.1948
18.0800,62.4218,70.0786,-141.4007,0.0000,-5.0397,-0.3557,0.0000,-115.0358,-8.1187,73.5993,140.9132,-1.2911
18.0900,62.4218,70.0223,-141.4047,0.0000,-6.2404,-0.4404,0.0000,-124.9608,-8.8191,73.5932,140.9016,-1.4120
18.1000,62.4218,69.9535,-141.4095,0.0000,-7.5358,-0.5318,0.0000,-133.9703,-9.4550,73.5856,140.8872,-1.5597
18.1100,62.4218,69.8713,-141.4153,0.0000,-8.9168,-0.6293,0.0000,-142.0866,-10.0278,73.5766,140.8698,-1.7361
18.1200,62.4218,69.7749,-141.4221,0.0000,-10.3747,-0.7322,0.0000,-149.3322,-10.5391,73.5657,140.8490,-1.9430
18.1300,62.4218,69.6636,-141.4300,0.0000,-11.9007,-0.8399,0.0000,-155.7293,-10.9906,73.5530,140.8247,-2.1817
18.1400,62.4218,69.5367,-141.4390,0.0000,-13.4865,-0.9518,0.0000,-161.3002,-11.3838,73.5383,140.7965,-2.4537
18.1500,62.4218,69.3937,-141.4491,0.0000,-15.1240,-1.0674,0.0000,-166.0673,-11.7202,73.5213,140.7640,-2.7601
18.1600,62.4218,69.2341,-141.4603,0.0000,-16.8052,-1.1860,0.0000,-170.0529,-12.0015,73.5019,140.7269,-3.1019
18.1700,62.4218,69.0575,-141.4728,0.0000,-18.5225,-1.3072,0.0000,-173.2794,-12.2292,73.4800,140.6848,-3.4798
18.1800,62.4218,68.8635,-141.4865,0.0000,-20.2684,-1.4304,0.0000,-175.7690,-12.4049,73.4552,140.6374,-3.8945
18.1900,62.4218,68.6520,-141.5014,0.0000,-22.0355,-1.5552,0.0000,-177.5441,-12.5302,73.4274,140.5842,-4.3463
18.2000,62.4218,68.4228,-141.5176,0.0000,-23.8169,-1.6809,0.0000,-178.6270,-12.6066,73.3964,140.5249,-4.8356
18.2100,62.4218,68.1757,-141.5350,0.0000,-25.6058,-1.8071,0.0000,-179.0401,-12.6358,73.3619,140.4589,-5.3625
18.2200,62.4218,67.9106,-141.5537,0.0000,-27.3956,-1.9334,0.0000,-178.8056,-12.6192,73.3238,140.3858,-5.9269
18.2300,62.4218,67.6278,-141.5737,0.0000,-29.1798,-2.0594,0.0000,-177.9460,-12.5586,73.2817,140.3052,-6.5287
18.2400,62.4218,67.3271,-141.5949,0.0000,-30.9525,-2.1845,0.0000,-176.4835,-12.4553,73.2353,140.2165,-7.1674
18.2500,62.4218,67.0088,-141.6174,0.0000,-32.7076,-2.3083,0.0000,-174.4404,-12.3112,73.1846,140.1192,-7.8427
18.2600,62.4218,66.6730,-141.6411,0.0000,-34.4394,-2.4306,0.0000,-171.8392,-12.1276,73.1291,140.0130,-8.5538
18.2700,62.4218,66.3201,-141.6660,0.0000,-36.1426,-2.5508,0.0000,-168.7020,-11.9062,73.0686,139.8972,-9.3001
18.2800,62.4218,65.9503,-141.6921,0.0000,-37.8118,-2.6686,0.0000,-165.0514,-11.6485,73.0029,139.7714,-10.0806
18.2900,62.4218,65.5640,-141.7193,0.0000,-39.4420,-2.7836,0.0000,-160.9094,-11.3562,72.9317,139.6351,-10.8944
18.3000,62.4218,65.1616,-141.7477,0.0000,-41.0284,-2.8956,0.0000,-156.2986,-11.0308,72.8547,139.4878,-11.7403
18.3100,62.4218,64.7436,-141.7772,0.0000,-42.5665,-3.0041,0.0000,-151.2413,-10.6739,72.7718,139.3290,-12.6171
18.3200,62.4218,64.3104,-141.8078,0.0000,-44.0518,-3.1090,0.0000,-145.7596,-10.2870,72.6827,139.1584,-13.5234
18.3300,62.4218,63.8627,-141.8394,0.0000,-45.4803,-3.2098,0.0000,-139.8761,-9.8718,72.5872,138.9755,-14.4579
18.3400,62.4218,63.4010,-141.8720,0.0000,-46.8481,-3.3063,0.0000,-133.6130,-9.4298,72.4851,138.7800,-15.4190
18.3500,62.4218,62.9260,-141.9055,0.0000,-48.1514,-3.3983,0.0000,-126.9926,-8.9625,72.3762,138.5715,-16.4052
18.3600,62.4218,62.4382,-141.9399,0.0000,-49.3868,-3.4855,0.0000,-120.0374,-8.4717,72.2603,138.3497,-17.4146
18.3700,62.4218,61.9385,-141.9752,0.0000,-50.5511,-3.5676,0.0000,-112.7695,-7.9587,72.1375,138.1145,-18.4457
18.3800,62.4218,61.4274,-142.0113,0.0000,-51.6412,-3.6446,0.0000,-105.2113,-7.4253,72.0074,137.8655,-19.4965
18.3900,62.4218,60.9059,-142.0481,0.0000,-52.6544,-3.7161,0.0000,-97.3852,-6.8730,71.8701,137.6027,-20.5652
18.4000,62.4218,60.3746,-142.0856,0.0000,-53.5881,-3.7820,0.0000,-89.3135,-6.3033,71.7256,137.3259,-21.6499
18.4100,62.4218,59.8344,-142.1237,0.0000,-54.4399,-3.8421,0.0000,-81.0185,-5.7179,71.5738,137.0353,-22.7486
18.4200,62.4218,59.2861,-142.1624,0.0000,-55.2078,-3.8963,0.0000,-72.5226,-5.1183,71.4147,136.7307,-23.8594
18.4300,62.4218,58.7305,-142.2016,0.0000,-55.8898,-3.9444,0.0000,-63.8480,-4.5061,71.2485,136.4124,-24.9802
18.4400,62.4218,58.1686,-142.2413,0.0000,-56.4842,-3.9864,0.0000,-55.0171,-3.8828,71.0752,136.0806,-26.1090
18.4500,62.4218,57.6012,-142.2813,0.0000,-56.9897,-4.0221,0.0000,-46.0523,-3.2501,70.8949,135.7354,-27.2437
18.4600,62.4218,57.0291,-142.3217,0.0000,-57.4049,-4.0514,0.0000,-36.9758,-2.6096,70.7078,135.3773,-28.3823
18.4700,62.4218,56.4534,-142.3623,0.0000,-57.7289,-4.0742,0.0000,-27.8100,-1.9627,70.5142,135.0066,-29.5228
18.4800,62.4218,55.8748,-142.4031,0.0000,-57.9609,-4.0906,0.0000,-18.5772,-1.3111,70.3143,134.6238,-30.6631
18.4900,62.4218,55.2945,-142.4441,0.0000,-58.1003,-4.1004,0.0000,-9.2998,-0.6563,70.1083,134.2295,-31.8013
18.5000,62.4218,54.7131,-142.4851,0.0000,-58.1468,-4.1037,0.0000,-0.0000,0.0000,69.8967,133.8243,-32.9353
18.5100,62.4218,54.1318,-142.5262,0.0000,-58.1003,-4.1004,0.0000,9.2998,0.6563,69.6797,133.4088,-34.0632
18.5200,62.4218,53.5514,-142.5671,0.0000,-57.9609,-4.0906,0.0000,18.5772,1.3111,69.4578,132.9839,-35.1831
18.5300,62.4218,52.9729,-142.6079,0.0000,-57.7289,-4.0742,0.0000,27.8100,1.9627,69.2313,132.5504,-36.2932
18.5400,62.4218,52.3972,-142.6486,0.0000,-57.4049,-4.0514,0.0000,36.9758,2.6096,69.0008,132.1091,-37.3916
18.5500,62.4218,51.8251,-142.6890,0.0000,-56.9897,-4.0221,0.0000,46.0523,3.2501,68.7668,131.6609,-38.4765
18.5600,62.4218,51.2577,-142.7290,0.0000,-56.4842,-3.9864,0.0000,55.0171,3.8828,68.5297,131.2070,-39.5463
18.5700,62.4218,50.6957,-142.7687,0.0000,-55.8898,-3.9444,0.0000,63.8480,4.5061,68.2901,130.7482,-40.5995
18.5800,62.4218,50.1402,-142.8079,0.0000,-55.2078,-3.8963,0.0000,72.5226,5.1183,68.0485,130.2857,-41.6343
18.5900,62.4218,49.5919,-142.8466,0.0000,-54.4399,-3.8421,0.0000,81.0185,5.7179,67.8056,129.8207,-42.6493
18.6000,62.4218,49.0517,-142.8847,0.0000,-53.5881,-3.7820,0.0000,89.3135,6.3033,67.5619,129.3541,-43.6432
18.6100,62.4218,48.5204,-142.9222,0.0000,-52.6544,-3.7161,0.0000,97.3852,6.8730,67.3181,128.8873,-44.6146
18.6200,62.4218,47.9988,-142.9590,0.0000,-51.6412,-3.6446,0.0000,105.2113,7.4253,67.0747,128.4213,-45.5623
18.6300,62.4218,47.4878,-142.9951,0.0000,-50.5511,-3.5676,0.0000,112.7695,7.9587,66.8324,127.9574,-46.4851
18.6400,62.4218,46.9881,-143.0303,0.0000,-49.3868,-3.4855,0.0000,120.0374,8.4717,66.5919,127.4969,-47.3819
18.6500,62.4218,46.5003,-143.0648,0.0000,-48.1514,-3.3983,0.0000,126.9926,8.9625,66.3537,127.0408,-48.2518
18.6600,62.4218,46.0253,-143.0983,0.0000,-46.8481,-3.3063,0.0000,133.6130,9.4298,66.1184,126.5904,-49.0939
18.6700,62.4218,45.5636,-143.1309,0.0000,-45.4803,-3.2098,0.0000,139.8761,9.8718,65.8867,126.1468,-49.9074
18.6800,62.4218,45.1159,-143.1625,0.0000,-44.0518,-3.1090,0.0000,145.7596,10.2870,65.6592,125.7113,-50.6915
18.6900,62.4218,44.6827,-143.1930,0.0000,-42.5665,-3.0041,0.0000,151.2413,10.6739,65.4365,125.2848,-51.4456
18.7000,62.4218,44.2647,-143.2225,0.0000,-41.0284,-2.8956,0.0000,156.2986,11.0308,65.2191,124.8686,-52.1692
18.7100,62.4218,43.8623,-143.2509,0.0000,-39.4420,-2.7836,0.0000,160.9094,11.3562,65.0076,124.4636,-52.8618
18.7200,62.4218,43.4760,-143.2782,0.0000,-37.8118,-2.6686,0.0000,165.0514,11.6485,64.8025,124.0709,-53.5231
18.7300,62.4218,43.1062,-143.3043,0.0000,-36.1426,-2.5508,0.0000,168.7020,11.9062,64.6042,123.6913,-54.1528
18.7400,62.4218,42.7533,-143.3292,0.0000,-34.4394,-2.4306,0.0000,171.8392,12.1276,64.4133,123.3258,-54.7506
18.7500,62.4218,42.4175,-143.3529,0.0000,-32.7076,-2.3083,0.0000,174.4404,12.3112,64.2301,122.9751,-55.3165
18.7600,62.4218,42.0992,-143.3754,0.0000,-30.9525,-2.1845,0.0000,176.4835,12.4553,64.0551,122.6400,-55.8504
18.7700,62.4218,41.7985,-143.3966,0.0000,-29.1798,-2.0594,0.0000,177.9460,12.5586,63.8886,122.3211,-56.3524
18.7800,62.4218,41.5156,-143.4165,0.0000,-27.3956,-1.9334,0.0000,178.8056,12.6192,63.7308,122.0190,-56.8226
18.7900,62.4218,41.2506,-143.4353,0.0000,-25.6058,-1.8071,0.0000,179.0401,12.6358,63.5820,121.7342,-57.2613
18.8000,62.4218,41.0035,-143.4527,0.0000,-23.8169,-1.6809,0.0000,178.6270,12.6066,63.4425,121.4671,-57.6688
18.8100,62.4218,40.7743,-143.4689,0.0000,-22.0355,-1.5552,0.0000,177.5441,12.5302,63.3124,121.2179,-58.0455
18.8200,62.4218,40.5628,-143.4838,0.0000,-20.2684,-1.4304,0.0000,175.7690,12.4049,63.1917,120.9869,-58.3917
18.8300,62.4218,40.3688,-143.4975,0.0000,-18.5225,-1.3072,0.0000,173.2794,12.2292,63.0806,120.7741,-58.7083
18.8400,62.4218,40.1922,-143.5099,0.0000,-16.8052,-1.1860,0.0000,170.0529,12.0015,62.9789,120.5795,-58.9957
18.8500,62.4218,40.0326,-143.5212,0.0000,-15.1240,-1.0674,0.0000,166.0673,11.7202,62.8867,120.4030,-59.2547
18.8600,62.4218,39.8896,-143.5313,0.0000,-13.4865,-0.9518,0.0000,161.3002,11.3838,62.8039,120.2443,-59.4863
18.8700,62.4218,39.7627,-143.5403,0.0000,-11.9007,-0.8399,0.0000,155.7293,10.9906,62.7301,120.1031,-59.6913
18.8800,62.4218,39.6514,-143.5481,0.0000,-10.3747,-0.7322,0.0000,149.3322,10.5391,62.6652,119.9789,-59.8708
18.8900,62.4218,39.5550,-143.5549,0.0000,-8.9168,-0.6293,0.0000,142.0866,10.0278,62.6089,119.8712,-60.0260
18.9000,62.4218,39.4728,-143.5607,0.0000,-7.5358,-0.5318,0.0000,133.9703,9.4550,62.5608,119.7791,-60.1581
18.9100,62.4218,39.4040,-143.5656,0.0000,-6.2404,-0.4404,0.0000,124.9608,8.8191,62.5205,119.7019,-60.2686
18.9200,62.4218,39.3477,-143.5696,0.0000,-5.0397,-0.3557,0.0000,115.0358,8.1187,62.4875,119.6386,-60.3589
18.9300,62.4218,39.3028,-143.5727,0.0000,-3.9428,-0.2783,0.0000,104.1730,7.3520,62.4611,119.5882,-60.4307
18.9400,62.4218,39.2684,-143.5751,0.0000,-2.9594,-0.2089,0.0000,92.3502,6.5176,62.4409,119.5494,-60.4858
18.9500,62.4218,39.2432,-143.5769,0.0000,-2.0991,-0.1481,0.0000,79.5448,5.6139,62.4261,119.5211,-60.5262
18.9600,62.4218,39.2260,-143.5781,0.0000,-1.3719,-0.0968,0.0000,65.7347,4.6392,62.4159,119.5016,-60.5537
18.9700,62.4218,39.2153,-143.5789,0.0000,-0.7878,-0.0556,0.0000,50.8975,3.5921,62.4097,119.4896,-60.5708
18.9800,62.4218,39.2097,-143.5793,0.0000,-0.3574,-0.0252,0.0000,35.0109,2.4709,62.4064,119.4833,-60.5798
18.9900,62.4218,39.2076,-143.5794,0.0000,-0.0912,-0.0064,0.0000,18.0525,1.2741,62.4051,119.4809,-60.5831
19.0000,62.4218,39.2073,-143.5795,0.0000,-0.0000,0.0000,0.0000,-0.0000,0.0000,62.4049,119.4806,-60.5836
19.0100,62.4218,39.2076,-143.5794,0.0000,0.0912,0.0064,0.0000,18.0525,1.2741,62.4051,119.4809,-60.5831
19.0200,62.4218,39.2097,-143.5793,0.0000,0.3574,0.0252,0.0000,35.0109,2.4709,62.4064,119.4833,-60.5798
19.0300,62.4218,39.2153,-143.5789,0.0000,0.7878,0.0556,0.0000,50.8975,3.5921,62.4097,119.4896,-60.5708
19.0400,62.4218,39.2260,-143.5781,0.0000,1.3719,0.0968,0.0000,65.7347,4.6392,62.4159,119.5016,-60.5537
19.0500,62.4218,39.2432,-143.5769,0.0000,2.0991,0.1481,0.0000,79.5448,5.6139,62.4261,119.5211,-60.5262
19.0600,62.4218,39.2684,-143.5751,0.0000,2.9594,0.2089,0.0000,92.3502,6.5176,62.4409,119.5494,-60.4858
19.0700,62.4218,39.3028,-143.5727,0.0000,3.9428,0.2783,0.0000,104.1730,7.3520,62.4611,119.5882,-60.4307
19.0800,62.4218,39.3477,-143.5696,0.0000,5.0397,0.3557,0.0000,115.0358,8.1187,62.4875,119.6386,-60.3589
19.0900,62.4218,39.4040,-143.5656,0.0000,6.2404,0.4404,0.0000,124.9608,8.8191,62.5205,119.7019,-60.2686
19.1000,62.4218,39.4728,-143.5607,0.0000,7.5358,0.5318,0.0000,133.9703,9.4550,62.5608,119.7791,-60.1581
19.1100,62.4218,39.5550,-143.5549,0.0000,8.9168,0.6293,0.0000,142.0866,10.0278,62.6089,119.8712,-60.0260
19.1200,62.4218,39.6514,-143.5481,0.0000,10.3747,0.7322,0.0000,149.3322,10.5391,62.6652,119.9789,-59.8708
19.1300,62.4218,39.7627,-143.5403,0.0000,11.9007,0.8399,0.0000,155.7293,10.9906,62.7301,120.1031,-59.6913
19.1400,62.4218,39.8896,-143.5313,0.0000,13.4865,0.9518,0.0000,161.3002,11.3838,62.8039,120.2443,-59.4863
19.1500,62.4218,40.0326,-143.5212,0.0000,15.1240,1.0674,0.0000,166.0673,11.7202,62.8867,120.4030,-59.2547
19.1600,62.4218,40.1922,-143.5099,0.0000,16.8052,1.1860,0.0000,170.0529,12.0015,62.9789,120.5795,-58.9957
19.1700,62.4218,40.3688,-143.4975,0.0000,18.5225,1.3072,0.0000,173.2794,12.2292,63.0806,120.7741,-58.7083
19.1800,62.4218,40.5628,-143.4838,0.0000,20.2684,1.4304,0.0000,175.7690,12.4049,63.1917,120.9869,-58.3917
19.1900,62.4218,40.7743,-143.4689,0.0000,22.0355,1.5552,0.0000,177.5441,12.5302,63.3124,121.2179,-58.0455
19.2000,62.4218,41.0035,-143.4527,0.0000,23.8169,1.6809,0.0000,178.6270,12.6066,63.4425,121.4671,-57.6688
19.2100,62.4218,41.2506,-143.4353,0.0000,25.6058,1.8071,0.0000,179.0401,12.6358,63.5820,121.7342,-57.2613
19.2200,62.4218,41.5156,-143.4165,0.0000,27.3956,1.9334,0.0000,178.8056,12.6192,63.7308,122.0190,-56.8226
19.2300,62.4218,41.7985,-143.3966,0.0000,29.1798,2.0594,0.0000,177.9460,12.5586,63.8886,122.3211,-56.3524
19.2400,62.4218,42.0992,-143.3754,0.0000,30.9525,2.1845,0.0000,176.4835,12.4553,64.0551,122.6400,-55.8504
19.2500,62.4218,42.4175,-143.3529,0.0000,32.7076,2.3083,0.0000,174.4404,12.3112,64.2301,122.9751,-55.3165
19.2600,62.4218,42.7533,-143.3292,0.0000,34.4394,2.4306,0.0000,171.8392,12.1276,64.4133,123.3258,-54.7506
19.2700,62.4218,43.1062,-143.3043,0.0000,36.1426,2.5508,0.0000,168.7020,11.9062,64.6042,123.6913,-54.1528
19.2800,62.4218,43.4760,-143.2782,0.0000,37.8118,2.6686,0.0000,165.0514,11.6485,64.8025,124.0709,-53.5231
19.2900,62.4218,43.8623,-143.2509,0.0000,39.4420,2.7836,0.0000,160.9094,11.3562,65.0076,124.4636,-52.8618
19.3000,62.4218,44.2647,-143.2225,0.0000,41.0284,2.8956,0.0000,156.2986,11.0308,65.2191,124.8686,-52.1692
19.3100,62.4218,44.6827,-143.1930,0.0000,42.5665,3.0041,0.0000,151.2413,10.6739,65.4365,125.2848,-51.4456
19.3200,62.4218,45.1159,-143.1625,0.0000,44.0518,3.1090,0.0000,145.7596,10.2870,65.6592,125.7113,-50.6915
19.3300,62.4218,45.5636,-143.1309,0.0000,45.4803,3.2098,0.0000,139.8761,9.8718,65.8867,126.1468,-49.9074
19.3400,62.4218,46.0253,-143.0983,0.0000,46.8481,3.3063,0.0000,133.6130,9.4298,66.1184,126.5904,-49.0939
19.3500,62.4218,46.5003,-143.0648,0.0000,48.1514,3.3983,0.0000,126.9926,8.9625,66.3537,127.0408,-48.2518
19.3600,62.4218,46.9881,-143.0303,0.0000,49.3868,3.4855,0.0000,120.0374,8.4717,66.5919,127.4969,-47.3819
19.3700,62.4218,47.4878,-142.9951,0.0000,50.5511,3.5676,0.0000,112.7695,7.9587,66.8324,127.9574,-46.4851
19.3800,62.4218,47.9988,-142.9590,0.0000,51.6412,3.6446,0.0000,105.2113,7.4253,67.0747,128.4213,-45.5623
19.3900,62.4218,48.5204,-142.9222,0.0000,52.6544,3.7161,0.0000,97.3852,6.8730,67.3181,128.8873,-44.6146
19.4000,62.4218,49.0517,-142.8847,0.0000,53.5881,3.7820,0.0000,89.3135,6.3033,67.5619,129.3541,-43.6432
19.4100,62.4218,49.5919,-142.8466,0.0000,54.4399,3.8421,0.0000,81.0185,5.7179,67.8056,129.8207,-42.6493
19.4200,62.4218,50.1402,-142.8079,0.0000,55.2078,3.8963,0.0000,72.5226,5.1183,68.0485,130.2857,-41.6343
19.4300,62.4218,50.6957,-142.7687,0.0000,55.8898,3.9444,0.0000,63.8480,4.5061,68.2901,130.7482,-40.5995
19.4400,62.4218,51.2577,-142.7290,0.0000,56.4842,3.9864,0.0000,55.0171,3.8828,68.5297,131.2070,-39.5463
19.4500,62.4218,51.8251,-142.6890,0.0000,56.9897,4.0221,0.0000,46.0523,3.2501,68.7668,131.6609,-38.4765
19.4600,62.4218,52.3972,-142.6486,0.0000,57.4049,4.0514,0.0000,36.9758,2.6096,69.0008,132.1091,-37.3916
19.4700,62.4218,52.9729,-142.6079,0.0000,57.7289,4.0742,0.0000,27.8100,1.9627,69.2313,132.5504,-36.2932
19.4800,62.4218,53.5514,-142.5671,0.0000,57.9609,4.0906,0.0000,18.5772,1.3111,69.4578,132.9839,-35.1831
19.4900,62.4218,54.1318,-142.5262,0.0000,58.1003,4.1004,0.0000,9.2998,0.6563,69.6797,133.4088,-34.0632
19.5000,62.4218,54.7131,-142.4851,0.0000,58.1468,4.1037,0.0000,0.0000,0.0000,69.8967,133.8243,-32.9353
19.5100,62.4218,55.2945,-142.4441,0.0000,58.1003,4.1004,0.0000,-9.2998,-0.6563,70.1083,134.2295,-31.8013
19.5200,62.4218,55.8748,-142.4031,0.0000,57.9609,4.0906,0.0000,-18.5772,-1.3111,70.3143,134.6238,-30.6631
19.5300,62.4218,56.4534,-142.3623,0.0000,57.7289,4.0742,0.0000,-27.8100,-1.9627,70.5142,135.0066,-29.5228
19.5400,62.4218,57.0291,-142.3217,0.0000,57.4049,4.0514,0.0000,-36.9758,-2.6096,70.7078,135.3773,-28.3823
19.5500,62.4218,57.6012,-142.2813,0.0000,56.9897,4.0221,0.0000,-46.0523,-3.2501,70.8949,135.7354,-27.2437
19.5600,62.4218,58.1686,-142.2413,0.0000,56.4842,3.9864,0.0000,-55.0171,-3.8828,71.0752,136.0806,-26.1090
19.5700,62.4218,58.7305,-142.2016,0.0000,55.8898,3.9444,0.0000,-63.8480,-4.5061,71.2485,136.4124,-24.9802
19.5800,62.4218,59.2861,-142.1624,0.0000,55.2078,3.8963,0.0000,-72.5226,-5.1183,71.4147,136.7307,-23.8594
19.5900,62.4218,59.8344,-142.1237,0.0000,54.4399,3.8421,0.0000,-81.0185,-5.7179,71.5738,137.0353,-22.7486
19.6000,62.4218,60.3746,-142.0856,0.0000,53.5881,3.7820,0.0000,-89.3135,-6.3033,71.7256,137.3259,-21.6499
19.6100,62.4218,60.9059,-142.0481,0.0000,52.6544,3.7161,0.0000,-97.3852,-6.8730,71.8701,137.6027,-20.5652
19.6200,62.4218,61.4274,-142.0113,0.0000,51.6412,3.6446,0.0000,-105.2113,-7.4253,72.0074,137.8655,-19.4965
19.6300,62.4218,61.9385,-141.9752,0.0000,50.5511,3.5676,0.0000,-112.7695,-7.9587,72.1375,138.1145,-18.4457
19.6400,62.4218,62.4382,-141.9399,0.0000,49.3868,3.4855,0.0000,-120.0374,-8.4717,72.2603,138.3497,-17.4146
19.6500,62.4218,62.9260,-141.9055,0.0000,48.1514,3.3983,0.0000,-126.9926,-8.9625,72.3762,138.5715,-16.4052
19.6600,62.4218,63.4010,-141.8720,0.0000,46.8481,3.3063,0.0000,-133.6130,-9.4298,72.4851,138.7800,-15.4190
19.6700,62.4218,63.8627,-141.8394,0.0000,45.4803,3.2098,0.0000,-139.8761,-9.8718,72.5872,138.9755,-14.4579
19.6800,62.4218,64.3104,-141.8078,0.0000,44.0518,3.1090,0.0000,-145.7596,-10.2870,72.6827,139.1584,-13.5234
19.6900,62.4218,64.7436,-141.7772,0.0000,42.5665,3.0041,0.0000,-151.2413,-10.6739,72.7718,139.3290,-12.6171
19.7000,62.4218,65.1616,-141.7477,0.0000,41.0284,2.8956,0.0000,-156.2986,-11.0308,72.8547,139.4878,-11.7403
19.7100,62.4218,65.5640,-141.7193,0.0000,39.4420,2.7836,0.0000,-160.9094,-11.3562,72.9317,139.6351,-10.8944
19.7200,62.4218,65.9503,-141.6921,0.0000,37.8118,2.6686,0.0000,-165.0514,-11.6485,73.0029,139.7714,-10.0806
19.7300,62.4218,66.3201,-141.6660,0.0000,36.1426,2.5508,0.0000,-168.7020,-11.9062,73.0686,139.8972,-9.3001
19.7400,62.4218,66.6730,-141.6411,0.0000,34.4394,2.4306,0.0000,-171.8392,-12.1276,73.1291,140.0130,-8.5538
19.7500,62.4218,67.0088,-141.6174,0.0000,32.7076,2.3083,0.0000,-174.4404,-12.3112,73.1846,140.1192,-7.8427
19.7600,62.4218,67.3271,-141.5949,0.0000,30.9525,2.1845,0.0000,-176.4835,-12.4553,73.2353,140.2165,-7.1674
19.7700,62.4218,67.6278,-141.5737,0.0000,29.1798,2.0594,0.0000,-177.9460,-12.5586,73.2817,140.3052,-6.5287
19.7800,62.4218,67.9106,-141.5537,0.0000,27.3956,1.9334,0.0000,-178.8056,-12.6192,73.3238,140.3858,-5.9269
19.7900,62.4218,68.1757,-141.5350,0.0000,25.6058,1.8071,0.0000,-179.0401,-12.6358,73.3619,140.4589,-5.3625
19.8000,62.4218,68.4228,-141.5176,0.0000,23.8169,1.6809,0.0000,-178.6270,-12.6066,73.3964,140.5249,-4.8356
19.8100,62.4218,68.6520,-141.5014,0.0000,22.0355,1.5552,0.0000,-177.5441,-12.5302,73.4274,140.5842,-4.3463
19.8200,62.4218,68.8635,-141.4865,0.0000,20.2684,1.4304,0.0000,-175.7690,-12.4049,73.4552,140.6374,-3.8945
19.8300,62.4218,69.0575,-141.4728,0.0000,18.5225,1.3072,0.0000,-173.2794,-12.2292,73.4800,140.6848,-3.4798
19.8400,62.4218,69.2341,-141.4603,0.0000,16.8052,1.1860,0.0000,-170.0529,-12.0015,73.5019,140.7269,-3.1019
19.8500,62.4218,69.3937,-141.4491,0.0000,15.1240,1.0674,0.0000,-166.0673,-11.7202,73.5213,140.7640,-2.7601
19.8600,62.4218,69.5367,-141.4390,0.0000,13.4865,0.9518,0.0000,-161.3002,-11.3838,73.5383,140.7965,-2.4537
19.8700,62.4218,69.6636,-141.4300,0.0000,11.9007,0.8399,0.0000,-155.7293,-10.9906,73.5530,140.8247,-2.1817
19.8800,62.4218,69.7749,-141.4221,0.0000,10.3747,0.7322,0.0000,-149.3322,-10.5391,73.5657,140.8490,-1.9430
19.8900,62.4218,69.8713,-141.4153,0.0000,8.9168,0.6293,0.0000,-142.0866,-10.0278,73.5766,140.8698,-1.7361
19.9000,62.4218,69.9535,-141.4095,0.0000,7.5358,0.5318,0.0000,-133.9703,-9.4550,73.5856,140.8872,-1.5597
19.9100,62.4218,70.0223,-141.4047,0.0000,6.2404,0.4404,0.0000,-124.9608,-8.8191,73.5932,140.9016,-1.4120
19.9200,62.4218,70.0786,-141.4007,0.0000,5.0397,0.3557,0.0000,-115.0358,-8.1187,73.5993,140.9132,-1.2911
19.9300,62.4218,70.1234,-141.3975,0.0000,3.9428,0.2783,0.0000,-104.1730,-7.3520,73.6041,140.9224,-1.1948
19.9400,62.4218,70.1579,-141.3951,0.0000,2.9594,0.2089,0.0000,-92.3502,-6.5176,73.6077,140.9295,-1.1209
19.9500,62.4218,70.1830,-141.3933,0.0000,2.0991,0.1481,0.0000,-79.5448,-5.6139,73.6104,140.9346,-1.0668
19.9600,62.4218,70.2003,-141.3921,0.0000,1.3719,0.0968,0.0000,-65.7347,-4.6392,73.6122,140.9381,-1.0298
19.9700,62.4218,70.2110,-141.3914,0.0000,0.7878,0.0556,0.0000,-50.8975,-3.5921,73.6134,140.9402,-1.0068
19.9800,62.4218,70.2166,-141.3910,0.0000,0.3574,0.0252,0.0000,-35.0109,-2.4709,73.6139,140.9413,-0.9948
19.9900,62.4218,70.2187,-141.3908,0.0000,0.0912,0.0064,0.0000,-18.0525,-1.2741,73.6142,140.9418,-0.9903
20.0000,62.4218,70.2190,-141.3908,0.0000,0.0000,0.0000,0.0000,0.0000,0.0000,73.6142,140.9418,-0.9896
20.0100,62.4213,70.2194,-141.3905,-0.1570,0.1247,0.0777,-31.0887,24.6787,15.3801,73.6158,140.9418,-0.9885
20.0200,62.4177,70.2222,-141.3888,-0.6155,0.4886,0.3045,-60.2932,47.8616,29.8281,73.6272,140.9420,-0.9807
20.0300,62.4081,70.2299,-141.3840,-1.3567,1.0770,0.6712,-87.6521,69.5795,43.3629,73.6576,140.9422,-0.9600
20.0400,62.3897,70.2445,-141.3749,-2.3625,1.8754,1.1688,-113.2036,89.8627,56.0037,73.7154,140.9428,-0.9205
20.0500,62.3600,70.2681,-141.3602,-3.6149,2.8696,1.7884,-136.9864,108.7418,67.7694,73.8089,140.9436,-0.8565
20.0600,62.3166,70.3025,-141.3388,-5.0965,4.0457,2.5213,-159.0388,126.2473,78.6791,73.9454,140.9445,-0.7631
20.0700,62.2574,70.3495,-141.3094,-6.7901,5.3900,3.3592,-179.3993,142.4097,88.7518,74.1319,140.9456,-0.6352
20.0800,62.1802,70.4108,-141.2712,-8.6789,6.8895,4.2936,-198.1063,157.2597,98.0065,74.3749,140.9464,-0.4684
20.0900,62.0832,70.4878,-141.2233,-10.7468,8.5310,5.3166,-215.1984,170.8276,106.4622,74.6803,140.9465,-0.2583
20.1000,61.9647,70.5819,-141.1646,-12.9777,10.3019,6.4203,-230.7139,183.1440,114.1380,75.0534,140.9453,-0.0010
20.1100,61.8231,70.6942,-141.0946,-15.3559,12.1898,7.5968,-244.6913,194.2395,121.0528,75.4992,140.9420,0.3074
20.1200,61.6571,70.8260,-141.0125,-17.8665,14.1827,8.8388,-257.1691,204.1445,127.2258,76.0220,140.9354,0.6704
20.1300,61.4654,70.9782,-140.9176,-20.4945,16.2688,10.1389,-268.1857,212.8897,132.6759,76.6258,140.9243,1.0915
20.1400,61.2469,71.1516,-140.8095,-23.2255,18.4367,11.4900,-277.7795,220.5054,137.4221,77.3141,140.9069,1.5738
20.1500,61.0006,71.3472,-140.6877,-26.0454,20.6752,12.8851,-285.9891,227.0223,141.4836,78.0898,140.8813,2.1204
20.1600,60.7257,71.5654,-140.5517,-28.9408,22.9736,14.3175,-292.8528,232.4708,144.8792,78.9555,140.8453,2.7342
20.1700,60.4216,71.8068,-140.4012,-31.8981,25.3212,15.7805,-298.4092,236.8815,147.6280,79.9132,140.7962,3.4179
20.1800,60.0876,72.0719,-140.2360,-34.9047,27.7079,17.2679,-302.6966,240.2849,149.7490,80.9644,140.7310,4.1743
20.1900,59.7234,72.3610,-140.0558,-37.9480,30.1236,18.7735,-305.7536,242.7116,151.2614,82.1102,140.6465,5.0057
20.2000,59.3286,72.6744,-139.8605,-41.0158,32.5589,20.2912,-307.6185,244.1920,152.1840,83.3513,140.5391,5.9147
20.2100,58.9030,73.0123,-139.6500,-44.0965,35.0044,21.8153,-308.3299,244.7567,152.5359,84.6875,140.4048,6.9032
20.2200,58.4466,73.3745,-139.4242,-47.1787,37.4511,23.3401,-307.9261,244.4362,152.3362,86.1185,140.2393,7.9736
20.2300,57.9595,73.7613,-139.1832,-50.2514,39.8903,24.8602,-306.4457,243.2610,151.6038,87.6434,140.0382,9.1277
20.2400,57.4417,74.1723,-138.9270,-53.3041,42.3136,26.3704,-303.9271,241.2617,150.3578,89.2605,139.7967,10.3672
20.2500,56.8935,74.6074,-138.6558,-56.3266,44.7129,27.8657,-300.4087,238.4688,148.6172,90.9679,139.5098,11.6939
20.2600,56.3153,75.0664,-138.3698,-59.3091,47.0804,29.3412,-295.9290,234.9127,146.4010,92.7627,139.1722,13.1090
20.2700,55.7075,75.5489,-138.0691,-62.2421,49.4087,30.7922,-290.5265,230.6241,143.7283,94.6419,138.7788,14.6138
20.2800,55.0706,76.0545,-137.7540,-65.1167,51.6906,32.2143,-284.2395,225.6334,140.6180,96.6016,138.3240,16.2093
20.2900,54.4054,76.5826,-137.4249,-67.9241,53.9191,33.6032,-277.1066,219.9712,137.0892,98.6374,137.8025,17.8961
20.3000,53.7124,77.1326,-137.0821,-70.6561,56.0879,34.9548,-269.1662,213.6680,133.1610,100.7443,137.2090,19.6748
20.3100,52.9925,77.7041,-136.7260,-73.3049,58.1905,36.2651,-260.4568,206.7543,128.8523,102.9167,136.5380,21.5455
20.3200,52.2466,78.2962,-136.3569,-75.8628,60.2210,37.5306,-251.0167,199.2607,124.1821,105.1484,135.7844,23.5080
20.3300,51.4756,78.9083,-135.9755,-78.3229,62.1738,38.7476,-240.8845,191.2176,119.1696,107.4327,134.9434,25.5620
20.3400,50.6805,79.5394,-135.5822,-80.6783,64.0436,39.9129,-230.0987,182.6556,113.8336,109.7624,134.0103,27.7066
20.3500,49.8624,80.1888,-135.1774,-82.9228,65.8253,41.0233,-218.6975,173.6053,108.1933,112.1296,132.9810,29.9406
20.3600,49.0224,80.8556,-134.7619,-85.0504,67.5142,42.0758,-206.7196,164.0970,102.2676,114.5262,131.8515,32.2626
20.3700,48.1618,81.5388,-134.3361,-87.0554,69.1058,43.0678,-194.2034,154.1615,96.0757,116.9434,130.6187,34.6705
20.3800,47.2817,82.2374,-133.9007,-88.9328,70.5961,43.9965,-181.1873,143.8291,89.6364,119.3722,129.2797,37.1621
20.3900,46.3836,82.9504,-133.4564,-90.6776,71.9812,44.8597,-167.7098,133.1304,82.9688,121.8032,127.8326,39.7347
20.4000,45.4686,83.6767,-133.0038,-92.2856,73.2576,45.6552,-153.8093,122.0960,76.0920,124.2269,126.2759,42.3852
20.4100,44.5383,84.4151,-132.5435,-93.7525,74.4221,46.3809,-139.5242,110.7563,69.0249,126.6335,124.6090,45.1099
20.4200,43.5941,85.1647,-132.0764,-95.0749,75.4718,47.0351,-124.8931,99.1420,61.7867,129.0130,122.8320,47.9051
20.4300,42.6373,85.9242,-131.6031,-96.2494,76.4041,47.6162,-109.9544,87.2834,54.3963,131.3557,120.9458,50.7664
20.4400,41.6696,86.6924,-131.1243,-97.2731,77.2168,48.1226,-94.7465,75.2111,46.8727,133.6518,118.9523,53.6891
20.4500,40.6924,87.4681,-130.6409,-98.1435,77.9077,48.5532,-79.3079,62.9558,39.2349,135.8918,116.8539,56.6682
20.4600,39.7072,88.2501,-130.1535,-98.8586,78.4754,48.9070,-63.6770,50.5477,31.5021,138.0662,114.6542,59.6983
20.4700,38.7157,89.0372,-129.6630,-99.4166,78.9183,49.1830,-47.8924,38.0176,23.6931,140.1662,112.3575,62.7737
20.4800,37.7194,89.8281,-129.1701,-99.8161,79.2354,49.3807,-31.9923,25.3960,15.8271,142.1833,109.9688,65.8885
20.4900,36.7199,90.6215,-128.6756,-100.0561,79.4260,49.4994,-16.0154,12.7132,7.9231,144.1096,107.4940,69.0363
20.5000,35.7188,91.4162,-128.1804,-100.1362,79.4896,49.5391,0.0000,0.0000,0.0000,145.9378,104.9398,72.2108
20.5100,34.7178,92.2109,-127.6851,-100.0561,79.4260,49.4994,16.0154,-12.7132,-7.9231,147.6614,102.3133,75.4053
20.5200,33.7183,93.0043,-127.1907,-99.8161,79.2354,49.3807,31.9923,-25.3960,-15.8271,149.2746,99.6225,78.6130
20.5300,32.7220,93.7952,-126.6978,-99.4166,78.9183,49.1830,47.8924,-38.0176,-23.6931,150.7725,96.8759,81.8269
20.5400,31.7305,94.5822,-126.2073,-98.8586,78.4754,48.9070,63.6770,-50.5477,-31.5021,152.1512,94.0822,85.0402
20.5500,30.7453,95.3642,-125.7199,-98.1435,77.9077,48.5532,79.3079,-62.9558,-39.2349,153.4074,91.2508,88.2458
20.5600,29.7681,96.1400,-125.2365,-97.2731,77.2168,48.1226,94.7465,-75.2111,-46.8727,154.5392,88.3912,91.4367
20.5700,28.8004,96.9082,-124.7577,-96.2494,76.4041,47.6162,109.9544,-87.2834,-54.3963,155.5455,85.5131,94.6060
20.5800,27.8436,97.6677,-124.2844,-95.0749,75.4718,47.0351,124.8931,-99.1420,-61.7867,156.4261,82.6264,97.7469
20.5900,26.8994,98.4172,-123.8172,-93.7525,74.4221,46.3809,139.5242,-110.7563,-69.0249,157.1819,79.7407,100.8527
20.6000,25.9691,99.1557,-123.3570,-92.2856,73.2576,45.6552,153.8093,-122.0960,-76.0920,157.8147,76.8659,103.9169
20.6100,25.0541,99.8820,-122.9044,-90.6776,71.9812,44.8597,167.7098,-133.1304,-82.9688,158.3273,74.0114,106.9331
20.6200,24.1560,100.5950,-122.4600,-88.9328,70.5961,43.9965,181.1873,-143.8291,-89.6364,158.7233,71.1865,109.8953
20.6300,23.2759,101.2936,-122.0247,-87.0554,69.1058,43.0678,194.2034,-154.1615,-96.0757,159.0071,68.4000,112.7978
20.6400,22.4153,101.9768,-121.5989,-85.0504,67.5142,42.0758,206.7196,-164.0970,-102.2676,159.1841,65.6606,115.6349
20.6500,21.5753,102.6435,-121.1833,-82.9228,65.8253,41.0233,218.6975,-173.6053,-108.1933,159.2600,62.9761,118.4017
20.6600,20.7572,103.2929,-120.7786,-80.6783,64.0436,39.9129,230.0987,-182.6556,-113.8336,159.2414,60.3541,121.0932
20.6700,19.9621,103.9241,-120.3853,-78.3229,62.1738,38.7476,240.8845,-191.2176,-119.1696,159.1354,57.8014,123.7050
20.6800,19.1911,104.5361,-120.0038,-75.8628,60.2210,37.5306,251.0167,-199.2607,-124.1821,158.9493,55.3243,126.2330
20.6900,18.4452,105.1283,-119.6348,-73.3049,58.1905,36.2651,260.4568,-206.7543,-128.8523,158.6909,52.9285,128.6736
20.7000,17.7253,105.6997,-119.2787,-70.6561,56.0879,34.9548,269.1662,-213.6680,-133.1610,158.3684,50.6189,131.0234
20.7100,17.0323,106.2498,-118.9359,-67.9241,53.9191,33.6032,277.1066,-219.9712,-137.0892,157.9898,48.3998,133.2796
20.7200,16.3671,106.7779,-118.6067,-65.1167,51.6906,32.2143,284.2395,-225.6334,-140.6180,157.5636,46.2751,135.4396
20.7300,15.7302,107.2834,-118.2917,-62.2421,49.4087,30.7922,290.5265,-230.6241,-143.7283,157.0977,44.2476,137.5014
20.7400,15.1224,107.7659,-117.9910,-59.3091,47.0804,29.3412,295.9290,-234.9127,-146.4010,156.6005,42.3198,139.4632
20.7500,14.5442,108.2249,-117.7049,-56.3266,44.7129,27.8657,300.4087,-238.4688,-148.6172,156.0798,40.4935,141.3238
20.7600,13.9960,108.6601,-117.4337,-53.3041,42.3136,26.3704,303.9271,-241.2617,-150.3578,155.5433,38.7698,143.0823
20.7700,13.4782,109.0711,-117.1776,-50.2514,39.8903,24.8602,306.4457,-243.2610,-151.6038,154.9982,37.1495,144.7381
20.7800,12.9911,109.4578,-116.9366,-47.1787,37.4511,23.3401,307.9261,-244.4362,-152.3362,154.4515,35.6325,146.2911
20.7900,12.5347,109.8201,-116.7108,-44.0965,35.0044,21.8153,308.3299,-244.7567,-152.5359,153.9095,34.2187,147.7415
20.8000,12.1091,110.1579,-116.5003,-41.0158,32.5589,20.2912,307.6185,-244.1920,-152.1840,153.3784,32.9070,149.0899
20.8100,11.7143,110.4713,-116.3050,-37.9480,30.1236,18.7735,305.7536,-242.7116,-151.2614,152.8633,31.6963,150.3373
20.8200,11.3501,110.7605,-116.1248,-34.9047,27.7079,17.2679,302.6966,-240.2849,-149.7490,152.3692,30.5849,151.4848
20.8300,11.0161,111.0256,-115.9595,-31.8981,25.3212,15.7805,298.4092,-236.8815,-147.6280,151.9002,29.5707,152.5343
20.8400,10.7120,111.2670,-115.8091,-28.9408,22.9736,14.3175,292.8528,-232.4708,-144.8792,151.4599,28.6514,153.4877
20.8500,10.4371,111.4852,-115.6731,-26.0454,20.6752,12.8851,285.9891,-227.0223,-141.4836,151.0511,27.8241,154.3473
20.8600,10.1908,111.6807,-115.5512,-23.2255,18.4367,11.4900,277.7795,-220.5054,-137.4221,150.6762,27.0859,155.1159
20.8700,9.9723,111.8542,-115.4431,-20.4945,16.2688,10.1389,268.1857,-212.8897,-132.6759,150.3366,26.4334,155.7965
20.8800,9.7806,112.0064,-115.3483,-17.8665,14.1827,8.8388,257.1691,-204.1445,-127.2258,150.0334,25.8629,156.3926
20.8900,9.6146,112.1381,-115.2662,-15.3559,12.1898,7.5968,244.6913,-194.2395,-121.0528,149.7668,25.3703,156.9079
20.9000,9.4730,112.2505,-115.1961,-12.9777,10.3019,6.4203,230.7139,-183.1440,-114.1380,149.5366,24.9514,157.3468
20.9100,9.3545,112.3446,-115.1375,-10.7468,8.5310,5.3166,215.1984,-170.8276,-106.4622,149.3418,24.6016,157.7137
20.9200,9.2575,112.4216,-115.0895,-8.6789,6.8895,4.2936,198.1063,-157.2597,-98.0065,149.1809,24.3158,158.0138
20.9300,9.1803,112.4828,-115.0513,-6.7901,5.3900,3.3592,179.3993,-142.4097,-88.7518,149.0520,24.0887,158.2524
20.9400,9.1211,112.5299,-115.0220,-5.0965,4.0457,2.5213,159.0388,-126.2473,-78.6791,148.9525,23.9145,158.4355
20.9500,9.0777,112.5643,-115.0006,-3.6149,2.8696,1.7884,136.9864,-108.7418,-67.7694,148.8794,23.7872,158.5694
20.9600,9.0480,112.5879,-114.9859,-2.3625,1.8754,1.1688,113.2036,-89.8627,-56.0037,148.8292,23.7001,158.6611
20.9700,9.0296,112.6025,-114.9768,-1.3567,1.0770,0.6712,87.6521,-69.5795,-43.3629,148.7980,23.6462,158.7178
20.9800,9.0200,112.6101,-114.9720,-0.6155,0.4886,0.3045,60.2932,-47.8616,-29.8281,148.7817,23.6179,158.7476
20.9900,9.0164,112.6130,-114.9702,-0.1570,0.1247,0.0777,31.0887,-24.6787,-15.3801,148.7755,23.6073,158.7587
21.0000,9.0159,112.6134,-114.9700,0.0000,0.0000,0.0000,0.0000,0.0000,0.0000,148.7746,23.6058,158.7604
21.0100,9.0159,112.6134,-114.9700,0.0000,0.0000,0.0000,0.0000,0.0000,0.0000,148.7746,23.6058,158.7604
21.0200,9.0159,112.6134,-114.9700,0.0000,0.0000,0.0000,0.0000,0.0000,0.0000,148.7746,23.6058,158.7604
21.0300,9.0159,112.6134,-114.9700,0.0000,0.0000,0.0000,0.0000,0.0000,0.0000,148.7746,23.6058,158.7604
21.0400,9.0159,112.6134,-114.9700,0.0000,0.0000,0.0000,0.0000,0.0000,0.0000,148.7746,23.6058,158.7604
21.0500,9.0159,112.6134,-114.9700,0.0000,0.0000,0.0000,0.0000,0.0000,0.0000,148.7746,23.6058,158.7604
21.0600,9.0159,112.6134,-114.9700,0.0000,0.0000,0.0000,0.0000,0.0000,0.0000,148.7746,23.6058,158.7604
21.0700,9.0159,112.6134,-114.9700,0.0000,0.0000,0.0000,0.0000,0.0000,0.0000,148.7746,23.6058,158.7604
21.0800,9.0159,112.6134,-114.9700,0.0000,0.0000,0.0000,0.0000,0.0000,0.0000,148.7746,23.6058,158.7604
21.0900,9.0159,112.6134,-114.9700,0.0000,0.0000,0.0000,0.0000,0.0000,0.0000,148.7746,23.6058,158.7604
21.1000,9.0159,112.6134,-114.9700,0.0000,0.0000,0.0000,0.0000,0.0000,0.0000,148.7746,23.6058,158.7604
21.1100,9.0159,112.6134,-114.9700,0.0000,0.0000,0.0000,0.0000,0.0000,0.0000,148.7746,23.6058,158.7604
21.1200,9.0159,112.6134,-114.9700,0.0000,0.0000,0.0000,0.0000,0.0000,0.0000,148.7746,23.6058,158.7604
21.1300,9.0159,112.6134,-114.9700,0.0000,0.0000,0.0000,0.0000,0.0000,0.0000,148.7746,23.6058,158.7604
21.1400,9.0159,112.6134,-114.9700,0.0000,0.0000,0.0000,0.0000,0.0000,0.0000,148.7746,23.6058,158.7604
21.1500,9.0159,112.6134,-114.9700,0.0000,0.0000,0.0000,0.0000,0.0000,0.0000,148.7746,23.6058,158.7604
21.1600,9.0159,112.6134,-114.9700,0.0000,0.0000,0.0000,0.0000,0.0000,0.0000,148.7746,23.6058,158.7604
21.1700,9.0159,112.6134,-114.9700,0.0000,0.0000,0.0000,0.0000,0.0000,0.0000,148.7746,23.6058,158.7604
21.1800,9.0159,112.6134,-114.9700,0.0000,0.0000,0.0000,0.0000,0.0000,0.0000,148.7746,23.6058,158.7604
21.1900,9.0159,112.6134,-114.9700,0.0000,0.0000,0.0000,0.0000,0.0000,0.0000,148.7746,23.6058,158.7604
21.2000,9.0159,112.6134,-114.9700,0.0000,0.0000,0.0000,0.0000,0.0000,0.0000,148.7746,23.6058,158.7604
21.2100,9.0159,112.6134,-114.9700,0.0000,0.0000,0.0000,0.0000,0.0000,0.0000,148.7746,23.6058,158.7604
21.2200,9.0159,112.6134,-114.9700,0.0000,0.0000,0.0000,0.0000,0.0000,0.0000,148.7746,23.6058,158.7604
21.2300,9.0159,112.6134,-114.9700,0.0000,0.0000,0.0000,0.0000,0.0000,0.0000,148.7746,23.6058,158.7604
21.2400,9.0159,112.6134,-114.9700,0.0000,0.0000,0.0000,0.0000,0.0000,0.0000,148.7746,23.6058,158.7604
21.2500,9.0159,112.6134,-114.9700,0.0000,0.0000,0.0000,0.0000,0.0000,0.0000,148.7746,23.6058,158.7604
21.2600,9.0159,112.6134,-114.9700,0.0000,0.0000,0.0000,0.0000,0.0000,0.0000,148.7746,23.6058,158.7604
21.2700,9.0159,112.6134,-114.9700,0.0000,0.0000,0.0000,0.0000,0.0000,0.0000,148.7746,23.6058,158.7604
21.2800,9.0159,112.6134,-114.9700,0.0000,0.0000,0.0000,0.0000,0.0000,0.0000,148.7746,23.6058,158.7604
21.2900,9.0159,112.6134,-114.9700,0.0000,0.0000,0.0000,0.0000,0.0000,0.0000,148.7746,23.6058,158.7604
21.3000,9.0159,112.6134,-114.9700,0.0000,0.0000,0.0000,0.0000,0.0000,0.0000,148.7746,23.6058,158.7604
21.3100,9.0159,112.6134,-114.9700,0.0000,0.0000,0.0000,0.0000,0.0000,0.0000,148.7746,23.6058,158.7604
21.3200,9.0159,112.6134,-114.9700,0.0000,0.0000,0.0000,0.0000,0.0000,0.0000,148.7746,23.6058,158.7604
21.3300,9.0159,112.6134,-114.9700,0.0000,0.0000,0.0000,0.0000,0.0000,0.0000,148.7746,23.6058,158.7604
21.3400,9.0159,112.6134,-114.9700,0.0000,0.0000,0.0000,0.0000,0.0000,0.0000,148.7746,23.6058,158.7604
21.3500,9.0159,112.6134,-114.9700,0.0000,0.0000,0.0000,0.0000,0.0000,0.0000,148.7746,23.6058,158.7604
21.3600,9.0159,112.6134,-114.9700,0.0000,0.0000,0.0000,0.0000,0.0000,0.0000,148.7746,23.6058,158.7604
21.3700,9.0159,112.6134,-114.9700,0.0000,0.0000,0.0000,0.0000,0.0000,0.0000,148.7746,23.6058,158.7604
21.3800,9.0159,112.6134,-114.9700,0.0000,0.0000,0.0000,0.0000,0.0000,0.0000,148.7746,23.6058,158.7604
21.3900,9.0159,112.6134,-114.9700,0.0000,0.0000,0.0000,0.0000,0.0000,0.0000,148.7746,23.6058,158.7604
21.4000,9.0159,112.6134,-114.9700,0.0000,0.0000,0.0000,0.0000,0.0000,0.0000,148.7746,23.6058,158.7604
21.4100,9.0159,112.6134,-114.9700,0.0000,0.0000,0.0000,0.0000,0.0000,0.0000,148.7746,23.6058,158.7604
21.4200,9.0159,112.6134,-114.9700,0.0000,0.0000,0.0000,0.0000,0.0000,0.0000,148.7746,23.6058,158.7604
21.4300,9.0159,112.6134,-114.9700,0.0000,0.0000,0.0000,0.0000,0.0000,0.0000,148.7746,23.6058,158.7604
21.4400,9.0159,112.6134,-114.9700,0.0000,0.0000,0.0000,0.0000,0.0000,0.0000,148.7746,23.6058,158.7604
21.4500,9.0159,112.6134,-114.9700,0.0000,0.0000,0.0000,0.0000,0.0000,0.0000,148.7746,23.6058,158.7604
21.4600,9.0159,112.6134,-114.9700,0.0000,0.0000,0.0000,0.0000,0.0000,0.0000,148.7746,23.6058,158.7604
21.4700,9.0159,112.6134,-114.9700,0.0000,0.0000,0.0000,0.0000,0.0000,0.0000,148.7746,23.6058,158.7604
21.4800,9.0159,112.6134,-114.9700,0.0000,0.0000,0.0000,0.0000,0.0000,0.0000,148.7746,23.6058,158.7604
21.4900,9.0159,112.6134,-114.9700,0.0000,0.0000,0.0000,0.0000,0.0000,0.0000,148.7746,23.6058,158.7604
21.5000,9.0159,112.6134,-114.9700,0.0000,0.0000,0.0000,0.0000,0.0000,0.0000,148.7746,23.6058,158.7604
21.5100,9.0159,112.6134,-114.9700,0.0000,0.0000,0.0000,0.0000,0.0000,0.0000,148.7746,23.6058,158.7604
21.5200,9.0159,112.6134,-114.9700,0.0000,0.0000,0.0000,0.0000,0.0000,0.0000,148.7746,23.6058,158.7604
21.5300,9.0159,112.6134,-114.9700,0.0000,0.0000,0.0000,0.0000,0.0000,0.0000,148.7746,23.6058,158.7604
21.5400,9.0159,112.6134,-114.9700,0.0000,0.0000,0.0000,0.0000,0.0000,0.0000,148.7746,23.6058,158.7604
21.5500,9.0159,112.6134,-114.9700,0.0000,0.0000,0.0000,0.0000,0.0000,0.0000,148.7746,23.6058,158.7604
21.5600,9.0159,112.6134,-114.9700,0.0000,0.0000,0.0000,0.0000,0.0000,0.0000,148.7746,23.6058,158.7604
21.5700,9.0159,112.6134,-114.9700,0.0000,0.0000,0.0000,0.0000,0.0000,0.0000,148.7746,23.6058,158.7604
21.5800,9.0159,112.6134,-114.9700,0.0000,0.0000,0.0000,0.0000,0.0000,0.0000,148.7746,23.6058,158.7604
21.5900,9.0159,112.6134,-114.9700,0.0000,0.0000,0.0000,0.0000,0.0000,0.0000,148.7746,23.6058,158.7604
21.6000,9.0159,112.6134,-114.9700,0.0000,0.0000,0.0000,0.0000,0.0000,0.0000,148.7746,23.6058,158.7604
21.6100,9.0159,112.6134,-114.9700,0.0000,0.0000,0.0000,0.0000,0.0000,0.0000,148.7746,23.6058,158.7604
21.6200,9.0159,112.6134,-114.9700,0.0000,0.0000,0.0000,0.0000,0.0000,0.0000,148.7746,23.6058,158.7604
21.6300,9.0159,112.6134,-114.9700,0.0000,0.0000,0.0000,0.0000,0.0000,0.0000,148.7746,23.6058,158.7604
21.6400,9.0159,112.6134,-114.9700,0.0000,0.0000,0.0000,0.0000,0.0000,0.0000,148.7746,23.6058,158.7604
21.6500,9.0159,112.6134,-114.9700,0.0000,0.0000,0.0000,0.0000,0.0000,0.0000,148.7746,23.6058,158.7604
21.6600,9.0159,112.6134,-114.9700,0.0000,0.0000,0.0000,0.0000,0.0000,0.0000,148.7746,23.6058,158.7604
21.6700,9.0159,112.6134,-114.9700,0.0000,0.0000,0.0000,0.0000,0.0000,0.0000,148.7746,23.6058,158.7604
21.6800,9.0159,112.6134,-114.9700,0.0000,0.0000,0.0000,0.0000,0.0000,0.0000,148.7746,23.6058,158.7604
21.6900,9.0159,112.6134,-114.9700,0.0000,0.0000,0.0000,0.0000,0.0000,0.0000,148.7746,23.6058,158.7604
21.7000,9.0159,112.6134,-114.9700,0.0000,0.0000,0.0000,0.0000,0.0000,0.0000,148.7746,23.6058,158.7604
21.7100,9.0159,112.6134,-114.9700,0.0000,0.0000,0.0000,0.0000,0.0000,0.0000,148.7746,23.6058,158.7604
21.7200,9.0159,112.6134,-114.9700,0.0000,0.0000,0.0000,0.0000,0.0000,0.0000,148.7746,23.6058,158.7604
21.7300,9.0159,112.6134,-114.9700,0.0000,0.0000,0.0000,0.0000,0.0000,0.0000,148.7746,23.6058,158.7604
21.7400,9.0159,112.6134,-114.9700,0.0000,0.0000,0.0000,0.0000,0.0000,0.0000,148.7746,23.6058,158.7604
21.7500,9.0159,112.6134,-114.9700,0.0000,0.0000,0.0000,0.0000,0.0000,0.0000,148.7746,23.6058,158.7604
21.7600,9.0159,112.6134,-114.9700,0.0000,0.0000,0.0000,0.0000,0.0000,0.0000,148.7746,23.6058,158.7604
21.7700,9.0159,112.6134,-114.9700,0.0000,0.0000,0.0000,0.0000,0.0000,0.0000,148.7746,23.6058,158.7604
21.7800,9.0159,112.6134,-114.9700,0.0000,0.0000,0.0000,0.0000,0.0000,0.0000,148.7746,23.6058,158.7604
21.7900,9.0159,112.6134,-114.9700,0.0000,0.0000,0.0000,0.0000,0.0000,0.0000,148.7746,23.6058,158.7604
21.8000,9.0159,112.6134,-114.9700,0.0000,0.0000,0.0000,0.0000,0.0000,0.0000,148.7746,23.6058,158.7604
21.8100,9.0159,112.6134,-114.9700,0.0000,0.0000,0.0000,0.0000,0.0000,0.0000,148.7746,23.6058,158.7604
21.8200,9.0159,112.6134,-114.9700,0.0000,0.0000,0.0000,0.0000,0.0000,0.0000,148.7746,23.6058,158.7604
21.8300,9.0159,112.6134,-114.9700,0.0000,0.0000,0.0000,0.0000,0.0000,0.0000,148.7746,23.6058,158.7604
21.8400,9.0159,112.6134,-114.9700,0.0000,0.0000,0.0000,0.0000,0.0000,0.0000,148.7746,23.6058,158.7604
21.8500,9.0159,112.6134,-114.9700,0.0000,0.0000,0.0000,0.0000,0.0000,0.0000,148.7746,23.6058,158.7604
21.8600,9.0159,112.6134,-114.9700,0.0000,0.0000,0.0000,0.0000,0.0000,0.0000,148.7746,23.6058,158.7604
21.8700,9.0159,112.6134,-114.9700,0.0000,0.0000,0.0000,0.0000,0.0000,0.0000,148.7746,23.6058,158.7604
21.8800,9.0159,112.6134,-114.9700,0.0000,0.0000,0.0000,0.0000,0.0000,0.0000,148.7746,23.6058,158.7604
21.8900,9.0159,112.6134,-114.9700,0.0000,0.0000,0.0000,0.0000,0.0000,0.0000,148.7746,23.6058,158.7604
21.9000,9.0159,112.6134,-114.9700,0.0000,0.0000,0.0000,0.0000,0.0000,0.0000,148.7746,23.6058,158.7604
21.9100,9.0159,112.6134,-114.9700,0.0000,0.0000,0.0000,0.0000,0.0000,0.0000,148.7746,23.6058,158.7604
21.9200,9.0159,112.6134,-114.9700,0.0000,0.0000,0.0000,0.0000,0.0000,0.0000,148.7746,23.6058,158.7604
21.9300,9.0159,112.6134,-114.9700,0.0000,0.0000,0.0000,0.0000,0.0000,0.0000,148.7746,23.6058,158.7604
21.9400,9.0159,112.6134,-114.9700,0.0000,0.0000,0.0000,0.0000,0.0000,0.0000,148.7746,23.6058,158.7604
21.9500,9.0159,112.6134,-114.9700,0.0000,0.0000,0.0000,0.0000,0.0000,0.0000,148.7746,23.6058,158.7604
21.9600,9.0159,112.6134,-114.9700,0.0000,0.0000,0.0000,0.0000,0.0000,0.0000,148.7746,23.6058,158.7604
21.9700,9.0159,112.6134,-114.9700,0.0000,0.0000,0.0000,0.0000,0.0000,0.0000,148.7746,23.6058,158.7604
21.9800,9.0159,112.6134,-114.9700,0.0000,0.0000,0.0000,0.0000,0.0000,0.0000,148.7746,23.6058,158.7604
21.9900,9.0159,112.6134,-114.9700,0.0000,0.0000,0.0000,0.0000,0.0000,0.0000,148.7746,23.6058,158.7604
22.0000,9.0159,112.6134,-114.9700,0.0000,0.0000,0.0000,0.0000,0.0000,0.0000,148.7746,23.6058,158.7604
