t_s,q1_deg,q2_deg,q3_deg,q1d_dps,q2d_dps,q3d_dps,q1dd_dps2,q2dd_dps2,q3dd_dps2,ee_x_mm,ee_y_mm,ee_z_mm
0.0000,0.0000,120.4557,-135.2231,-0.0000,163.4167,79.3214,2.8778,-2576.6952,-206.5291,122.8173,0.0000,109.2827
0.0100,-0.0000,122.0899,-134.4299,0.0288,137.6497,77.2561,5.8194,-2361.7530,-256.0786,120.2165,0.0000,114.0307
0.0200,0.0003,123.4664,-133.6573,0.1164,116.1816,74.1998,11.6984,-1968.8561,-334.8763,117.8996,0.0006,118.3106
0.0300,0.0015,124.6282,-132.9153,0.2627,98.2726,70.5586,17.5210,-1644.6175,-378.7524,115.8357,0.0029,122.1702
0.0400,0.0041,125.6109,-132.2097,0.4668,83.2893,66.6248,23.1980,-1378.5188,-397.6419,113.9974,0.0081,125.6533
0.0500,0.0087,126.4438,-131.5435,0.7267,70.7022,62.6058,28.6535,-1160.6879,-398.9505,112.3613,0.0172,128.7993
0.0600,0.0160,127.1509,-130.9174,1.0399,60.0755,58.6458,33.8245,-982.4516,-388.1508,110.9064,0.0310,131.6442
0.0700,0.0264,127.7516,-130.3310,1.4032,51.0532,54.8427,38.6602,-836.4693,-369.2622,109.6145,0.0505,134.2205
0.0800,0.0404,128.2621,-129.7825,1.8131,43.3461,51.2605,43.1210,-716.6638,-345.2213,108.4697,0.0766,136.5576
0.0900,0.0586,128.6956,-129.2699,2.2656,36.7199,47.9383,47.1774,-618.0697,-318.1618,107.4580,0.1099,138.6819
0.1000,0.0812,129.0628,-128.7905,2.7566,30.9847,44.8973,50.8087,-536.6617,-289.6231,106.5669,0.1511,140.6174
0.1100,0.1088,129.3727,-128.3416,3.2818,25.9867,42.1459,54.0023,-469.1902,-260.7053,105.7856,0.2009,142.3856
0.1200,0.1416,129.6325,-127.9201,3.8367,21.6009,39.6832,56.7517,-413.0369,-232.1838,105.1043,0.2598,144.0061
0.1300,0.1800,129.8485,-127.5233,4.4168,17.7260,37.5022,59.0564,-366.0927,-204.5937,104.5144,0.3283,145.4964
0.1400,0.2242,130.0258,-127.1483,5.0178,14.2791,35.5913,60.9207,-326.6577,-178.2936,104.0084,0.4069,146.8722
0.1500,0.2743,130.1686,-126.7923,5.6352,11.1928,33.9363,62.3526,-293.3594,-153.5114,103.5794,0.4959,148.1476
0.1600,0.3307,130.2805,-126.4530,6.2649,8.4119,32.5211,63.3636,-265.0878,-130.3798,103.2213,0.5957,149.3355
0.1700,0.3933,130.3646,-126.1278,6.9025,5.8910,31.3287,63.9676,-240.9431,-108.9620,102.9287,0.7066,150.4473
0.1800,0.4624,130.4235,-125.8145,7.5442,3.5930,30.3419,64.1807,-220.1941,-89.2711,102.6967,0.8287,151.4931
0.1900,0.5378,130.4595,-125.5111,8.1861,1.4872,29.5433,64.0209,-202.2450,-71.2848,102.5208,0.9623,152.4823
0.2000,0.6197,130.4743,-125.2156,8.8246,-0.4519,28.9162,63.5073,-186.6090,-54.9562,102.3970,1.1075,153.4230
0.2100,0.7079,130.4698,-124.9265,9.4563,-2.2450,28.4442,62.6601,-172.8875,-40.2219,102.3219,1.2643,154.3224
0.2200,0.8025,130.4474,-124.6420,10.0778,-3.9096,28.1117,61.5003,-160.7532,-27.0079,102.2919,1.4328,155.1872
0.2300,0.9032,130.4083,-124.3609,10.6863,-5.4601,27.9040,60.0493,-149.9363,-15.2343,102.3042,1.6129,156.0232
0.2400,1.0101,130.3537,-124.0819,11.2788,-6.9083,27.8070,58.3291,-140.2144,-4.8182,102.3560,1.8047,156.8353
0.2500,1.1229,130.2846,-123.8038,11.8529,-8.2644,27.8076,56.3616,-131.4035,4.3234,102.4448,2.0080,157.6282
0.2600,1.2414,130.2020,-123.5257,12.4060,-9.5364,27.8935,54.1688,-123.3507,12.2725,102.5683,2.2227,158.4059
0.2700,1.3655,130.1066,-123.2468,12.9362,-10.7314,28.0531,51.7728,-115.9295,19.1087,102.7242,2.4486,159.1718
0.2800,1.4948,129.9993,-122.9663,13.4415,-11.8550,28.2757,49.1952,-109.0341,24.9083,102.9106,2.6855,159.9289
0.2900,1.6293,129.8807,-122.6835,13.9201,-12.9121,28.5513,46.4573,-102.5768,29.7440,103.1256,2.9333,160.6799
0.3000,1.7685,129.7516,-122.3980,14.3706,-13.9065,28.8706,43.5802,-96.4842,33.6844,103.3674,3.1915,161.4270
0.3100,1.9122,129.6125,-122.1093,14.7917,-14.8417,29.2249,40.5841,-90.6950,36.7944,103.6343,3.4599,162.1721
0.3200,2.0601,129.4641,-121.8170,15.1823,-15.7204,29.6064,37.4889,-85.1583,39.1346,103.9249,3.7383,162.9169
0.3300,2.2119,129.3069,-121.5210,15.5415,-16.5449,30.0076,34.3136,-79.8314,40.7617,104.2375,4.0261,163.6625
0.3400,2.3673,129.1415,-121.2209,15.8686,-17.3171,30.4217,31.0766,-74.6789,41.7288,104.5708,4.3231,164.4102
0.3500,2.5260,128.9683,-120.9167,16.1631,-18.0385,30.8422,27.7953,-69.6713,42.0852,104.9233,4.6288,165.1607
0.3600,2.6876,128.7879,-120.6083,16.4245,-18.7105,31.2634,24.4864,-64.7843,41.8770,105.2938,4.9428,165.9146
0.3700,2.8519,128.6008,-120.2956,16.6528,-19.3342,31.6798,21.1656,-59.9978,41.1471,105.6809,5.2646,166.6723
0.3800,3.0184,128.4075,-119.9788,16.8478,-19.9105,32.0863,17.8476,-55.2954,39.9355,106.0835,5.5938,167.4342
0.3900,3.1869,128.2084,-119.6580,17.0097,-20.4401,32.4785,14.5462,-50.6638,38.2796,106.5003,5.9299,168.2003
0.4000,3.3570,128.0040,-119.3332,17.1387,-20.9237,32.8519,11.2741,-46.0924,36.2143,106.9301,6.2723,168.9705
0.4100,3.5284,127.7947,-119.0047,17.2352,-21.3619,33.2028,8.0431,-41.5730,33.7723,107.3718,6.6205,169.7447
0.4200,3.7007,127.5811,-118.6726,17.2996,-21.7552,33.5274,4.8640,-37.0992,30.9846,107.8243,6.9741,170.5225
0.4300,3.8737,127.3635,-118.3374,17.3325,-22.1039,33.8224,1.7465,-32.6665,27.8800,108.2864,7.3323,171.3036
0.4400,4.0471,127.1425,-117.9991,17.3345,-22.4085,34.0850,-1.3007,-28.2716,24.4859,108.7571,7.6948,172.0875
0.4500,4.2204,126.9184,-117.6583,17.3065,-22.6694,34.3122,-4.2698,-23.9128,20.8285,109.2353,8.0608,172.8736
0.4600,4.3935,126.6917,-117.3152,17.2491,-22.8868,34.5015,-7.1539,-19.5894,16.9324,109.7199,8.4299,173.6612
0.4700,4.5660,126.4629,-116.9701,17.1634,-23.0611,34.6508,-9.9471,-15.3016,12.8214,110.2100,8.8014,174.4496
0.4800,4.7376,126.2323,-116.6236,17.0502,-23.1928,34.7580,-12.6443,-11.0506,8.5183,110.7045,9.1747,175.2381
0.4900,4.9081,126.0003,-116.2761,16.9105,-23.2822,34.8212,-15.2412,-6.8384,4.0450,111.2023,9.5492,176.0257
0.5000,5.0772,125.7675,-115.9278,16.7454,-23.3296,34.8389,-17.7344,-2.6675,-0.5771,111.7026,9.9244,176.8117
0.5100,5.2446,125.5342,-115.5795,16.5558,-23.3355,34.8096,-20.1210,1.4589,-5.3273,112.2043,10.2996,177.5950
0.5200,5.4102,125.3009,-115.2314,16.3430,-23.3004,34.7323,-22.3989,5.5369,-10.1852,112.7065,10.6742,178.3749
0.5300,5.5736,125.0678,-114.8840,16.1079,-23.2248,34.6059,-24.5667,9.5623,-15.1309,113.2082,11.0476,179.1502
0.5400,5.7347,124.8356,-114.5380,15.8516,-23.1092,34.4297,-26.6233,13.5303,-20.1448,113.7084,11.4192,179.9201
0.5500,5.8932,124.6045,-114.1937,15.5754,-22.9542,34.2030,-28.5684,17.4359,-25.2074,114.2064,11.7884,180.6834
0.5600,6.0490,124.3750,-113.8516,15.2803,-22.7604,33.9255,-30.4018,21.2733,-30.2994,114.7011,12.1547,181.4393
0.5700,6.2018,124.1474,-113.5124,14.9673,-22.5287,33.5970,-32.1238,25.0367,-35.4016,115.1918,12.5175,182.1866
0.5800,6.3515,123.9221,-113.1764,14.6378,-22.2597,33.2175,-33.7352,28.7198,-40.4948,115.6775,12.8761,182.9244
0.5900,6.4978,123.6995,-112.8442,14.2926,-21.9543,32.7871,-35.2368,32.3159,-45.5598,116.1575,13.2300,183.6517
0.6000,6.6408,123.4799,-112.5164,13.9330,-21.6134,32.3063,-36.6298,35.8183,-50.5774,116.6308,13.5787,184.3675
0.6100,6.7801,123.2638,-112.1933,13.5600,-21.2379,31.7756,-37.9153,39.2195,-55.5283,117.0968,13.9217,185.0707
0.6200,6.9157,123.0514,-111.8756,13.1747,-20.8290,31.1958,-39.0949,42.5122,-60.3930,117.5546,14.2583,185.7605
0.6300,7.0474,122.8431,-111.5636,12.7782,-20.3877,30.5677,-40.1698,45.6886,-65.1522,118.0036,14.5882,186.4358
0.6400,7.1752,122.6393,-111.2579,12.3713,-19.9152,29.8927,-41.1416,48.7406,-69.7862,118.4429,14.9108,187.0958
0.6500,7.2989,122.4401,-110.9590,11.9553,-19.4129,29.1720,-42.0115,51.6599,-74.2755,118.8720,15.2256,187.7396
0.6600,7.4185,122.2460,-110.6673,11.5311,-18.8820,28.4072,-42.7810,54.4381,-78.6002,119.2901,15.5322,188.3662
0.6700,7.5338,122.0572,-110.3832,11.0997,-18.3241,27.6000,-43.4511,57.0664,-82.7405,119.6967,15.8302,188.9750
0.6800,7.6448,121.8739,-110.1072,10.6621,-17.7407,26.7524,-44.0230,59.5360,-86.6766,120.0912,16.1192,189.5651
0.6900,7.7514,121.6965,-109.8397,10.2192,-17.1334,25.8665,-44.4974,61.8376,-90.3887,120.4730,16.3987,190.1358
0.7000,7.8536,121.5252,-109.5810,9.7721,-16.5039,24.9446,-44.8750,63.9621,-93.8567,120.8416,16.6685,190.6864
0.7100,7.9513,121.3601,-109.3316,9.3217,-15.8541,23.9893,-45.1560,65.9001,-97.0609,121.1966,16.9281,191.2162
0.7200,8.0446,121.2016,-109.0917,8.8690,-15.1859,23.0034,-45.3406,67.6419,-99.9815,121.5374,17.1774,191.7248
0.7300,8.1332,121.0497,-108.8616,8.4149,-14.5013,21.9897,-45.4283,69.1780,-102.5989,121.8638,17.4159,192.2115
0.7400,8.2174,120.9047,-108.6417,7.9604,-13.8024,20.9514,-45.4188,70.4987,-104.8937,122.1754,17.6436,192.6759
0.7500,8.2970,120.7667,-108.4322,7.5066,-13.0913,19.8918,-45.3108,71.5941,-106.8466,122.4718,17.8602,193.1176
0.7600,8.3721,120.6358,-108.2333,7.0542,-12.3705,18.8145,-45.1031,72.4544,-108.4386,122.7529,18.0654,193.5363
0.7700,8.4426,120.5121,-108.0452,6.6045,-11.6423,17.7231,-44.7938,73.0698,-109.6512,123.0185,18.2593,193.9316
0.7800,8.5086,120.3957,-107.8679,6.1584,-10.9091,16.6215,-44.3807,73.4304,-110.4660,123.2683,18.4416,194.3035
0.7900,8.5702,120.2866,-107.7017,5.7169,-10.1736,15.5138,-43.8612,73.5265,-110.8651,123.5023,18.6123,194.6518
0.8000,8.6274,120.1848,-107.5466,5.2811,-9.4386,14.4042,-43.2320,73.3482,-110.8311,123.7204,18.7715,194.9765
0.8100,8.6802,120.0904,-107.4025,4.8522,-8.7067,13.2971,-42.4896,72.8858,-110.3470,123.9228,18.9191,195.2775
0.8200,8.7287,120.0034,-107.2696,4.4313,-7.9809,12.1972,-41.6298,72.1296,-109.3965,124.1094,19.0551,195.5552
0.8300,8.7730,119.9236,-107.1476,4.0196,-7.2641,11.1092,-40.6482,71.0702,-107.9635,124.2804,19.1798,195.8096
0.8400,8.8132,119.8509,-107.0365,3.6184,-6.5595,10.0380,-39.5395,69.6980,-106.0328,124.4360,19.2932,196.0411
0.8500,8.8494,119.7853,-106.9361,3.2289,-5.8701,8.9885,-38.2982,68.0038,-103.5897,124.5764,19.3955,196.2501
0.8600,8.8817,119.7266,-106.8462,2.8524,-5.1994,7.9662,-36.9184,65.9782,-100.6198,124.7021,19.4871,196.4372
0.8700,8.9102,119.6746,-106.7666,2.4905,-4.5506,6.9761,-35.3935,63.6122,-97.1096,124.8134,19.5681,196.6028
0.8800,8.9351,119.6291,-106.6968,2.1445,-3.9271,6.0240,-33.7165,60.8968,-93.0460,124.9108,19.6390,196.7478
0.8900,8.9566,119.5899,-106.6366,1.8162,-3.3326,5.1152,-31.8801,57.8231,-88.4163,124.9948,19.7002,196.8730
0.9000,8.9748,119.5565,-106.5854,1.5069,-2.7707,4.2556,-29.8766,54.3823,-83.2086,125.0661,19.7520,196.9792
0.9100,8.9898,119.5288,-106.5429,1.2186,-2.2450,3.4511,-27.6979,50.5658,-77.4112,125.1253,19.7951,197.0676
0.9200,9.0020,119.5064,-106.5084,0.9530,-1.7594,2.7074,-25.3358,46.3648,-71.0126,125.1733,19.8300,197.1393
0.9300,9.0115,119.4888,-106.4813,0.7119,-1.3177,2.0308,-22.7816,41.7709,-64.0019,125.2109,19.8573,197.1955
0.9400,9.0187,119.4756,-106.4610,0.4974,-0.9239,1.4274,-20.0267,36.7756,-56.3682,125.2391,19.8777,197.2377
0.9500,9.0236,119.4664,-106.4467,0.3114,-0.5822,0.9034,-17.0625,31.3704,-48.1006,125.2588,19.8920,197.2674
0.9600,9.0267,119.4605,-106.4377,0.1561,-0.2965,0.4654,-13.8804,25.5469,-39.1884,125.2712,19.9010,197.2862
0.9700,9.0283,119.4576,-106.4330,0.0338,-0.0712,0.1197,-10.4722,19.2963,-29.6205,125.2775,19.9054,197.2960
0.9800,9.0286,119.4569,-106.4318,-0.0533,0.0894,-0.1270,-6.8299,12.6103,-19.3855,125.2789,19.9064,197.2986
0.9900,9.0281,119.4578,-106.4331,-0.1028,0.1810,-0.2680,-2.4746,4.5786,-7.0499,125.2770,19.9049,197.2960
1.0000,9.0271,119.4596,-106.4358,-0.1028,0.1810,-0.2680,0.0000,0.0000,0.0000,125.2730,19.9020,197.2906
1.0100,9.0260,119.4616,-106.4387,-0.1010,0.1791,-0.2668,1.0658,-1.8906,2.8170,125.2687,19.8988,197.2845
1.0200,9.0249,119.4634,-106.4414,-0.0909,0.1612,-0.2401,0.9594,-1.7015,2.5352,125.2649,19.8959,197.2791
1.0300,9.0240,119.4650,-106.4438,-0.0819,0.1451,-0.2161,0.8635,-1.5314,2.2816,125.2614,19.8933,197.2742
1.0400,9.0232,119.4664,-106.4460,-0.0737,0.1306,-0.1945,0.7773,-1.3782,2.0534,125.2582,19.8910,197.2697
1.0500,9.0225,119.4677,-106.4479,-0.0663,0.1175,-0.1750,0.6996,-1.2404,1.8480,125.2554,19.8889,197.2658
1.0600,9.0218,119.4689,-106.4497,-0.0597,0.1058,-0.1575,0.6297,-1.1163,1.6631,125.2529,19.8870,197.2622
1.0700,9.0212,119.4700,-106.4512,-0.0537,0.0952,-0.1418,0.5668,-1.0047,1.4968,125.2506,19.8853,197.2590
1.0800,9.0207,119.4709,-106.4527,-0.0483,0.0857,-0.1276,0.5102,-0.9042,1.3471,125.2485,19.8838,197.2561
1.0900,9.0202,119.4718,-106.4539,-0.0435,0.0771,-0.1148,0.4592,-0.8138,1.2123,125.2467,19.8824,197.2535
1.1000,9.0198,119.4725,-106.4551,-0.0392,0.0694,-0.1034,0.4133,-0.7324,1.0911,125.2450,19.8812,197.2511
1.1100,9.0194,119.4732,-106.4561,-0.0352,0.0624,-0.0930,0.3720,-0.6592,0.9819,125.2435,19.8800,197.2490
1.1200,9.0190,119.4739,-106.4570,-0.0317,0.0562,-0.0837,0.3348,-0.5932,0.8837,125.2422,19.8790,197.2471
1.1300,9.0187,119.4744,-106.4579,-0.0286,0.0506,-0.0753,0.3013,-0.5339,0.7954,125.2409,19.8781,197.2454
1.1400,9.0184,119.4749,-106.4586,-0.0257,0.0455,-0.0678,0.2712,-0.4805,0.7158,125.2398,19.8773,197.2439
1.1500,9.0182,119.4754,-106.4593,-0.0231,0.0410,-0.0610,0.2441,-0.4325,0.6442,125.2389,19.8766,197.2425
1.1600,9.0179,119.4758,-106.4599,-0.0208,0.0369,-0.0549,0.2197,-0.3892,0.5798,125.2380,19.8759,197.2412
1.1700,9.0177,119.4762,-106.4605,-0.0187,0.0332,-0.0494,0.1977,-0.3503,0.5218,125.2372,19.8753,197.2401
1.1800,9.0175,119.4765,-106.4610,-0.0169,0.0299,-0.0445,0.1780,-0.3153,0.4696,125.2365,19.8748,197.2391
1.1900,9.0174,119.4768,-106.4614,-0.0152,0.0269,-0.0400,0.1602,-0.2837,0.4227,125.2358,19.8743,197.2382
1.2000,9.0172,119.4771,-106.4618,-0.0137,0.0242,-0.0360,0.1442,-0.2554,0.3804,125.2352,19.8739,197.2374
1.2100,9.0171,119.4773,-106.4622,-0.0123,0.0218,-0.0324,0.1297,-0.2298,0.3423,125.2347,19.8735,197.2366
1.2200,9.0170,119.4775,-106.4625,-0.0111,0.0196,-0.0292,0.1168,-0.2068,0.3081,125.2342,19.8732,197.2360
1.2300,9.0168,119.4777,-106.4628,-0.0100,0.0176,-0.0263,0.1051,-0.1862,0.2773,125.2338,19.8728,197.2354
1.2400,9.0167,119.4779,-106.4630,-0.0090,0.0159,-0.0236,0.0946,-0.1675,0.2496,125.2334,19.8726,197.2348
1.2500,9.0167,119.4780,-106.4633,-0.0081,0.0143,-0.0213,0.0851,-0.1508,0.2246,125.2331,19.8723,197.2343
1.2600,9.0166,119.4782,-106.4635,-0.0073,0.0129,-0.0192,0.0766,-0.1357,0.2021,125.2328,19.8721,197.2339
1.2700,9.0165,119.4783,-106.4637,-0.0065,0.0116,-0.0172,0.0690,-0.1221,0.1819,125.2325,19.8719,197.2335
1.2800,9.0164,119.4784,-106.4639,-0.0059,0.0104,-0.0155,0.0621,-0.1099,0.1637,125.2323,19.8717,197.2332
1.2900,9.0164,119.4785,-106.4640,-0.0053,0.0094,-0.0140,0.0559,-0.0989,0.1474,125.2320,19.8715,197.2329
1.3000,9.0163,119.4786,-106.4642,-0.0048,0.0084,-0.0126,0.0503,-0.0890,0.1326,125.2318,19.8714,197.2326
1.3100,9.0163,119.4787,-106.4643,-0.0043,0.0076,-0.0113,0.0452,-0.0801,0.1194,125.2316,19.8712,197.2323
1.3200,9.0162,119.4788,-106.4644,-0.0039,0.0068,-0.0102,0.0407,-0.0721,0.1074,125.2315,19.8711,197.2321
1.3300,9.0162,119.4789,-106.4645,-0.0035,0.0061,-0.0092,0.0366,-0.0649,0.0967,125.2313,19.8710,197.2319
1.3400,9.0162,119.4789,-106.4646,-0.0031,0.0055,-0.0082,0.0330,-0.0584,0.0870,125.2312,19.8709,197.2317
1.3500,9.0161,119.4790,-106.4647,-0.0028,0.0050,-0.0074,0.0297,-0.0526,0.0783,125.2311,19.8708,197.2315
1.3600,9.0161,119.4790,-106.4647,-0.0025,0.0045,-0.0067,0.0267,-0.0473,0.0705,125.2310,19.8707,197.2314
1.3700,9.0161,119.4791,-106.4648,-0.0023,0.0040,-0.0060,0.0240,-0.0426,0.0634,125.2309,19.8706,197.2312
1.3800,9.0161,119.4791,-106.4649,-0.0021,0.0036,-0.0054,0.0216,-0.0383,0.0571,125.2308,19.8706,197.2311
1.3900,9.0160,119.4791,-106.4649,-0.0018,0.0033,-0.0049,0.0195,-0.0345,0.0514,125.2307,19.8705,197.2310
1.4000,9.0160,119.4792,-106.4650,-0.0017,0.0029,-0.0044,0.0175,-0.0310,0.0462,125.2306,19.8705,197.2309
1.4100,9.0160,119.4792,-106.4650,-0.0015,0.0026,-0.0039,0.0158,-0.0279,0.0416,125.2306,19.8704,197.2308
1.4200,9.0160,119.4792,-106.4651,-0.0013,0.0024,-0.0035,0.0142,-0.0251,0.0375,125.2305,19.8704,197.2307
1.4300,9.0160,119.4793,-106.4651,-0.0012,0.0021,-0.0032,0.0128,-0.0226,0.0337,125.2305,19.8703,197.2307
1.4400,9.0160,119.4793,-106.4651,-0.0011,0.0019,-0.0029,0.0115,-0.0204,0.0303,125.2304,19.8703,197.2306
1.4500,9.0159,119.4793,-106.4652,-0.0010,0.0017,-0.0026,0.0104,-0.0183,0.0273,125.2304,19.8703,197.2305
1.4600,9.0159,119.4793,-106.4652,-0.0009,0.0016,-0.0023,0.0093,-0.0165,0.0246,125.2303,19.8703,197.2305
1.4700,9.0159,119.4793,-106.4652,-0.0008,0.0014,-0.0021,0.0084,-0.0148,0.0221,125.2303,19.8702,197.2304
1.4800,9.0159,119.4793,-106.4652,-0.0007,0.0013,-0.0019,0.0075,-0.0134,0.0199,125.2303,19.8702,197.2304
1.4900,9.0159,119.4794,-106.4652,-0.0006,0.0011,-0.0017,0.0068,-0.0120,0.0179,125.2302,19.8702,197.2303
1.5000,9.0159,119.4794,-106.4653,-0.0006,0.0010,-0.0015,0.0061,-0.0108,0.0161,125.2302,19.8702,197.2303
1.5100,9.0159,119.4794,-106.4653,-0.0005,0.0009,-0.0014,0.0055,-0.0097,0.0145,125.2302,19.8701,197.2303
1.5200,9.0159,119.4794,-106.4653,-0.0005,0.0008,-0.0012,0.0050,-0.0088,0.0131,125.2302,19.8701,197.2303
1.5300,9.0159,119.4794,-106.4653,-0.0004,0.0007,-0.0011,0.0045,-0.0079,0.0118,125.2302,19.8701,197.2302
1.5400,9.0159,119.4794,-106.4653,-0.0004,0.0007,-0.0010,0.0040,-0.0071,0.0106,125.2301,19.8701,197.2302
1.5500,9.0159,119.4794,-106.4653,-0.0003,0.0006,-0.0009,0.0036,-0.0064,0.0095,125.2301,19.8701,197.2302
1.5600,9.0159,119.4794,-106.4653,-0.0003,0.0005,-0.0008,0.0032,-0.0058,0.0086,125.2301,19.8701,197.2302
1.5700,9.0159,119.4794,-106.4653,-0.0003,0.0005,-0.0007,0.0029,-0.0052,0.0077,125.2301,19.8701,197.2301
1.5800,9.0159,119.4794,-106.4653,-0.0002,0.0004,-0.0007,0.0026,-0.0047,0.0069,125.2301,19.8701,197.2301
1.5900,9.0159,119.4794,-106.4654,-0.0002,0.0004,-0.0006,0.0024,-0.0042,0.0062,125.2301,19.8701,197.2301
1.6000,9.0159,119.4794,-106.4654,-0.0002,0.0004,-0.0005,0.0021,-0.0038,0.0056,125.2301,19.8701,197.2301
1.6100,9.0159,119.4794,-106.4654,-0.0002,0.0003,-0.0005,0.0019,-0.0034,0.0051,125.2301,19.8701,197.2301
1.6200,9.0159,119.4794,-106.4654,-0.0002,0.0003,-0.0004,0.0017,-0.0031,0.0046,125.2301,19.8700,197.2301
1.6300,9.0159,119.4794,-106.4654,-0.0001,0.0003,-0.0004,0.0016,-0.0028,0.0041,125.2301,19.8700,197.2301
1.6400,9.0159,119.4794,-106.4654,-0.0001,0.0002,-0.0003,0.0014,-0.0025,0.0037,125.2301,19.8700,197.2301
1.6500,9.0159,119.4794,-106.4654,-0.0001,0.0002,-0.0003,0.0013,-0.0022,0.0033,125.2300,19.8700,197.2301
1.6600,9.0159,119.4795,-106.4654,-0.0001,0.0002,-0.0003,0.0011,-0.0020,0.0030,125.2300,19.8700,197.2301
1.6700,9.0159,119.4795,-106.4654,-0.0001,0.0002,-0.0003,0.0010,-0.0018,0.0027,125.2300,19.8700,197.2301
1.6800,9.0159,119.4795,-106.4654,-0.0001,0.0002,-0.0002,0.0009,-0.0016,0.0024,125.2300,19.8700,197.2300
1.6900,9.0159,119.4795,-106.4654,-0.0001,0.0001,-0.0002,0.0008,-0.0015,0.0022,125.2300,19.8700,197.2300
1.7000,9.0159,119.4795,-106.4654,-0.0001,0.0001,-0.0002,0.0007,-0.0013,0.0020,125.2300,19.8700,197.2300
1.7100,9.0159,119.4795,-106.4654,-0.0001,0.0001,-0.0002,0.0007,-0.0012,0.0018,125.2300,19.8700,197.2300
1.7200,9.0159,119.4795,-106.4654,-0.0001,0.0001,-0.0002,0.0006,-0.0011,0.0016,125.2300,19.8700,197.2300
1.7300,9.0159,119.4795,-106.4654,-0.0001,0.0001,-0.0001,0.0005,-0.0010,0.0014,125.2300,19.8700,197.2300
1.7400,9.0159,119.4795,-106.4654,-0.0000,0.0001,-0.0001,0.0005,-0.0009,0.0013,125.2300,19.8700,197.2300
1.7500,9.0159,119.4795,-106.4654,-0.0000,0.0001,-0.0001,0.0004,-0.0008,0.0012,125.2300,19.8700,197.2300
1.7600,9.0159,119.4795,-106.4654,-0.0000,0.0001,-0.0001,0.0004,-0.0007,0.0010,125.2300,19.8700,197.2300
1.7700,9.0159,119.4795,-106.4654,-0.0000,0.0001,-0.0001,0.0004,-0.0006,0.0009,125.2300,19.8700,197.2300
1.7800,9.0159,119.4795,-106.4654,-0.0000,0.0001,-0.0001,0.0003,-0.0006,0.0008,125.2300,19.8700,197.2300
1.7900,9.0159,119.4795,-106.4654,-0.0000,0.0000,-0.0001,0.0003,-0.0005,0.0008,125.2300,19.8700,197.2300
1.8000,9.0159,119.4795,-106.4654,-0.0000,0.0000,-0.0001,0.0003,-0.0005,0.0007,125.2300,19.8700,197.2300
1.8100,9.0159,119.4795,-106.4654,-0.0000,0.0000,-0.0001,0.0002,-0.0004,0.0006,125.2300,19.8700,197.2300
1.8200,9.0159,119.4795,-106.4654,-0.0000,0.0000,-0.0001,0.0002,-0.0004,0.0006,125.2300,19.8700,197.2300
1.8300,9.0159,119.4795,-106.4654,-0.0000,0.0000,-0.0000,0.0002,-0.0003,0.0005,125.2300,19.8700,197.2300
1.8400,9.0159,119.4795,-106.4654,-0.0000,0.0000,-0.0000,0.0002,-0.0003,0.0004,125.2300,19.8700,197.2300
1.8500,9.0159,119.4795,-106.4654,-0.0000,0.0000,-0.0000,0.0002,-0.0003,0.0004,125.2300,19.8700,197.2300
1.8600,9.0159,119.4795,-106.4654,-0.0000,0.0000,-0.0000,0.0001,-0.0002,0.0004,125.2300,19.8700,197.2300
1.8700,9.0159,119.4795,-106.4654,-0.0000,0.0000,-0.0000,0.0001,-0.0002,0.0003,125.2300,19.8700,197.2300
1.8800,9.0159,119.4795,-106.4654,-0.0000,0.0000,-0.0000,0.0001,-0.0002,0.0003,125.2300,19.8700,197.2300
1.8900,9.0159,119.4795,-106.4654,-0.0000,0.0000,-0.0000,0.0001,-0.0002,0.0003,125.2300,19.8700,197.2300
1.9000,9.0159,119.4795,-106.4654,-0.0000,0.0000,-0.0000,0.0001,-0.0002,0.0002,125.2300,19.8700,197.2300
1.9100,9.0159,119.4795,-106.4654,-0.0000,0.0000,-0.0000,0.0001,-0.0001,0.0002,125.2300,19.8700,197.2300
1.9200,9.0159,119.4795,-106.4654,-0.0000,0.0000,-0.0000,0.0001,-0.0001,0.0002,125.2300,19.8700,197.2300
1.9300,9.0159,119.4795,-106.4654,-0.0000,0.0000,-0.0000,0.0001,-0.0001,0.0002,125.2300,19.8700,197.2300
1.9400,9.0159,119.4795,-106.4654,-0.0000,0.0000,-0.0000,0.0001,-0.0001,0.0002,125.2300,19.8700,197.2300
1.9500,9.0159,119.4795,-106.4654,-0.0000,0.0000,-0.0000,0.0001,-0.0001,0.0001,125.2300,19.8700,197.2300
1.9600,9.0159,119.4795,-106.4654,-0.0000,0.0000,-0.0000,0.0000,-0.0001,0.0001,125.2300,19.8700,197.2300
1.9700,9.0159,119.4795,-106.4654,-0.0000,0.0000,-0.0000,0.0000,-0.0001,0.0001,125.2300,19.8700,197.2300
1.9800,9.0159,119.4795,-106.4654,-0.0000,0.0000,-0.0000,0.0000,-0.0001,0.0001,125.2300,19.8700,197.2300
1.9900,9.0159,119.4795,-106.4654,-0.0000,0.0000,-0.0000,0.0000,-0.0000,0.0000,125.2300,19.8700,197.2300
2.0000,9.0159,119.4795,-106.4654,-0.0000,0.0000,-0.0000,0.0000,0.0000,0.0000,125.2300,19.8700,197.2300
2.0100,9.0159,119.4795,-106.4654,0.0647,-0.0204,-0.1361,12.7718,-4.0366,-26.8552,125.2300,19.8700,197.2300
2.0200,9.0165,119.4793,-106.4668,0.2554,-0.0807,-0.5371,24.9525,-7.8962,-52.4676,125.2314,19.8717,197.2255
2.0300,9.0191,119.4785,-106.4721,0.5638,-0.1784,-1.1854,36.2961,-11.5254,-76.3203,125.2370,19.8783,197.2079
2.0400,9.0247,119.4767,-106.4840,0.9814,-0.3112,-2.0635,46.8154,-14.9681,-98.4406,125.2494,19.8929,197.1689
2.0500,9.0345,119.4736,-106.5046,1.5001,-0.4777,-3.1542,56.5188,-18.2784,-118.8467,125.2710,19.9183,197.1010
2.0600,9.0495,119.4688,-106.5362,2.1117,-0.6768,-4.4405,65.4113,-21.5175,-137.5496,125.3039,19.9572,196.9972
2.0700,9.0706,119.4620,-106.5806,2.8083,-0.9081,-5.9052,73.4959,-24.7503,-154.5560,125.3503,20.0119,196.8509
2.0800,9.0987,119.4529,-106.6396,3.5816,-1.1718,-7.5316,80.7748,-28.0434,-169.8700,125.4120,20.0848,196.6563
2.0900,9.1345,119.4412,-106.7149,4.4238,-1.4689,-9.3026,87.2499,-31.4626,-183.4952,125.4907,20.1779,196.4077
2.1000,9.1788,119.4265,-106.8080,5.3266,-1.8011,-11.2015,92.9240,-35.0714,-195.4355,125.5881,20.2931,196.1002
2.1100,9.2320,119.4085,-106.9200,6.2823,-2.1704,-13.2113,97.8010,-38.9294,-205.6973,125.7054,20.4319,195.7293
2.1200,9.2948,119.3868,-107.0521,7.2827,-2.5796,-15.3154,101.8873,-43.0910,-214.2895,125.8441,20.5961,195.2908
2.1300,9.3677,119.3610,-107.2053,8.3200,-3.0322,-17.4971,105.1914,-47.6047,-221.2254,126.0051,20.7870,194.7812
2.1400,9.4509,119.3307,-107.3802,9.3865,-3.5317,-19.7399,107.7248,-52.5121,-226.5223,126.1896,21.0057,194.1971
2.1500,9.5447,119.2954,-107.5776,10.4745,-4.0824,-22.0276,109.5021,-57.8474,-230.2028,126.3982,21.2533,193.5359
2.1600,9.6495,119.2546,-107.7979,11.5765,-4.6887,-24.3440,110.5413,-63.6370,-232.2945,126.6319,21.5307,192.7951
2.1700,9.7653,119.2077,-108.0413,12.6853,-5.3552,-26.6735,110.8637,-69.8995,-232.8306,126.8911,21.8387,191.9726
2.1800,9.8921,119.1541,-108.3081,13.7938,-6.0867,-29.0006,110.4941,-76.6448,-231.8496,127.1764,22.1778,191.0670
2.1900,10.0300,119.0932,-108.5981,14.8952,-6.8881,-31.3104,109.4606,-83.8749,-229.3954,127.4881,22.5485,190.0768
2.2000,10.1790,119.0244,-108.9112,15.9830,-7.7642,-33.5885,107.7945,-91.5834,-225.5170,127.8265,22.9512,189.0012
2.2100,10.3388,118.9467,-109.2471,17.0511,-8.7197,-35.8208,105.5302,-99.7556,-220.2683,128.1918,23.3861,187.8396
2.2200,10.5093,118.8595,-109.6053,18.0936,-9.7593,-37.9939,102.7048,-108.3687,-213.7079,128.5839,23.8533,186.5919
2.2300,10.6903,118.7619,-109.9852,19.1052,-10.8871,-40.0949,99.3577,-117.3919,-205.8986,129.0029,24.3527,185.2579
2.2400,10.8813,118.6531,-110.3862,20.0808,-12.1071,-42.1118,95.5305,-126.7867,-196.9067,129.4487,24.8841,183.8383
2.2500,11.0821,118.5320,-110.8073,21.0158,-13.4228,-44.0331,91.2665,-136.5069,-186.8025,129.9209,25.4474,182.3335
2.2600,11.2923,118.3978,-111.2476,21.9061,-14.8373,-45.8479,86.6101,-146.4988,-175.6589,130.4194,26.0421,180.7447
2.2700,11.5114,118.2494,-111.7061,22.7480,-16.3528,-47.5463,81.6067,-156.7013,-163.5517,130.9436,26.6678,179.0730
2.2800,11.7388,118.0859,-112.1816,23.5382,-17.9713,-49.1189,76.3020,-167.0465,-150.5590,131.4932,27.3239,177.3199
2.2900,11.9742,117.9062,-112.6727,24.2741,-19.6938,-50.5574,70.7417,-177.4592,-136.7610,132.0676,28.0097,175.4871
2.3000,12.2170,117.7092,-113.1783,24.9531,-21.5205,-51.8541,64.9712,-187.8580,-122.2396,132.6662,28.7245,173.5768
2.3100,12.4665,117.4940,-113.6969,25.5735,-23.4509,-53.0022,59.0348,-198.1545,-107.0785,133.2883,29.4675,171.5910
2.3200,12.7222,117.2595,-114.2269,26.1338,-25.4836,-53.9957,52.9757,-208.2545,-91.3627,133.9332,30.2377,169.5322
2.3300,12.9836,117.0047,-114.7668,26.6330,-27.6160,-54.8295,46.8355,-218.0578,-75.1785,134.6000,31.0342,167.4031
2.3400,13.2499,116.7285,-115.3151,27.0705,-29.8447,-55.4993,40.6541,-227.4589,-58.6136,135.2879,31.8558,165.2064
2.3500,13.5206,116.4301,-115.8701,27.4461,-32.1652,-56.0018,34.4690,-236.3472,-41.7569,135.9961,32.7015,162.9451
2.3600,13.7951,116.1084,-116.4301,27.7599,-34.5717,-56.3344,28.3155,-244.6080,-24.6985,136.7235,33.5700,160.6226
2.3700,14.0727,115.7627,-116.9935,28.0124,-37.0573,-56.4957,22.2261,-252.1230,-7.5297,137.4691,34.4601,158.2420
2.3800,14.3528,115.3921,-117.5584,28.2044,-39.6141,-56.4850,16.2308,-258.7715,9.6569,138.2319,35.3705,155.8069
2.3900,14.6348,114.9960,-118.1233,28.3370,-42.2328,-56.3026,10.3568,-264.4312,26.7679,139.0108,36.2998,153.3208
2.4000,14.9182,114.5736,-118.6863,28.4115,-44.9028,-55.9497,4.6284,-268.9802,43.7084,139.8047,37.2467,150.7877
2.4100,15.2023,114.1246,-119.2458,28.4296,-47.6124,-55.4284,-0.9331,-272.2978,60.3830,140.6123,38.2096,148.2112
2.4200,15.4866,113.6485,-119.8001,28.3929,-50.3487,-54.7420,-6.3091,-274.2669,76.6954,141.4327,39.1871,145.5955
2.4300,15.7705,113.1450,-120.3475,28.3034,-53.0977,-53.8945,-11.4838,-274.7759,92.5489,142.2643,40.1777,142.9445
2.4400,16.0536,112.6140,-120.8865,28.1632,-55.8442,-52.8910,-16.4442,-273.7206,107.8474,143.1062,41.1799,140.2625
2.4500,16.3352,112.0556,-121.4154,27.9745,-58.5721,-51.7376,-21.1798,-271.0069,122.4949,143.9569,42.1919,137.5536
2.4600,16.6149,111.4699,-121.9328,27.7396,-61.2644,-50.4411,-25.6827,-266.5533,136.3972,144.8152,43.2124,134.8221
2.4700,16.8923,110.8572,-122.4372,27.4608,-63.9032,-49.0096,-29.9472,-260.2932,149.4624,145.6798,44.2396,132.0724
2.4800,17.1669,110.2182,-122.9273,27.1407,-66.4702,-47.4519,-33.9696,-252.1774,161.6016,146.5493,45.2719,129.3089
2.4900,17.4384,109.5535,-123.4018,26.7815,-68.9467,-45.7776,-37.7484,-242.1766,172.7305,147.4224,46.3078,126.5360
2.5000,17.7062,108.8640,-123.8596,26.3857,-71.3138,-43.9973,-41.2838,-230.2834,182.7701,148.2977,47.3454,123.7581
2.5100,17.9700,108.1509,-124.2995,25.9558,-73.5524,-42.1222,-44.5776,-216.5141,191.6485,149.1739,48.3833,120.9797
2.5200,18.2296,107.4154,-124.7208,25.4941,-75.6440,-40.1643,-47.6327,-200.9099,199.3017,150.0497,49.4197,118.2052
2.5300,18.4845,106.6589,-125.1224,25.0031,-77.5706,-38.1361,-50.4537,-183.5379,205.6755,150.9236,50.4530,115.4391
2.5400,18.7346,105.8832,-125.5038,24.4851,-79.3148,-36.0508,-53.0458,-164.4911,210.7260,151.7942,51.4816,112.6858
2.5500,18.9794,105.0901,-125.8643,23.9422,-80.8604,-33.9216,-55.4153,-143.8878,214.4217,152.6603,52.5038,109.9497
2.5600,19.2188,104.2815,-126.2035,23.3768,-82.1926,-31.7623,-57.5691,-121.8704,216.7437,153.5204,53.5180,107.2352
2.5700,19.4526,103.4595,-126.5211,22.7908,-83.2978,-29.5868,-59.5145,-98.6038,217.6871,154.3732,54.5227,104.5466
2.5800,19.6805,102.6266,-126.8170,22.1865,-84.1646,-27.4086,-61.2594,-74.2724,217.2611,155.2173,55.5162,101.8881
2.5900,19.9024,101.7849,-127.0911,21.5656,-84.7833,-25.2415,-62.8118,-49.0768,215.4900,156.0514,56.4971,99.2639
2.6000,20.1180,100.9371,-127.3435,20.9302,-85.1462,-23.0988,-64.1798,-23.2306,212.4125,156.8742,57.4638,96.6782
2.6100,20.3273,100.0856,-127.5745,20.2820,-85.2479,-20.9933,-65.3714,3.0438,208.0818,157.6844,58.4147,94.1348
2.6200,20.5301,99.2331,-127.7844,19.6228,-85.0853,-18.9372,-66.3947,29.5197,202.5649,158.4807,59.3486,91.6378
2.6300,20.7264,98.3823,-127.9738,18.9541,-84.6575,-16.9420,-67.2574,55.9698,195.9417,159.2620,60.2639,89.1909
2.6400,20.9159,97.5357,-128.1432,18.2777,-83.9659,-15.0183,-67.9669,82.1705,188.3039,160.0269,61.1593,86.7977
2.6500,21.0987,96.6961,-128.2934,17.5948,-83.0141,-13.1759,-68.5303,107.9059,179.7533,160.7744,62.0334,84.4619
2.6600,21.2746,95.8659,-128.4251,16.9070,-81.8078,-11.4233,-68.9541,132.9706,170.4003,161.5033,62.8851,82.1867
2.6700,21.4437,95.0478,-128.5394,16.2157,-80.3547,-9.7679,-69.2443,157.1729,160.3623,162.2125,63.7132,79.9754
2.6800,21.6059,94.2443,-128.6370,15.5222,-78.6643,-8.2160,-69.4063,180.3370,149.7616,162.9011,64.5164,77.8311
2.6900,21.7611,93.4576,-128.7192,14.8276,-76.7479,-6.7727,-69.4451,202.3042,138.7237,163.5680,65.2937,75.7566
2.7000,21.9094,92.6902,-128.7869,14.1333,-74.6182,-5.4416,-69.3646,222.9339,127.3749,164.2124,66.0441,73.7545
2.7100,22.0507,91.9440,-128.8413,13.4403,-72.2893,-4.2252,-69.1684,242.1043,115.8414,164.8334,66.7667,71.8274
2.7200,22.1851,91.2211,-128.8836,12.7499,-69.7762,-3.1247,-68.8590,259.7114,104.2464,165.4302,67.4606,69.9775
2.7300,22.3126,90.5233,-128.9148,12.0631,-67.0950,-2.1402,-68.4383,275.6686,92.7096,166.0022,68.1251,68.2068
2.7400,22.4332,89.8524,-128.9362,11.3811,-64.2628,-1.2705,-67.9074,289.9056,81.3450,166.5486,68.7594,66.5171
2.7500,22.5470,89.2097,-128.9489,10.7050,-61.2969,-0.5133,-67.2665,302.3663,70.2597,167.0690,69.3630,64.9099
2.7600,22.6541,88.5968,-128.9541,10.0358,-58.2155,0.1347,-66.5149,313.0080,59.5533,167.5629,69.9354,63.3866
2.7700,22.7544,88.0146,-128.9527,9.3747,-55.0368,0.6777,-65.6511,321.7986,49.3163,168.0299,70.4761,61.9481
2.7800,22.8482,87.4643,-128.9460,8.7228,-51.7795,1.1210,-64.6726,328.7154,39.6296,168.4696,70.9849,60.5952
2.7900,22.9354,86.9465,-128.9347,8.0812,-48.4625,1.4703,-63.5763,333.7427,30.5641,168.8820,71.4616,59.3283
2.8000,23.0162,86.4618,-128.9200,7.4512,-45.1046,1.7323,-62.3578,336.8706,22.1798,169.2669,71.9061,58.1475
2.8100,23.0907,86.0108,-128.9027,6.8341,-41.7250,1.9139,-61.0120,338.0929,14.5258,169.6243,72.3185,57.0527
2.8200,23.1591,85.5935,-128.8836,6.2310,-38.3428,2.0228,-59.5327,337.4060,7.6402,169.9543,72.6989,56.0434
2.8300,23.2214,85.2101,-128.8634,5.6434,-34.9769,2.0667,-57.9130,334.8074,1.5498,170.2572,73.0476,55.1188
2.8400,23.2778,84.8603,-128.8427,5.0727,-31.6466,2.0538,-56.1450,330.2950,-3.7298,170.5331,73.3650,54.2777
2.8500,23.3286,84.5439,-128.8221,4.5205,-28.3710,1.9921,-54.2198,323.8659,-8.1940,170.7827,73.6516,53.5186
2.8600,23.3738,84.2602,-128.8022,3.9884,-25.1693,1.8899,-52.1275,315.5160,-11.8485,171.0065,73.9082,52.8397
2.8700,23.4136,84.0085,-128.7833,3.4780,-22.0607,1.7552,-49.8577,305.2396,-14.7095,171.2051,74.1355,52.2386
2.8800,23.4484,83.7879,-128.7658,2.9912,-19.0645,1.5957,-47.3989,293.0292,-16.8028,171.3794,74.3345,51.7129
2.8900,23.4783,83.5972,-128.7498,2.5300,-16.2001,1.4191,-44.7389,278.8751,-18.1630,171.5302,74.5064,51.2595
2.9000,23.5036,83.4352,-128.7356,2.0964,-13.4870,1.2325,-41.8649,262.7658,-18.8328,171.6587,74.6523,50.8750
2.9100,23.5246,83.3004,-128.7233,1.6927,-10.9448,1.0424,-38.7632,244.6875,-18.8620,171.7661,74.7738,50.5555
2.9200,23.5415,83.1909,-128.7129,1.3212,-8.5933,0.8552,-35.4200,224.6251,-18.3059,171.8537,74.8723,50.2969
2.9300,23.5547,83.1050,-128.7043,0.9843,-6.4523,0.6763,-31.8208,202.5612,-17.2245,171.9231,74.9497,50.0945
2.9400,23.5646,83.0404,-128.6976,0.6847,-4.5420,0.5107,-27.9511,178.4772,-15.6799,171.9757,75.0078,49.9432
2.9500,23.5714,82.9950,-128.6925,0.4253,-2.8828,0.3627,-23.7964,152.3526,-13.7353,172.0135,75.0488,49.8373
2.9600,23.5757,82.9662,-128.6888,0.2088,-1.4950,0.2360,-19.3424,124.1650,-11.4519,172.0384,75.0748,49.7710
2.9700,23.5778,82.9513,-128.6865,0.0384,-0.3995,0.1337,-14.5752,93.8898,-8.8870,172.0524,75.0884,49.7376
2.9800,23.5782,82.9473,-128.6851,-0.0827,0.3828,0.0583,-9.4819,61.4997,-6.0905,172.0579,75.0921,49.7303
2.9900,23.5773,82.9511,-128.6846,-0.1512,0.8305,0.0119,-3.4261,22.3862,-2.3200,172.0571,75.0888,49.7414
3.0000,23.5758,82.9594,-128.6844,-0.1512,0.8305,0.0119,0.0000,0.0000,0.0000,172.0527,75.0815,49.7631
3.0100,23.5742,82.9686,-128.6845,-0.1473,0.7588,-0.0307,1.5541,-22.7726,-5.3675,172.0475,75.0734,49.7868
3.0200,23.5727,82.9762,-128.6848,-0.1326,0.4666,-0.1111,1.3989,-35.2536,-10.5450,172.0427,75.0660,49.8057
3.0300,23.5714,82.9809,-128.6859,-0.1194,0.0538,-0.2416,1.2592,-46.9199,-15.3693,172.0384,75.0594,49.8153
3.0400,23.5702,82.9814,-128.6883,-0.1074,-0.4718,-0.4185,1.1334,-57.8029,-19.8402,172.0346,75.0535,49.8113
3.0500,23.5691,82.9767,-128.6925,-0.0967,-1.1023,-0.6384,1.0202,-67.9362,-23.9548,172.0311,75.0481,49.7900
3.0600,23.5681,82.9657,-128.6989,-0.0870,-1.8305,-0.8976,0.9183,-77.3551,-27.7084,172.0280,75.0433,49.7476
3.0700,23.5673,82.9474,-128.7078,-0.0783,-2.6494,-1.1925,0.8265,-86.0956,-31.0955,172.0252,75.0390,49.6807
3.0800,23.5665,82.9209,-128.7198,-0.0705,-3.5524,-1.5195,0.7439,-94.1935,-34.1099,172.0226,75.0351,49.5863
3.0900,23.5658,82.8853,-128.7350,-0.0635,-4.5333,-1.8747,0.6696,-101.6842,-36.7457,172.0203,75.0315,49.4615
3.1000,23.5652,82.8400,-128.7537,-0.0571,-5.5861,-2.2544,0.6027,-108.6016,-38.9973,172.0182,75.0284,49.3037
3.1100,23.5646,82.7841,-128.7763,-0.0514,-6.7053,-2.6547,0.5425,-114.9783,-40.8600,172.0163,75.0255,49.1104
3.1200,23.5641,82.7171,-128.8028,-0.0463,-7.8856,-3.0716,0.4882,-120.8444,-42.3306,172.0145,75.0229,48.8797
3.1300,23.5636,82.6382,-128.8335,-0.0416,-9.1222,-3.5013,0.4394,-126.2279,-43.4070,172.0128,75.0205,48.6097
3.1400,23.5632,82.5470,-128.8685,-0.0375,-10.4102,-3.9398,0.3955,-131.1541,-44.0890,172.0112,75.0183,48.2985
3.1500,23.5628,82.4429,-128.9079,-0.0337,-11.7453,-4.3831,0.3560,-135.6452,-44.3781,172.0097,75.0163,47.9449
3.1600,23.5625,82.3255,-128.9518,-0.0304,-13.1231,-4.8273,0.3204,-139.7206,-44.2778,172.0082,75.0144,47.5475
3.1700,23.5622,82.1942,-129.0000,-0.0273,-14.5397,-5.2686,0.2884,-143.3965,-43.7936,172.0068,75.0127,47.1053
3.1800,23.5619,82.0488,-129.0527,-0.0246,-15.9910,-5.7032,0.2595,-146.6860,-42.9333,172.0054,75.0111,46.6175
3.1900,23.5617,81.8889,-129.1098,-0.0221,-17.4734,-6.1273,0.2336,-149.5991,-41.7064,172.0039,75.0096,46.0835
3.2000,23.5614,81.7142,-129.1710,-0.0199,-18.9830,-6.5373,0.2102,-152.1426,-40.1250,172.0025,75.0082,45.5028
3.2100,23.5612,81.5244,-129.2364,-0.0179,-20.5162,-6.9298,0.1892,-154.3204,-38.2028,172.0010,75.0068,44.8751
3.2200,23.5611,81.3192,-129.3057,-0.0161,-22.0694,-7.3014,0.1703,-156.1335,-35.9559,171.9995,75.0055,44.2003
3.2300,23.5609,81.0985,-129.3787,-0.0145,-23.6389,-7.6489,0.1533,-157.5803,-33.4023,171.9979,75.0043,43.4785
3.2400,23.5607,80.8621,-129.4552,-0.0131,-25.2210,-7.9694,0.1379,-158.6568,-30.5619,171.9963,75.0030,42.7100
3.2500,23.5606,80.6099,-129.5349,-0.0118,-26.8120,-8.2601,0.1242,-159.3566,-27.4563,171.9945,75.0018,41.8951
3.2600,23.5605,80.3418,-129.6175,-0.0106,-28.4082,-8.5185,0.1117,-159.6715,-24.1089,171.9928,75.0006,41.0343
3.2700,23.5604,80.0577,-129.7027,-0.0095,-30.0055,-8.7423,0.1006,-159.5917,-20.5448,171.9909,74.9994,40.1283
3.2800,23.5603,79.7576,-129.7901,-0.0086,-31.6000,-8.9294,0.0905,-159.1061,-16.7904,171.9890,74.9983,39.1781
3.2900,23.5602,79.4416,-129.8794,-0.0077,-33.1876,-9.0781,0.0815,-158.2024,-12.8734,171.9870,74.9971,38.1844
3.3000,23.5601,79.1098,-129.9702,-0.0069,-34.7640,-9.1869,0.0733,-156.8682,-8.8227,171.9849,74.9959,37.1485
3.3100,23.5601,78.7621,-130.0621,-0.0063,-36.3250,-9.2546,0.0660,-155.0905,-4.6681,171.9828,74.9947,36.0715
3.3200,23.5600,78.3989,-130.1546,-0.0056,-37.8659,-9.2803,0.0594,-152.8568,-0.4403,171.9806,74.9936,34.9547
3.3300,23.5599,78.0202,-130.2474,-0.0051,-39.3821,-9.2634,0.0534,-150.1550,3.8295,171.9784,74.9924,33.7995
3.3400,23.5599,77.6264,-130.3400,-0.0046,-40.8690,-9.2037,0.0481,-146.9742,8.1097,171.9761,74.9912,32.6076
3.3500,23.5599,77.2177,-130.4321,-0.0041,-42.3216,-9.1012,0.0433,-143.3049,12.3686,171.9738,74.9900,31.3805
3.3600,23.5598,76.7945,-130.5231,-0.0037,-43.7351,-8.9563,0.0390,-139.1394,16.5744,171.9714,74.9889,30.1200
3.3700,23.5598,76.3571,-130.6126,-0.0033,-45.1044,-8.7697,0.0351,-134.4723,20.6957,171.9691,74.9877,28.8279
3.3800,23.5597,75.9061,-130.7003,-0.0030,-46.4245,-8.5424,0.0316,-129.3006,24.7017,171.9667,74.9865,27.5060
3.3900,23.5597,75.4419,-130.7858,-0.0027,-47.6904,-8.2757,0.0284,-123.6244,28.5622,171.9643,74.9854,26.1563
3.4000,23.5597,74.9650,-130.8685,-0.0024,-48.8970,-7.9712,0.0256,-117.4469,32.2482,171.9620,74.9843,24.7810
3.4100,23.5597,74.4760,-130.9482,-0.0022,-50.0393,-7.6307,0.0230,-110.7746,35.7318,171.9597,74.9832,23.3820
3.4200,23.5596,73.9756,-131.0245,-0.0020,-51.1125,-7.2565,0.0207,-103.6177,38.9869,171.9574,74.9821,21.9615
3.4300,23.5596,73.4645,-131.0971,-0.0018,-52.1117,-6.8510,0.0186,-95.9902,41.9888,171.9552,74.9811,20.5219
3.4400,23.5596,72.9433,-131.1656,-0.0016,-53.0323,-6.4167,0.0168,-87.9098,44.7151,171.9531,74.9801,19.0652
3.4500,23.5596,72.4130,-131.2298,-0.0014,-53.8699,-5.9567,0.0151,-79.3981,47.1454,171.9510,74.9792,17.5939
3.4600,23.5596,71.8743,-131.2894,-0.0013,-54.6202,-5.4738,0.0136,-70.4805,49.2617,171.9491,74.9783,16.1102
3.4700,23.5596,71.3281,-131.3441,-0.0012,-55.2795,-4.9714,0.0122,-61.1859,51.0489,171.9472,74.9774,14.6165
3.4800,23.5595,70.7753,-131.3938,-0.0010,-55.8440,-4.4529,0.0110,-51.5471,52.4942,171.9455,74.9766,13.1153
3.4900,23.5595,70.2169,-131.4383,-0.0009,-56.3104,-3.9216,0.0099,-41.5995,53.5880,171.9439,74.9759,11.6089
3.5000,23.5595,69.6538,-131.4775,-0.0008,-56.6760,-3.3811,0.0089,-31.3821,54.3235,171.9424,74.9752,10.0997
3.5100,23.5595,69.0870,-131.5114,-0.0008,-56.9381,-2.8351,0.0080,-20.9361,54.6971,171.9411,74.9746,8.5902
3.5200,23.5595,68.5176,-131.5397,-0.0007,-57.0947,-2.2872,0.0072,-10.3052,54.7083,171.9399,74.9740,7.0828
3.5300,23.5595,67.9467,-131.5626,-0.0006,-57.1442,-1.7409,0.0065,0.4654,54.3596,171.9389,74.9736,5.5800
3.5400,23.5595,67.3753,-131.5800,-0.0006,-57.0854,-1.2000,0.0058,11.3288,53.6566,171.9381,74.9732,4.0841
3.5500,23.5595,66.8044,-131.5920,-0.0005,-56.9176,-0.6678,0.0053,22.2372,52.6080,171.9374,74.9729,2.5975
3.5600,23.5595,66.2352,-131.5987,-0.0004,-56.6406,-0.1478,0.0047,33.1423,51.2256,171.9369,74.9726,1.1227
3.5700,23.5595,65.6688,-131.6001,-0.0004,-56.2547,0.3567,0.0043,43.9959,49.5235,171.9366,74.9725,-0.3381
3.5800,23.5595,65.1063,-131.5966,-0.0004,-55.7607,0.8427,0.0038,54.7500,47.5191,171.9364,74.9724,-1.7824
3.5900,23.5595,64.5487,-131.5882,-0.0003,-55.1597,1.3071,0.0035,65.3572,45.2317,171.9365,74.9724,-3.2082
3.6000,23.5595,63.9971,-131.5751,-0.0003,-54.4536,1.7473,0.0031,75.7713,42.6833,171.9367,74.9725,-4.6131
3.6100,23.5595,63.4525,-131.5576,-0.0003,-53.6443,2.1608,0.0028,85.9475,39.8978,171.9371,74.9727,-5.9949
3.6200,23.5595,62.9161,-131.5360,-0.0002,-52.7346,2.5453,0.0025,95.8427,36.9007,171.9377,74.9729,-7.3515
3.6300,23.5595,62.3887,-131.5105,-0.0002,-51.7275,2.8988,0.0023,105.4156,33.7194,171.9384,74.9732,-8.6810
3.6400,23.5595,61.8715,-131.4816,-0.0002,-50.6263,3.2196,0.0020,114.6267,30.3823,171.9393,74.9736,-9.9812
3.6500,23.5595,61.3652,-131.4494,-0.0002,-49.4349,3.5064,0.0018,123.4389,26.9190,171.9404,74.9741,-11.2503
3.6600,23.5595,60.8709,-131.4143,-0.0002,-48.1575,3.7580,0.0017,131.8172,23.3596,171.9416,74.9746,-12.4865
3.6700,23.5595,60.3893,-131.3767,-0.0001,-46.7986,3.9736,0.0015,139.7287,19.7350,171.9429,74.9752,-13.6880
3.6800,23.5595,59.9213,-131.3370,-0.0001,-45.3629,4.1527,0.0013,147.1428,16.0758,171.9444,74.9758,-14.8532
3.6900,23.5595,59.4677,-131.2955,-0.0001,-43.8557,4.2951,0.0012,154.0307,12.4130,171.9460,74.9765,-15.9805
3.7000,23.5595,59.0291,-131.2525,-0.0001,-42.2823,4.4010,0.0011,160.3658,8.7770,171.9477,74.9773,-17.0686
3.7100,23.5595,58.6063,-131.2085,-0.0001,-40.6484,4.4707,0.0010,166.1233,5.1975,171.9496,74.9780,-18.1159
3.7200,23.5594,58.1998,-131.1638,-0.0001,-38.9599,4.5049,0.0009,171.2798,1.7035,171.9515,74.9789,-19.1214
3.7300,23.5594,57.8102,-131.1187,-0.0001,-37.2228,4.5047,0.0008,175.8135,-1.6770,171.9534,74.9797,-20.0839
3.7400,23.5594,57.4380,-131.0737,-0.0001,-35.4436,4.4714,0.0007,179.7040,-4.9174,171.9554,74.9806,-21.0025
3.7500,23.5594,57.0835,-131.0290,-0.0001,-33.6287,4.4064,0.0006,182.9318,-7.9926,171.9575,74.9815,-21.8763
3.7600,23.5594,56.7473,-130.9849,-0.0001,-31.7850,4.3115,0.0006,185.4781,-10.8790,171.9596,74.9824,-22.7046
3.7700,23.5594,56.4294,-130.9418,-0.0000,-29.9192,4.1888,0.0005,187.3251,-13.5549,171.9618,74.9833,-23.4870
3.7800,23.5594,56.1302,-130.8999,-0.0000,-28.0385,4.0404,0.0005,188.4551,-16.0006,171.9639,74.9843,-24.2229
3.7900,23.5594,55.8498,-130.8595,-0.0000,-26.1501,3.8688,0.0004,188.8511,-18.1984,171.9660,74.9852,-24.9121
3.8000,23.5594,55.5883,-130.8208,-0.0000,-24.2614,3.6765,0.0004,188.4957,-20.1329,171.9681,74.9861,-25.5546
3.8100,23.5594,55.3457,-130.7841,-0.0000,-22.3802,3.4661,0.0003,187.3720,-21.7908,171.9702,74.9870,-26.1503
3.8200,23.5594,55.1219,-130.7494,-0.0000,-20.5140,3.2407,0.0003,185.4625,-23.1614,171.9722,74.9879,-26.6997
3.8300,23.5594,54.9168,-130.7170,-0.0000,-18.6709,3.0029,0.0003,182.7496,-24.2363,171.9742,74.9888,-27.2031
3.8400,23.5594,54.7301,-130.6870,-0.0000,-16.8590,2.7559,0.0002,179.2155,-25.0093,171.9762,74.9896,-27.6611
3.8500,23.5594,54.5615,-130.6594,-0.0000,-15.0866,2.5027,0.0002,174.8417,-25.4770,171.9780,74.9904,-28.0746
3.8600,23.5594,54.4106,-130.6344,-0.0000,-13.3622,2.2464,0.0002,169.6095,-25.6380,171.9798,74.9912,-28.4444
3.8700,23.5594,54.2770,-130.6119,-0.0000,-11.6944,1.9900,0.0002,163.4995,-25.4934,171.9815,74.9919,-28.7720
3.8800,23.5594,54.1600,-130.5920,-0.0000,-10.0922,1.7365,0.0002,156.4919,-25.0465,171.9831,74.9926,-29.0586
3.8900,23.5594,54.0591,-130.5746,-0.0000,-8.5646,1.4890,0.0001,148.5665,-24.3025,171.9846,74.9933,-29.3058
3.9000,23.5594,53.9735,-130.5598,-0.0000,-7.1209,1.2505,0.0001,139.7024,-23.2686,171.9860,74.9939,-29.5156
3.9100,23.5594,53.9023,-130.5472,-0.0000,-5.7705,1.0237,0.0001,129.8787,-21.9537,171.9873,74.9945,-29.6900
3.9200,23.5594,53.8446,-130.5370,-0.0000,-4.5233,0.8114,0.0001,119.0738,-20.3679,171.9885,74.9950,-29.8313
3.9300,23.5594,53.7993,-130.5289,-0.0000,-3.3890,0.6163,0.0001,107.2659,-18.5223,171.9896,74.9955,-29.9419
3.9400,23.5594,53.7654,-130.5227,-0.0000,-2.3780,0.4410,0.0001,94.4328,-16.4288,171.9906,74.9959,-30.0248
3.9500,23.5594,53.7417,-130.5183,-0.0000,-1.5004,0.2877,0.0001,80.5524,-14.0993,171.9915,74.9963,-30.0829
3.9600,23.5594,53.7266,-130.5154,-0.0000,-0.7669,0.1590,0.0001,65.6022,-11.5453,171.9924,74.9967,-30.1195
3.9700,23.5594,53.7190,-130.5139,-0.0000,-0.1883,0.0568,0.0001,49.5594,-8.7774,171.9931,74.9970,-30.1381
3.9800,23.5594,53.7171,-130.5133,-0.0000,0.2243,-0.0166,0.0001,32.4014,-5.8044,171.9938,74.9973,-30.1426
3.9900,23.5594,53.7193,-130.5135,-0.0000,0.4597,-0.0593,0.0000,11.7703,-2.1338,171.9944,74.9976,-30.1369
4.0000,23.5594,53.7239,-130.5140,-0.0000,0.4597,-0.0593,0.0000,0.0000,0.0000,171.9950,74.9978,-30.1255
4.0100,23.5594,53.7290,-130.5147,-0.0000,0.5548,-0.0793,0.0000,14.7494,-2.6989,171.9955,74.9980,-30.1130
4.0200,23.5594,53.7345,-130.5155,-0.0000,0.8014,-0.1232,0.0000,33.8899,-5.9645,171.9960,74.9982,-30.0992
4.0300,23.5594,53.7426,-130.5168,-0.0000,1.2326,-0.1986,0.0000,51.7155,-8.9944,171.9964,74.9984,-30.0795
4.0400,23.5594,53.7549,-130.5187,-0.0000,1.8357,-0.3031,0.0000,68.2690,-11.7874,171.9967,74.9986,-30.0491
4.0500,23.5594,53.7732,-130.5218,-0.0000,2.5980,-0.4343,0.0000,83.5912,-14.3389,171.9970,74.9987,-30.0040
4.0600,23.5594,53.7992,-130.5261,-0.0000,3.5075,-0.5899,0.0000,97.7206,-16.6419,171.9973,74.9988,-29.9402
4.0700,23.5594,53.8343,-130.5320,-0.0000,4.5524,-0.7672,0.0000,110.6942,-18.6879,171.9976,74.9989,-29.8541
4.0800,23.5594,53.8798,-130.5397,-0.0000,5.7214,-0.9636,0.0000,122.5470,-20.4674,171.9978,74.9990,-29.7423
4.0900,23.5594,53.9370,-130.5493,-0.0000,7.0034,-1.1765,0.0000,133.3130,-21.9710,171.9979,74.9991,-29.6019
4.1000,23.5594,54.0071,-130.5611,-0.0000,8.3876,-1.4031,0.0000,143.0241,-23.1896,171.9980,74.9991,-29.4300
4.1100,23.5594,54.0909,-130.5751,-0.0000,9.8638,-1.6403,0.0000,151.7114,-24.1151,171.9981,74.9992,-29.2242
4.1200,23.5594,54.1896,-130.5915,-0.0000,11.4219,-1.8854,0.0000,159.4044,-24.7403,171.9981,74.9992,-28.9821
4.1300,23.5594,54.3038,-130.6104,-0.0000,13.0519,-2.1351,0.0000,166.1314,-25.0602,171.9981,74.9992,-28.7017
4.1400,23.5594,54.4343,-130.6317,-0.0000,14.7445,-2.3866,0.0000,171.9196,-25.0710,171.9979,74.9991,-28.3813
4.1500,23.5594,54.5818,-130.6556,-0.0000,16.4903,-2.6366,0.0000,176.7950,-24.7714,171.9977,74.9990,-28.0194
4.1600,23.5594,54.7467,-130.6820,-0.0000,18.2804,-2.8820,0.0000,180.7825,-24.1621,171.9974,74.9989,-27.6145
4.1700,23.5594,54.9295,-130.7108,-0.0000,20.1060,-3.1198,0.0000,183.9060,-23.2462,171.9971,74.9987,-27.1656
4.1800,23.5594,55.1305,-130.7420,-0.0000,21.9585,-3.3469,0.0000,186.1885,-22.0288,171.9966,74.9985,-26.6717
4.1900,23.5594,55.3501,-130.7755,-0.0000,23.8297,-3.5604,0.0000,187.6522,-20.5179,171.9960,74.9983,-26.1322
4.2000,23.5594,55.5884,-130.8111,-0.0000,25.7116,-3.7573,0.0000,188.3186,-18.7236,171.9954,74.9980,-25.5465
4.2100,23.5594,55.8455,-130.8486,-0.0000,27.5961,-3.9348,0.0000,188.2084,-16.6583,171.9946,74.9976,-24.9143
4.2200,23.5594,56.1215,-130.8880,-0.0000,29.4757,-4.0904,0.0000,187.3422,-14.3368,171.9937,74.9972,-24.2355
4.2300,23.5594,56.4163,-130.9289,-0.0000,31.3430,-4.2216,0.0000,185.7401,-11.7760,171.9927,74.9968,-23.5100
4.2400,23.5594,56.7297,-130.9711,-0.0000,33.1905,-4.3260,0.0000,183.4223,-8.9952,171.9915,74.9963,-22.7381
4.2500,23.5594,57.0616,-131.0144,-0.0000,35.0114,-4.4015,0.0000,180.4088,-6.0153,171.9903,74.9958,-21.9202
4.2600,23.5594,57.4117,-131.0584,-0.0000,36.7987,-4.4463,0.0000,176.7202,-2.8594,171.9889,74.9952,-21.0566
4.2700,23.5594,57.7797,-131.1028,-0.0000,38.5458,-4.4587,0.0000,172.3775,0.4480,171.9875,74.9945,-20.1482
4.2800,23.5594,58.1651,-131.1474,-0.0000,40.2463,-4.4373,0.0000,167.4025,3.8806,171.9859,74.9939,-19.1956
4.2900,23.5594,58.5676,-131.1918,-0.0000,41.8939,-4.3811,0.0000,161.8177,7.4110,171.9842,74.9931,-18.1999
4.3000,23.5594,58.9865,-131.2356,-0.0000,43.4826,-4.2891,0.0000,155.6471,11.0106,171.9825,74.9923,-17.1620
4.3100,23.5594,59.4214,-131.2785,-0.0000,45.0068,-4.1608,0.0000,148.9158,14.6498,171.9806,74.9915,-16.0832
4.3200,23.5594,59.8714,-131.3201,-0.0000,46.4609,-3.9961,0.0000,141.6505,18.2985,171.9786,74.9907,-14.9648
4.3300,23.5594,60.3361,-131.3601,-0.0000,47.8398,-3.7949,0.0000,133.8798,21.9259,171.9766,74.9898,-13.8081
4.3400,23.5594,60.8144,-131.3980,-0.0000,49.1385,-3.5576,0.0000,125.6339,25.5012,171.9745,74.9889,-12.6148
4.3500,23.5594,61.3058,-131.4336,-0.0000,50.3525,-3.2849,0.0000,116.9450,28.9937,171.9724,74.9880,-11.3864
4.3600,23.5594,61.8094,-131.4664,-0.0000,51.4774,-2.9777,0.0000,107.8475,32.3729,171.9702,74.9870,-10.1247
4.3700,23.5594,62.3241,-131.4962,-0.0000,52.5094,-2.6374,0.0000,98.3776,35.6092,171.9680,74.9860,-8.8314
4.3800,23.5594,62.8492,-131.5226,-0.0000,53.4450,-2.2655,0.0000,88.5739,38.6734,171.9657,74.9851,-7.5084
4.3900,23.5594,63.3837,-131.5452,-0.0000,54.2809,-1.8639,0.0000,78.4765,41.5380,171.9635,74.9841,-6.1578
4.4000,23.5594,63.9265,-131.5639,-0.0000,55.0145,-1.4348,0.0000,68.1279,44.1765,171.9613,74.9831,-4.7815
4.4100,23.5594,64.4766,-131.5782,-0.0000,55.6435,-0.9804,0.0000,57.5718,46.5643,171.9590,74.9821,-3.3816
4.4200,23.5594,65.0331,-131.5880,-0.0000,56.1659,-0.5035,0.0000,46.8538,48.6788,171.9569,74.9812,-1.9603
4.4300,23.5594,65.5947,-131.5931,-0.0000,56.5805,-0.0068,0.0000,36.0203,50.4993,171.9547,74.9803,-0.5199
4.4400,23.5594,66.1605,-131.5931,-0.0000,56.8863,0.5065,0.0000,25.1190,52.0077,171.9527,74.9794,0.9375
4.4500,23.5594,66.7294,-131.5881,-0.0000,57.0829,1.0333,0.0000,14.1978,53.1884,171.9507,74.9785,2.4096
4.4600,23.5594,67.3002,-131.5777,-0.0000,57.1703,1.5703,0.0000,3.3050,54.0285,171.9488,74.9777,3.8939
4.4700,23.5594,67.8719,-131.5620,-0.0000,57.1490,2.1139,0.0000,-7.5116,54.5182,171.9470,74.9769,5.3882
4.4800,23.5594,68.4434,-131.5409,-0.0000,57.0201,2.6606,0.0000,-18.2046,54.6503,171.9453,74.9761,6.8900
4.4900,23.5594,69.0136,-131.5143,-0.0000,56.7849,3.2069,0.0000,-28.7280,54.4209,171.9437,74.9754,8.3969
4.5000,23.5594,69.5815,-131.4822,-0.0000,56.4455,3.7491,0.0000,-39.0373,53.8293,171.9422,74.9748,9.9065
4.5100,23.5594,70.1459,-131.4447,-0.0000,56.0042,4.2835,0.0000,-49.0899,52.8777,171.9409,74.9742,11.4164
4.5200,23.5594,70.7060,-131.4019,-0.0000,55.4637,4.8066,0.0000,-58.8457,51.5716,171.9398,74.9737,12.9241
4.5300,23.5594,71.2606,-131.3538,-0.0000,54.8273,5.3149,0.0000,-68.2672,49.9193,171.9388,74.9733,14.4273
4.5400,23.5594,71.8089,-131.3007,-0.0000,54.0984,5.8050,0.0000,-77.3203,47.9323,171.9379,74.9729,15.9235
4.5500,23.5594,72.3499,-131.2426,-0.0000,53.2809,6.2736,0.0000,-85.9738,45.6248,171.9372,74.9726,17.4103
4.5600,23.5594,72.8827,-131.1799,-0.0000,52.3789,6.7175,0.0000,-94.2005,43.0136,171.9367,74.9724,18.8853
4.5700,23.5594,73.4065,-131.1127,-0.0000,51.3969,7.1338,0.0000,-101.9766,40.1181,171.9364,74.9723,20.3462
4.5800,23.5594,73.9204,-131.0414,-0.0000,50.3394,7.5199,0.0000,-109.2823,36.9600,171.9363,74.9722,21.7907
4.5900,23.5594,74.4238,-130.9662,-0.0000,49.2112,7.8730,0.0000,-116.1017,33.5632,171.9363,74.9722,23.2165
4.6000,23.5594,74.9159,-130.8875,-0.0000,48.0173,8.1911,0.0000,-122.4225,29.9532,171.9365,74.9723,24.6214
4.6100,23.5594,75.3961,-130.8055,-0.0000,46.7628,8.4721,0.0000,-128.2363,26.1574,171.9369,74.9725,26.0032
4.6200,23.5594,75.8637,-130.7208,-0.0000,45.4526,8.7143,0.0000,-133.5381,22.2045,171.9375,74.9727,27.3598
4.6300,23.5594,76.3183,-130.6337,-0.0000,44.0920,8.9162,0.0000,-138.3263,18.1242,171.9382,74.9731,28.6891
4.6400,23.5594,76.7592,-130.5445,-0.0000,42.6861,9.0768,0.0000,-142.6026,13.9472,171.9391,74.9735,29.9892
4.6500,23.5594,77.1860,-130.4537,-0.0000,41.2399,9.1951,0.0000,-146.3710,9.7048,171.9402,74.9739,31.2582
4.6600,23.5594,77.5984,-130.3618,-0.0000,39.7587,9.2709,0.0000,-149.6384,5.4288,171.9414,74.9744,32.4942
4.6700,23.5594,77.9960,-130.2691,-0.0000,38.2472,9.3037,0.0000,-152.4134,1.1508,171.9427,74.9750,33.6955
4.6800,23.5594,78.3785,-130.1761,-0.0000,36.7104,9.2939,0.0000,-154.7066,-3.0974,171.9442,74.9757,34.8605
4.6900,23.5594,78.7456,-130.0831,-0.0000,35.1530,9.2418,0.0000,-156.5297,-7.2844,171.9458,74.9764,35.9875
4.7000,23.5594,79.0971,-129.9907,-0.0000,33.5798,9.1482,0.0000,-157.8951,-11.3794,171.9475,74.9771,37.0753
4.7100,23.5594,79.4329,-129.8992,-0.0000,31.9951,9.0142,0.0000,-158.8160,-15.3523,171.9493,74.9779,38.1223
4.7200,23.5594,79.7529,-129.8091,-0.0000,30.4035,8.8411,0.0000,-159.3054,-19.1741,171.9512,74.9787,39.1275
4.7300,23.5594,80.0569,-129.7207,-0.0000,28.8090,8.6307,0.0000,-159.3759,-22.8166,171.9532,74.9796,40.0898
4.7400,23.5594,80.3450,-129.6344,-0.0000,27.2160,8.3848,0.0000,-159.0396,-26.2531,171.9553,74.9805,41.0080
4.7500,23.5594,80.6172,-129.5505,-0.0000,25.6282,8.1056,0.0000,-158.3072,-29.4584,171.9573,74.9814,41.8815
4.7600,23.5594,80.8734,-129.4694,-0.0000,24.0498,7.7956,0.0000,-157.1882,-32.4087,171.9595,74.9823,42.7096
4.7700,23.5594,81.1139,-129.3915,-0.0000,22.4845,7.4575,0.0000,-155.6902,-35.0820,171.9616,74.9833,43.4916
4.7800,23.5594,81.3388,-129.3169,-0.0000,20.9360,7.0940,0.0000,-153.8189,-37.4582,171.9637,74.9842,44.2272
4.7900,23.5594,81.5481,-129.2460,-0.0000,19.4081,6.7083,0.0000,-151.5774,-39.5189,171.9659,74.9851,44.9161
4.8000,23.5594,81.7422,-129.1789,-0.0000,17.9045,6.3036,0.0000,-148.9665,-41.2478,171.9680,74.9860,45.5583
4.8100,23.5594,81.9213,-129.1159,-0.0000,16.4288,5.8833,0.0000,-145.9844,-42.6309,171.9701,74.9870,46.1539
4.8200,23.5594,82.0856,-129.0570,-0.0000,14.9848,5.4510,0.0000,-142.6261,-43.6559,171.9721,74.9878,46.7030
4.8300,23.5594,82.2354,-129.0025,-0.0000,13.5763,5.0102,0.0000,-138.8840,-44.3130,171.9741,74.9887,47.2061
4.8400,23.5594,82.3712,-128.9524,-0.0000,12.2071,4.5647,0.0000,-134.7472,-44.5944,171.9760,74.9896,47.6639
4.8500,23.5594,82.4932,-128.9068,-0.0000,10.8813,4.1183,0.0000,-130.2019,-44.4945,171.9779,74.9904,48.0771
4.8600,23.5594,82.6021,-128.8656,-0.0000,9.6031,3.6749,0.0000,-125.2312,-44.0098,171.9797,74.9911,48.4467
4.8700,23.5594,82.6981,-128.8288,-0.0000,8.3767,3.2381,0.0000,-119.8153,-43.1389,171.9814,74.9919,48.7741
4.8800,23.5594,82.7819,-128.7965,-0.0000,7.2067,2.8121,0.0000,-113.9314,-41.8823,171.9830,74.9926,49.0605
4.8900,23.5594,82.8539,-128.7683,-0.0000,6.0981,2.4005,0.0000,-107.5543,-40.2424,171.9845,74.9932,49.3076
4.9000,23.5594,82.9149,-128.7443,-0.0000,5.0557,2.0072,0.0000,-100.6561,-38.2232,171.9859,74.9939,49.5172
4.9100,23.5594,82.9655,-128.7243,-0.0000,4.0849,1.6360,0.0000,-93.2069,-35.8302,171.9872,74.9944,49.6914
4.9200,23.5594,83.0063,-128.7079,-0.0000,3.1915,1.2906,0.0000,-85.1752,-33.0701,171.9884,74.9950,49.8326
4.9300,23.5594,83.0382,-128.6950,-0.0000,2.3814,0.9746,0.0000,-76.5278,-29.9505,171.9896,74.9954,49.9431
4.9400,23.5594,83.0620,-128.6852,-0.0000,1.6610,0.6916,0.0000,-67.2308,-26.4796,171.9906,74.9959,50.0259
4.9500,23.5594,83.0786,-128.6783,-0.0000,1.0368,0.4450,0.0000,-57.2501,-22.6655,171.9915,74.9963,50.0839
4.9600,23.5594,83.0890,-128.6739,-0.0000,0.5160,0.2383,0.0000,-46.5517,-18.5163,171.9924,74.9967,50.1204
4.9700,23.5594,83.0942,-128.6715,-0.0000,0.1058,0.0747,0.0000,-35.1028,-14.0387,171.9931,74.9970,50.1389
4.9800,23.5594,83.0952,-128.6707,-0.0000,-0.1861,-0.0425,0.0000,-22.8725,-9.2383,171.9938,74.9973,50.1433
4.9900,23.5594,83.0934,-128.6712,-0.0000,-0.3517,-0.1101,0.0000,-8.2791,-3.3789,171.9944,74.9976,50.1375
5.0000,23.5594,83.0899,-128.6723,-0.0000,-0.3517,-0.1101,0.0000,0.0000,0.0000,171.9950,74.9978,50.1261
5.0100,23.5594,83.0860,-128.6735,0.1516,-0.2106,-0.2693,29.9207,30.0665,-29.7942,171.9955,74.9980,50.1135
5.0200,23.5610,83.0839,-128.6762,0.5984,0.2186,-0.7207,58.4772,54.9129,-59.4610,171.9896,75.0009,50.1021
5.0300,23.5669,83.0861,-128.6834,1.3211,0.8877,-1.4585,85.1443,78.0715,-87.0752,171.9652,75.0116,50.0919
5.0400,23.5802,83.0950,-128.6980,2.3013,1.7800,-2.4622,110.0359,99.5829,-112.6555,171.9108,75.0351,50.0827
5.0500,23.6032,83.1128,-128.7226,3.5218,2.8793,-3.7116,133.2803,119.4820,-136.2055,171.8158,75.0758,50.0744
5.0600,23.6384,83.1416,-128.7597,4.9669,4.1697,-5.1863,155.0145,137.8001,-157.7179,171.6702,75.1379,50.0670
5.0700,23.6881,83.1833,-128.8116,6.6221,5.6353,-6.8660,175.3810,154.5651,-177.1782,171.4650,75.2252,50.0602
5.0800,23.7543,83.2396,-128.8803,8.4745,7.2610,-8.7299,194.5238,169.8024,-194.5681,171.1917,75.3414,50.0541
5.0900,23.8390,83.3122,-128.9676,10.5126,9.0314,-10.7573,212.5860,183.5352,-209.8674,170.8427,75.4896,50.0486
5.1000,23.9441,83.4026,-129.0751,12.7262,10.9317,-12.9272,229.7072,195.7846,-223.0571,170.4109,75.6728,50.0435
5.1100,24.0714,83.5119,-129.2044,15.1067,12.9471,-15.2185,246.0220,206.5703,-234.1201,169.8899,75.8937,50.0388
5.1200,24.2225,83.6413,-129.3566,17.6467,15.0631,-17.6096,261.6581,215.9099,-243.0436,169.2740,76.1546,50.0345
5.1300,24.3989,83.7920,-129.5327,20.3399,17.2653,-20.0793,276.7355,223.8190,-249.8193,168.5581,76.4576,50.0304
5.1400,24.6023,83.9646,-129.7335,23.1814,19.5395,-22.6060,291.3654,230.3109,-254.4450,167.7377,76.8046,50.0266
5.1500,24.8342,84.1600,-129.9595,26.1672,21.8715,-25.1682,305.6492,235.3965,-256.9246,166.8089,77.1972,50.0229
5.1600,25.0958,84.3787,-130.2112,29.2944,24.2474,-27.7445,319.6778,239.0831,-257.2688,165.7682,77.6368,50.0193
5.1700,25.3888,84.6212,-130.4887,32.5608,26.6532,-30.3136,333.5308,241.3745,-255.4953,164.6128,78.1244,50.0158
5.1800,25.7144,84.8877,-130.7918,35.9650,29.0749,-32.8544,347.2759,242.2701,-251.6286,163.3405,78.6610,50.0123
5.1900,26.0740,85.1785,-131.1204,39.5063,31.4986,-35.3462,360.9678,241.7641,-245.7006,161.9496,79.2473,50.0088
5.2000,26.4691,85.4935,-131.4738,43.1844,33.9102,-37.7684,374.6473,239.8445,-237.7500,160.4386,79.8837,50.0053
5.2100,26.9009,85.8326,-131.8515,46.9992,36.2955,-40.1012,388.3403,236.4931,-227.8224,158.8069,80.5706,50.0016
5.2200,27.3709,86.1955,-132.2525,50.9512,38.6400,-42.3249,402.0564,231.6839,-215.9704,157.0541,81.3080,49.9979
5.2300,27.8804,86.5819,-132.6758,55.0404,40.9291,-44.4206,415.7874,225.3829,-202.2535,155.1803,82.0959,49.9940
5.2400,28.4308,86.9912,-133.1200,59.2669,43.1477,-46.3700,429.5056,217.5475,-186.7381,153.1860,82.9340,49.9901
5.2500,29.0235,87.4227,-133.5837,63.6305,45.2801,-48.1554,443.1619,208.1261,-169.4977,151.0722,83.8218,49.9860
5.2600,29.6598,87.8755,-134.0652,68.1301,47.3102,-49.7599,456.6836,197.0583,-150.6133,148.8403,84.7587,49.9818
5.2700,30.3411,88.3486,-134.5628,72.7641,49.2212,-51.1676,469.9725,184.2751,-130.1738,146.4920,85.7441,49.9775
5.2800,31.0688,88.8408,-135.0745,77.5296,50.9957,-52.3634,482.9021,169.7003,-108.2766,144.0294,86.7770,49.9731
5.2900,31.8441,89.3508,-135.5981,82.4222,52.6153,-53.3332,495.3158,153.2518,-85.0285,141.4549,87.8564,49.9687
5.3000,32.6683,89.8769,-136.1315,87.4359,54.0607,-54.0640,507.0242,134.8448,-60.5463,138.7713,88.9811,49.9642
5.3100,33.5426,90.4175,-136.6721,92.5627,55.3121,-54.5441,517.8040,114.3950,-34.9583,135.9817,90.1499,49.9598
5.3200,34.4683,90.9706,-137.2175,97.7920,56.3486,-54.7631,527.3959,91.8239,-8.4051,133.0895,91.3613,49.9554
5.3300,35.4462,91.5341,-137.7652,103.1106,57.1486,-54.7122,535.5051,67.0649,18.9591,130.0983,92.6140,49.9512
5.3400,36.4773,92.1056,-138.3123,108.5021,57.6899,-54.3839,541.8013,40.0715,46.9653,127.0122,93.9062,49.9471
5.3500,37.5623,92.6825,-138.8561,113.9466,57.9501,-53.7729,545.9215,10.8261,75.4291,123.8352,95.2362,49.9433
5.3600,38.7018,93.2620,-139.3939,119.4205,57.9065,-52.8754,547.4740,-20.6487,104.1497,120.5718,96.6024,49.9398
5.3700,39.8960,93.8411,-139.9226,124.8961,57.5371,-51.6899,546.0454,-54.2786,132.9097,117.2267,98.0027,49.9367
5.3800,41.1449,94.4165,-140.4395,130.3414,56.8209,-50.2172,541.2093,-89.9249,161.4756,113.8046,99.4354,49.9341
5.3900,42.4484,94.9847,-140.9417,135.7203,55.7386,-48.4604,532.5391,-127.3721,189.5985,110.3107,100.8983,49.9319
5.4000,43.8056,95.5421,-141.4263,140.9922,54.2734,-46.4252,519.6232,-166.3167,217.0162,106.7501,102.3895,49.9303
5.4100,45.2155,96.0848,-141.8905,146.1127,52.4122,-44.1200,502.0834,-206.3576,243.4555,103.1281,103.9067,49.9294
5.4200,46.6766,96.6089,-142.3317,151.0339,50.1463,-41.5561,479.5958,-246.9909,268.6359,99.4503,105.4478,49.9291
5.4300,48.1869,97.1104,-142.7473,155.7047,47.4724,-38.7473,451.9136,-287.6096,292.2744,95.7224,107.0106,49.9295
5.4400,49.7440,97.5851,-143.1348,160.0721,44.3941,-35.7106,418.8903,-327.5099,314.0904,91.9500,108.5927,49.9306
5.4500,51.3447,98.0290,-143.4919,164.0825,40.9222,-32.4655,380.5020,-365.9056,333.8119,88.1392,110.1918,49.9323
5.4600,52.9855,98.4383,-143.8165,167.6822,37.0760,-29.0344,336.8668,-401.9499,351.1821,84.2957,111.8055,49.9347
5.4700,54.6624,98.8090,-144.1069,170.8198,32.8832,-25.4419,288.2593,-434.7668,365.9660,80.4259,113.4314,49.9376
5.4800,56.3706,99.1379,-144.3613,173.4474,28.3807,-21.7150,235.1181,-463.4885,377.9566,76.5356,115.0671,49.9410
5.4900,58.1050,99.4217,-144.5784,175.5222,23.6135,-17.8827,178.0444,-487.2981,386.9811,72.6313,116.7100,49.9448
5.5000,59.8603,99.6578,-144.7573,177.0083,18.6347,-13.9754,117.7908,-505.4744,392.9062,68.7192,118.3576,49.9489
5.5100,61.6303,99.8441,-144.8970,177.8780,13.5040,-10.0246,55.2403,-517.4345,395.6420,64.8056,120.0073,49.9531
5.5200,63.4091,99.9792,-144.9973,178.1131,8.2860,-6.0626,-8.6250,-522.7710,395.1450,60.8968,121.6565,49.9573
5.5300,65.1902,100.0620,-145.0579,177.7055,3.0486,-2.1217,-72.7624,-521.2790,391.4201,56.9993,123.3026,49.9614
5.5400,66.9673,100.0925,-145.0791,176.6578,-2.1396,1.7658,-136.1118,-512.9713,384.5198,53.1194,124.9431,49.9653
5.5500,68.7339,100.0711,-145.0615,174.9832,-7.2109,5.5687,-197.6415,-498.0792,374.5440,49.2634,126.5752,49.9687
5.5600,70.4837,99.9990,-145.0058,172.7050,-12.1012,9.2567,-256.3912,-477.0383,361.6367,45.4377,128.1963,49.9717
5.5700,72.2108,99.8780,-144.9132,169.8554,-16.7516,12.8014,-311.5105,-450.4622,345.9824,41.6486,129.8038,49.9742
5.5800,73.9093,99.7105,-144.7852,166.4748,-21.1104,16.1764,-362.2887,-419.1059,327.8017,37.9021,131.3952,49.9760
5.5900,75.5741,99.4994,-144.6234,162.6096,-25.1338,19.3574,-408.1752,-383.8221,307.3452,34.2045,132.9678,49.9773
5.6000,77.2002,99.2481,-144.4299,158.3113,-28.7868,22.3233,-448.7889,-345.5158,284.8875,30.5616,134.5191,49.9779
5.6100,78.7833,98.9602,-144.2066,153.6339,-32.0441,25.0552,-483.9177,-305.0998,260.7206,26.9792,136.0466,49.9779
5.6200,80.3196,98.6397,-143.9561,148.6329,-34.8888,27.5377,-513.5083,-263.4557,235.1473,23.4630,137.5480,49.9775
5.6300,81.8059,98.2909,-143.6807,143.3637,-37.3132,29.7581,-537.6496,-221.4013,208.4748,20.0185,139.0207,49.9765
5.6400,83.2396,97.9177,-143.3831,137.8799,-39.3169,31.7072,-556.5506,-179.6672,181.0090,16.6507,140.4626,49.9752
5.6500,84.6184,97.5246,-143.0660,132.2327,-40.9065,33.3783,-570.5154,-138.8817,153.0487,13.3649,141.8714,49.9736
5.6600,85.9407,97.1155,-142.7323,126.4696,-42.0945,34.7681,-579.9186,-99.5642,124.8814,10.1656,143.2450,49.9718
5.6700,87.2054,96.6945,-142.3846,120.6343,-42.8978,35.8760,-585.1803,-62.1257,96.7799,7.0575,144.5813,49.9699
5.6800,88.4117,96.2656,-142.0258,114.7660,-43.3370,36.7037,-586.7447,-26.8744,68.9992,4.0448,145.8785,49.9680
5.6900,89.5594,95.8322,-141.6588,108.8994,-43.4353,37.2559,-585.0607,5.9743,41.7751,1.1315,147.1347,49.9662
5.7000,90.6484,95.3978,-141.2862,103.0648,-43.2175,37.5392,-580.5672,36.2852,15.3230,-1.6789,148.3483,49.9645
5.7100,91.6790,94.9657,-140.9108,97.2881,-42.7096,37.5624,-573.6802,63.9907,-10.1621,-4.3829,149.5176,49.9630
5.7200,92.6519,94.5386,-140.5352,91.5912,-41.9377,37.3360,-564.7850,89.0766,-34.5058,-6.9774,150.6412,49.9618
5.7300,93.5678,94.1192,-140.1618,85.9924,-40.9281,36.8723,-554.2296,111.5704,-57.5529,-9.4598,151.7178,49.9608
5.7400,94.4278,93.7099,-139.7931,80.5066,-39.7063,36.1849,-542.3221,131.5295,-79.1671,-11.8276,152.7462,49.9602
5.7500,95.2328,93.3129,-139.4313,75.1459,-38.2975,35.2889,-529.3285,149.0316,-99.2294,-14.0789,153.7254,49.9599
5.7600,95.9843,92.9299,-139.0784,69.9200,-36.7257,34.2003,-515.4738,164.1669,-117.6370,-16.2120,154.6546,49.9599
5.7700,96.6835,92.5626,-138.7364,64.8365,-35.0141,32.9362,-500.9422,177.0310,-134.3021,-18.2255,155.5330,49.9602
5.7800,97.3319,92.2125,-138.4070,59.9012,-33.1851,31.5143,-485.8797,187.7209,-149.1507,-20.1186,156.3602,49.9609
5.7900,97.9309,91.8806,-138.0919,55.1189,-31.2597,29.9532,-470.3964,196.3304,-162.1218,-21.8907,157.1357,49.9618
5.8000,98.4821,91.5680,-137.7923,50.4933,-29.2584,28.2719,-454.5689,202.9483,-173.1660,-23.5417,157.8594,49.9629
5.8100,98.9870,91.2754,-137.5096,46.0275,-27.2007,26.4899,-438.4430,207.6562,-182.2455,-25.0720,158.5313,49.9643
5.8200,99.4473,91.0034,-137.2447,41.7244,-25.1053,24.6270,-422.0368,210.5281,-189.3327,-26.4823,159.1517,49.9658
5.8300,99.8645,90.7524,-136.9985,37.5868,-22.9902,22.7032,-405.3425,211.6299,-194.4102,-27.7738,159.7208,49.9675
5.8400,100.2404,90.5225,-136.7714,33.6175,-20.8727,20.7388,-388.3293,211.0194,-197.4700,-28.9482,160.2395,49.9693
5.8500,100.5765,90.3138,-136.5640,29.8202,-18.7698,18.7538,-370.9450,208.7470,-198.5135,-30.0077,160.7085,49.9712
5.8600,100.8748,90.1261,-136.3765,26.1986,-16.6978,16.7685,-353.1188,204.8560,-197.5507,-30.9549,161.1289,49.9731
5.8700,101.1367,89.9591,-136.2088,22.7578,-14.6727,14.8028,-334.7624,199.3838,-194.6002,-31.7930,161.5019,49.9750
5.8800,101.3643,89.8124,-136.0608,19.5034,-12.7101,12.8765,-315.7720,192.3620,-189.6884,-32.5256,161.8292,49.9769
5.8900,101.5593,89.6853,-135.9320,16.4424,-10.8254,11.0090,-296.0303,183.8180,-182.8492,-33.1571,162.1124,49.9788
5.9000,101.7238,89.5770,-135.8219,13.5828,-9.0338,9.2195,-275.4081,173.7749,-174.1232,-33.6921,162.3537,49.9806
5.9100,101.8596,89.4867,-135.7297,10.9342,-7.3499,7.5266,-253.7661,162.2528,-163.5568,-34.1361,162.5552,49.9823
5.9200,101.9689,89.4132,-135.6545,8.5075,-5.7887,5.9484,-230.9572,149.2691,-151.2013,-34.4949,162.7195,49.9839
5.9300,102.0540,89.3553,-135.5950,6.3151,-4.3646,4.5025,-206.8283,134.8385,-137.1110,-34.7752,162.8495,49.9854
5.9400,102.1172,89.3116,-135.5500,4.3709,-3.0919,3.2061,-181.2236,118.9737,-121.3422,-34.9841,162.9482,49.9869
5.9500,102.1609,89.2807,-135.5179,2.6906,-1.9851,2.0757,-153.9870,101.6850,-103.9506,-35.1294,163.0190,49.9881
5.9600,102.1878,89.2609,-135.4971,1.2912,-1.0582,1.1271,-124.9658,82.9798,-84.9890,-35.2196,163.0654,49.9893
5.9700,102.2007,89.2503,-135.4859,0.1913,-0.3255,0.3759,-94.0146,62.8621,-64.5045,-35.2637,163.0915,49.9904
5.9800,102.2026,89.2470,-135.4821,-0.5891,0.1990,-0.1630,-61.0001,41.3315,-42.5347,-35.2715,163.1014,49.9913
5.9900,102.1967,89.2490,-135.4837,-1.0287,0.5011,-0.4748,-21.9806,15.1063,-15.5913,-35.2536,163.0997,49.9922
6.0000,102.1864,89.2540,-135.4885,-1.0287,0.5011,-0.4748,0.0000,0.0000,0.0000,-35.2211,163.0913,49.9930
6.0100,102.1754,89.2597,-135.4939,-0.9949,0.4301,-0.5210,10.4812,-21.1334,-0.8569,-35.1860,163.0811,49.9937
6.0200,102.1654,89.2640,-135.4991,-0.8956,0.1440,-0.5622,9.4368,-35.6132,-7.1536,-35.1544,163.0720,49.9919
6.0300,102.1565,89.2654,-135.5048,-0.8062,-0.2821,-0.6641,8.4961,-49.1444,-12.9989,-35.1260,163.0638,49.9829
6.0400,102.1484,89.2626,-135.5114,-0.7257,-0.8389,-0.8222,7.6490,-61.7650,-18.4000,-35.1004,163.0564,49.9622
6.0500,102.1412,89.2542,-135.5196,-0.6532,-1.5174,-1.0321,6.8861,-73.5166,-23.3604,-35.0774,163.0498,49.9258
6.0600,102.1346,89.2390,-135.5300,-0.5880,-2.3092,-1.2894,6.1991,-84.4434,-27.8808,-35.0566,163.0438,49.8698
6.0700,102.1287,89.2160,-135.5428,-0.5292,-3.2063,-1.5897,5.5805,-94.5906,-31.9600,-35.0380,163.0384,49.7907
6.0800,102.1234,89.1839,-135.5587,-0.4764,-4.2010,-1.9286,5.0235,-104.0036,-35.5959,-35.0211,163.0335,49.6853
6.0900,102.1187,89.1419,-135.5780,-0.4288,-5.2864,-2.3016,4.5220,-112.7271,-38.7856,-35.0060,163.0291,49.5506
6.1000,102.1144,89.0890,-135.6010,-0.3859,-6.4556,-2.7043,4.0705,-120.8043,-41.5266,-34.9924,163.0251,49.3839
6.1100,102.1105,89.0245,-135.6281,-0.3474,-7.7025,-3.1321,3.6640,-128.2761,-43.8166,-34.9801,163.0214,49.1826
6.1200,102.1071,88.9474,-135.6594,-0.3126,-9.0211,-3.5806,3.2980,-135.1809,-45.6545,-34.9691,163.0180,48.9447
6.1300,102.1039,88.8572,-135.6952,-0.2814,-10.4061,-4.0452,2.9686,-141.5536,-47.0401,-34.9591,163.0149,48.6682
6.1400,102.1011,88.7532,-135.7357,-0.2533,-11.8522,-4.5214,2.6720,-147.4260,-47.9751,-34.9501,163.0121,48.3512
6.1500,102.0986,88.6346,-135.7809,-0.2280,-13.3546,-5.0047,2.4051,-152.8259,-48.4624,-34.9420,163.0094,47.9923
6.1600,102.0963,88.5011,-135.8309,-0.2052,-14.9087,-5.4907,2.1648,-157.7769,-48.5071,-34.9347,163.0068,47.5902
6.1700,102.0943,88.3520,-135.8858,-0.1847,-16.5101,-5.9749,1.9484,-162.2989,-48.1160,-34.9280,163.0043,47.1439
6.1800,102.0924,88.1869,-135.9456,-0.1662,-18.1547,-6.4530,1.7537,-166.4072,-47.2981,-34.9220,163.0020,46.6523
6.1900,102.0908,88.0054,-136.0101,-0.1496,-19.8383,-6.9208,1.5785,-170.1132,-46.0644,-34.9166,162.9997,46.1149
6.2000,102.0893,87.8070,-136.0793,-0.1346,-21.5569,-7.3743,1.4207,-173.4239,-44.4280,-34.9116,162.9974,45.5311
6.2100,102.0879,87.5914,-136.1531,-0.1212,-23.3068,-7.8094,1.2787,-176.3424,-42.4042,-34.9071,162.9951,44.9007
6.2200,102.0867,87.3583,-136.2312,-0.1091,-25.0838,-8.2224,1.1509,-178.8678,-40.0105,-34.9030,162.9928,44.2235
6.2300,102.0856,87.1075,-136.3134,-0.0982,-26.8841,-8.6096,1.0358,-180.9957,-37.2661,-34.8993,162.9905,43.4995
6.2400,102.0846,86.8387,-136.3995,-0.0883,-28.7037,-8.9677,0.9323,-182.7179,-34.1927,-34.8959,162.9881,42.7290
6.2500,102.0837,86.5516,-136.4892,-0.0795,-30.5385,-9.2934,0.8391,-184.0235,-30.8135,-34.8927,162.9857,41.9123
6.2600,102.0829,86.2462,-136.5821,-0.0716,-32.3842,-9.5839,0.7552,-184.8984,-27.1539,-34.8899,162.9833,41.0500
6.2700,102.0822,85.9224,-136.6779,-0.0644,-34.2364,-9.8365,0.6797,-185.3263,-23.2409,-34.8872,162.9808,40.1427
6.2800,102.0816,85.5800,-136.7763,-0.0580,-36.0907,-10.0488,0.6118,-185.2889,-19.1033,-34.8847,162.9782,39.1912
6.2900,102.0810,85.2191,-136.8768,-0.0522,-37.9422,-10.2186,0.5506,-184.7663,-14.7714,-34.8824,162.9755,38.1965
6.3000,102.0805,84.8397,-136.9790,-0.0470,-39.7860,-10.3442,0.4956,-183.7375,-10.2767,-34.8803,162.9728,37.1596
6.3100,102.0800,84.4418,-137.0824,-0.0423,-41.6170,-10.4241,0.4460,-182.1812,-5.6521,-34.8783,162.9700,36.0817
6.3200,102.0796,84.0257,-137.1866,-0.0380,-43.4297,-10.4572,0.4014,-180.0759,-0.9317,-34.8764,162.9671,34.9642
6.3300,102.0792,83.5914,-137.2912,-0.0342,-45.2185,-10.4427,0.3613,-177.4010,3.8497,-34.8747,162.9642,33.8084
6.3400,102.0789,83.1392,-137.3956,-0.0308,-46.9777,-10.3802,0.3252,-174.1369,8.6568,-34.8730,162.9613,32.6159
6.3500,102.0786,82.6694,-137.4994,-0.0277,-48.7012,-10.2696,0.2927,-170.2661,13.4535,-34.8715,162.9583,31.3883
6.3600,102.0783,82.1824,-137.6021,-0.0250,-50.3830,-10.1112,0.2634,-165.7731,18.2038,-34.8700,162.9553,30.1273
6.3700,102.0780,81.6786,-137.7033,-0.0225,-52.0167,-9.9055,0.2371,-160.6458,22.8716,-34.8686,162.9523,28.8348
6.3800,102.0778,81.1584,-137.8023,-0.0202,-53.5959,-9.6537,0.2134,-154.8756,27.4212,-34.8673,162.9493,27.5126
6.3900,102.0776,80.6224,-137.8989,-0.0182,-55.1142,-9.3571,0.1920,-148.4577,31.8177,-34.8661,162.9463,26.1626
6.4000,102.0774,80.0713,-137.9924,-0.0164,-56.5651,-9.0174,0.1728,-141.3923,36.0269,-34.8649,162.9433,24.7870
6.4100,102.0773,79.5057,-138.0826,-0.0147,-57.9420,-8.6366,0.1555,-133.6843,40.0159,-34.8638,162.9404,23.3877
6.4200,102.0771,78.9262,-138.1690,-0.0133,-59.2388,-8.2171,0.1400,-125.3438,43.7534,-34.8627,162.9375,21.9671
6.4300,102.0770,78.3338,-138.2511,-0.0119,-60.4489,-7.7615,0.1260,-116.3867,47.2100,-34.8617,162.9347,20.5272
6.4400,102.0769,77.7294,-138.3287,-0.0107,-61.5665,-7.2729,0.1134,-106.8345,50.3584,-34.8608,162.9320,19.0703
6.4500,102.0768,77.1137,-138.4015,-0.0097,-62.5856,-6.7543,0.1021,-96.7144,53.1737,-34.8599,162.9294,17.5987
6.4600,102.0767,76.4878,-138.4690,-0.0087,-63.5008,-6.2094,0.0919,-86.0594,55.6338,-34.8591,162.9270,16.1149
6.4700,102.0766,75.8528,-138.5311,-0.0078,-64.3068,-5.6417,0.0827,-74.9080,57.7196,-34.8583,162.9246,14.6210
6.4800,102.0765,75.2098,-138.5875,-0.0070,-64.9989,-5.0550,0.0744,-63.3039,59.4153,-34.8576,162.9225,13.1196
6.4900,102.0764,74.5598,-138.6381,-0.0063,-65.5729,-4.4534,0.0670,-51.2957,60.7083,-34.8570,162.9204,11.6129
6.5000,102.0764,73.9040,-138.6826,-0.0057,-66.0248,-3.8408,0.0603,-38.9363,61.5898,-34.8564,162.9186,10.1036
6.5100,102.0763,73.2438,-138.7210,-0.0051,-66.3516,-3.2216,0.0542,-26.2826,62.0545,-34.8559,162.9169,8.5939
6.5200,102.0763,72.5803,-138.7532,-0.0046,-66.5505,-2.5997,0.0488,-13.3946,62.1010,-34.8554,162.9154,7.0863
6.5300,102.0762,71.9148,-138.7792,-0.0042,-66.6195,-1.9795,0.0439,-0.3349,61.7316,-34.8550,162.9142,5.5832
6.5400,102.0762,71.2486,-138.7990,-0.0037,-66.5572,-1.3651,0.0395,12.8324,60.9526,-34.8547,162.9131,4.0871
6.5500,102.0761,70.5830,-138.8127,-0.0034,-66.3628,-0.7605,0.0356,26.0419,59.7736,-34.8544,162.9122,2.6003
6.5600,102.0761,69.9194,-138.8203,-0.0030,-66.0364,-0.1696,0.0320,39.2281,58.2082,-34.8541,162.9116,1.1252
6.5700,102.0761,69.2590,-138.8220,-0.0027,-65.5783,0.4037,0.0288,52.3257,56.2732,-34.8540,162.9112,-0.3358
6.5800,102.0760,68.6032,-138.8179,-0.0025,-64.9898,0.9558,0.0259,65.2709,53.9886,-34.8538,162.9110,-1.7804
6.5900,102.0760,67.9533,-138.8084,-0.0022,-64.2729,1.4834,0.0233,78.0013,51.3776,-34.8538,162.9111,-3.2064
6.6000,102.0760,67.3106,-138.7936,-0.0020,-63.4298,1.9834,0.0210,90.4570,48.4659,-34.8538,162.9113,-4.6115
6.6100,102.0760,66.6763,-138.7737,-0.0018,-62.4637,2.4528,0.0189,102.5808,45.2818,-34.8538,162.9118,-5.9936
6.6200,102.0760,66.0517,-138.7492,-0.0016,-61.3782,2.8890,0.0170,114.3188,41.8555,-34.8539,162.9125,-7.3505
6.6300,102.0759,65.4379,-138.7203,-0.0014,-60.1774,3.2899,0.0153,125.6204,38.2192,-34.8541,162.9135,-8.6802
6.6400,102.0759,64.8361,-138.6874,-0.0013,-58.8658,3.6534,0.0138,136.4389,34.4064,-34.8543,162.9146,-9.9806
6.6500,102.0759,64.2475,-138.6509,-0.0012,-57.4486,3.9780,0.0124,146.7310,30.4517,-34.8545,162.9159,-11.2499
6.6600,102.0759,63.6730,-138.6111,-0.0011,-55.9312,4.2624,0.0112,156.4575,26.3902,-34.8548,162.9174,-12.4863
6.6700,102.0759,63.1137,-138.5685,-0.0010,-54.3194,4.5058,0.0100,165.5827,22.2579,-34.8551,162.9191,-13.6880
6.6800,102.0759,62.5705,-138.5234,-0.0009,-52.6195,4.7076,0.0090,174.0746,18.0903,-34.8555,162.9209,-14.8534
6.6900,102.0759,62.0443,-138.4763,-0.0008,-50.8379,4.8676,0.0081,181.9043,13.9230,-34.8559,162.9229,-15.9808
6.7000,102.0759,61.5359,-138.4277,-0.0007,-48.9814,4.9861,0.0073,189.0461,9.7908,-34.8563,162.9250,-17.0690
6.7100,102.0759,61.0461,-138.3778,-0.0006,-47.0570,5.0634,0.0066,195.4772,5.7278,-34.8568,162.9273,-18.1164
6.7200,102.0758,60.5755,-138.3272,-0.0006,-45.0719,5.1006,0.0059,201.1769,1.7668,-34.8573,162.9296,-19.1220
6.7300,102.0758,60.1248,-138.2762,-0.0005,-43.0335,5.0988,0.0053,206.1267,-2.0607,-34.8578,162.9321,-20.0846
6.7400,102.0758,59.6945,-138.2252,-0.0005,-40.9494,5.0594,0.0048,210.3096,-5.7246,-34.8583,162.9346,-21.0033
6.7500,102.0758,59.2850,-138.1746,-0.0004,-38.8273,4.9843,0.0043,213.7101,-9.1971,-34.8588,162.9372,-21.8771
6.7600,102.0758,58.8967,-138.1247,-0.0004,-36.6752,4.8755,0.0039,216.3135,-12.4518,-34.8594,162.9398,-22.7055
6.7700,102.0758,58.5299,-138.0760,-0.0003,-34.5010,4.7352,0.0035,218.1055,-15.4650,-34.8599,162.9425,-23.4878
6.7800,102.0758,58.1849,-138.0286,-0.0003,-32.3130,4.5662,0.0031,219.0722,-18.2148,-34.8605,162.9451,-24.2237
6.7900,102.0758,57.8618,-137.9830,-0.0003,-30.1196,4.3709,0.0028,219.1995,-20.6821,-34.8610,162.9478,-24.9130
6.8000,102.0758,57.5606,-137.9393,-0.0002,-27.9291,4.1525,0.0026,218.4729,-22.8501,-34.8616,162.9504,-25.5554
6.8100,102.0758,57.2813,-137.8977,-0.0002,-25.7501,3.9139,0.0023,216.8775,-24.7046,-34.8621,162.9530,-26.1512
6.8200,102.0758,57.0238,-137.8586,-0.0002,-23.5915,3.6584,0.0021,214.3972,-26.2340,-34.8627,162.9555,-26.7005
6.8300,102.0758,56.7879,-137.8220,-0.0002,-21.4622,3.3893,0.0019,211.0153,-27.4296,-34.8632,162.9580,-27.2039
6.8400,102.0758,56.5733,-137.7881,-0.0002,-19.3712,3.1098,0.0017,206.7138,-28.2850,-34.8637,162.9604,-27.6619
6.8500,102.0758,56.3796,-137.7570,-0.0001,-17.3279,2.8236,0.0015,201.4735,-28.7966,-34.8642,162.9627,-28.0753
6.8600,102.0758,56.2063,-137.7288,-0.0001,-15.3417,2.5339,0.0014,195.2739,-28.9636,-34.8647,162.9649,-28.4451
6.8700,102.0758,56.0529,-137.7034,-0.0001,-13.4224,2.2443,0.0012,188.0935,-28.7873,-34.8651,162.9670,-28.7726
6.8800,102.0758,55.9186,-137.6810,-0.0001,-11.5799,1.9582,0.0011,179.9094,-28.2717,-34.8655,162.9690,-29.0591
6.8900,102.0758,55.8028,-137.6614,-0.0001,-9.8242,1.6789,0.0010,170.6974,-27.4229,-34.8659,162.9708,-29.3064
6.9000,102.0758,55.7046,-137.6446,-0.0001,-8.1659,1.4097,0.0009,160.4324,-26.2491,-34.8663,162.9726,-29.5161
6.9100,102.0758,55.6229,-137.6305,-0.0001,-6.6156,1.1539,0.0008,149.0883,-24.7601,-34.8666,162.9742,-29.6904
6.9200,102.0758,55.5568,-137.6190,-0.0001,-5.1841,0.9145,0.0007,136.6382,-22.9673,-34.8670,162.9757,-29.8317
6.9300,102.0758,55.5049,-137.6098,-0.0001,-3.8828,0.6945,0.0006,123.0543,-20.8831,-34.8673,162.9771,-29.9423
6.9400,102.0758,55.4661,-137.6029,-0.0001,-2.7231,0.4968,0.0006,108.3085,-18.5206,-34.8675,162.9783,-30.0252
6.9500,102.0758,55.4389,-137.5979,-0.0000,-1.7166,0.3241,0.0005,92.3723,-15.8931,-34.8678,162.9795,-30.0832
6.9600,102.0758,55.4217,-137.5947,-0.0000,-0.8756,0.1790,0.0005,75.2169,-13.0132,-34.8680,162.9805,-30.1198
6.9700,102.0758,55.4130,-137.5929,-0.0000,-0.2123,0.0638,0.0004,56.8135,-9.8928,-34.8682,162.9815,-30.1384
6.9800,102.0758,55.4108,-137.5923,-0.0000,0.2607,-0.0189,0.0004,37.1336,-6.5413,-34.8684,162.9823,-30.1428
6.9900,102.0758,55.4134,-137.5924,-0.0000,0.5304,-0.0670,0.0002,13.4855,-2.4045,-34.8685,162.9831,-30.1371
7.0000,102.0758,55.4187,-137.5931,-0.0000,0.5304,-0.0670,0.0000,0.0000,0.0000,-34.8687,162.9838,-30.1257
7.0100,102.0758,55.4246,-137.5939,-0.0000,0.6389,-0.0895,0.0003,16.8950,-3.0411,-34.8688,162.9844,-30.1131
7.0200,102.0758,55.4310,-137.5948,-0.0000,0.9215,-0.1390,0.0003,38.8563,-6.7227,-34.8689,162.9850,-30.0994
7.0300,102.0758,55.4402,-137.5962,-0.0000,1.4161,-0.2240,0.0002,59.3111,-10.1387,-34.8690,162.9855,-30.0796
7.0400,102.0758,55.4543,-137.5984,-0.0000,2.1078,-0.3418,0.0002,78.3101,-13.2880,-34.8691,162.9859,-30.0493
7.0500,102.0758,55.4754,-137.6018,-0.0000,2.9823,-0.4898,0.0002,95.9023,-16.1656,-34.8692,162.9863,-30.0041
7.0600,102.0758,55.5052,-137.6067,-0.0000,4.0258,-0.6651,0.0002,112.1345,-18.7637,-34.8693,162.9867,-29.9403
7.0700,102.0758,55.5455,-137.6134,-0.0000,5.2250,-0.8650,0.0001,127.0519,-21.0730,-34.8694,162.9870,-29.8542
7.0800,102.0758,55.5978,-137.6220,-0.0000,6.5668,-1.0866,0.0001,140.6976,-23.0830,-34.8694,162.9872,-29.7424
7.0900,102.0758,55.6634,-137.6329,-0.0000,8.0389,-1.3267,0.0001,153.1130,-24.7834,-34.8695,162.9874,-29.6020
7.1000,102.0758,55.7438,-137.6462,-0.0000,9.6291,-1.5822,0.0001,164.3376,-26.1639,-34.8695,162.9876,-29.4301
7.1100,102.0758,55.8401,-137.6620,-0.0000,11.3257,-1.8500,0.0001,174.4091,-27.2154,-34.8695,162.9877,-29.2242
7.1200,102.0758,55.9534,-137.6805,-0.0000,13.1173,-2.1266,0.0001,183.3630,-27.9302,-34.8695,162.9877,-28.9821
7.1300,102.0758,56.0845,-137.7018,-0.0000,14.9929,-2.4086,0.0001,191.2331,-28.3021,-34.8695,162.9876,-28.7018
7.1400,102.0758,56.2345,-137.7259,-0.0000,16.9419,-2.6926,0.0001,198.0511,-28.3271,-34.8695,162.9874,-28.3814
7.1500,102.0758,56.4039,-137.7528,-0.0000,18.9540,-2.9751,0.0001,203.8469,-28.0033,-34.8694,162.9872,-28.0195
7.1600,102.0758,56.5934,-137.7825,-0.0000,21.0189,-3.2527,0.0001,208.6484,-27.3312,-34.8693,162.9868,-27.6146
7.1700,102.0758,56.8036,-137.8151,-0.0000,23.1269,-3.5217,0.0001,212.4816,-26.3137,-34.8692,162.9864,-27.1657
7.1800,102.0758,57.0349,-137.8503,-0.0000,25.2685,-3.7789,0.0000,215.3709,-24.9565,-34.8691,162.9858,-26.6719
7.1900,102.0758,57.2876,-137.8881,-0.0000,27.4343,-4.0209,0.0000,217.3388,-23.2677,-34.8689,162.9851,-26.1324
7.2000,102.0758,57.5619,-137.9283,-0.0000,29.6153,-4.2443,0.0000,218.4066,-21.2582,-34.8688,162.9842,-25.5468
7.2100,102.0758,57.8581,-137.9707,-0.0000,31.8025,-4.4460,0.0000,218.5939,-18.9413,-34.8686,162.9833,-24.9146
7.2200,102.0758,58.1761,-138.0152,-0.0000,33.9872,-4.6231,0.0000,217.9196,-16.3331,-34.8683,162.9822,-24.2358
7.2300,102.0758,58.5160,-138.0614,-0.0000,36.1609,-4.7727,0.0000,216.4014,-13.4521,-34.8681,162.9809,-23.5104
7.2400,102.0758,58.8776,-138.1091,-0.0000,38.3152,-4.8922,0.0000,214.0567,-10.3193,-34.8678,162.9795,-22.7386
7.2500,102.0758,59.2607,-138.1581,-0.0000,40.4420,-4.9791,0.0000,210.9024,-6.9578,-34.8674,162.9780,-21.9207
7.2600,102.0758,59.6651,-138.2078,-0.0000,42.5332,-5.0313,0.0000,206.9558,-3.3930,-34.8671,162.9763,-21.0572
7.2700,102.0758,60.0905,-138.2582,-0.0000,44.5811,-5.0469,0.0000,202.2342,0.3475,-34.8667,162.9744,-20.1489
7.2800,102.0758,60.5363,-138.3086,-0.0000,46.5779,-5.0244,0.0000,196.7561,4.2347,-34.8663,162.9725,-19.1964
7.2900,102.0758,61.0021,-138.3589,-0.0000,48.5162,-4.9622,0.0000,190.5409,8.2375,-34.8658,162.9704,-18.2007
7.3000,102.0758,61.4872,-138.4085,-0.0000,50.3887,-4.8596,0.0000,183.6099,12.3236,-34.8653,162.9682,-17.1629
7.3100,102.0758,61.9911,-138.4571,-0.0000,52.1884,-4.7158,0.0000,175.9861,16.4594,-34.8648,162.9659,-16.0841
7.3200,102.0758,62.5130,-138.5042,-0.0000,53.9085,-4.5304,0.0000,167.6948,20.6105,-34.8643,162.9634,-14.9658
7.3300,102.0758,63.0521,-138.5495,-0.0000,55.5423,-4.3036,0.0000,158.7643,24.7417,-34.8638,162.9609,-13.8092
7.3400,102.0758,63.6075,-138.5926,-0.0000,57.0838,-4.0356,0.0000,149.2254,28.8175,-34.8632,162.9583,-12.6159
7.3500,102.0758,64.1783,-138.6329,-0.0000,58.5268,-3.7272,0.0000,139.1126,32.8022,-34.8627,162.9557,-11.3876
7.3600,102.0758,64.7636,-138.6702,-0.0000,59.8660,-3.3795,0.0000,128.4635,36.6603,-34.8621,162.9529,-10.1258
7.3700,102.0758,65.3623,-138.7040,-0.0000,61.0961,-2.9940,0.0000,117.3194,40.3572,-34.8615,162.9502,-8.8326
7.3800,102.0758,65.9732,-138.7339,-0.0000,62.2124,-2.5724,0.0000,105.7253,43.8589,-34.8609,162.9474,-7.5096
7.3900,102.0758,66.5954,-138.7597,-0.0000,63.2106,-2.1168,0.0000,93.7295,47.1327,-34.8603,162.9446,-6.1590
7.4000,102.0758,67.2275,-138.7808,-0.0000,64.0870,-1.6297,0.0000,81.3841,50.1476,-34.8597,162.9418,-4.7826
7.4100,102.0758,67.8683,-138.7971,-0.0000,64.8383,-1.1139,0.0000,68.7443,52.8745,-34.8591,162.9391,-3.3827
7.4200,102.0758,68.5167,-138.8083,-0.0000,65.4619,-0.5723,0.0000,55.8682,55.2865,-34.8585,162.9364,-1.9614
7.4300,102.0758,69.1713,-138.8140,-0.0000,65.9557,-0.0081,0.0000,42.8166,57.3593,-34.8580,162.9337,-0.5208
7.4400,102.0758,69.8309,-138.8141,-0.0000,66.3182,0.5749,0.0000,29.6521,59.0715,-34.8574,162.9311,0.9367
7.4500,102.0758,70.4941,-138.8083,-0.0000,66.5487,1.1733,0.0000,16.4391,60.4046,-34.8569,162.9287,2.4088
7.4600,102.0758,71.1596,-138.7966,-0.0000,66.6470,1.7830,0.0000,3.2427,61.3436,-34.8564,162.9263,3.8933
7.4700,102.0758,71.8260,-138.7788,-0.0000,66.6136,2.4002,0.0000,-9.8719,61.8770,-34.8559,162.9240,5.3877
7.4800,102.0758,72.4922,-138.7548,-0.0000,66.4495,3.0206,0.0000,-22.8400,61.9968,-34.8554,162.9219,6.8896
7.4900,102.0758,73.1567,-138.7246,-0.0000,66.1568,3.6401,0.0000,-35.5981,61.6990,-34.8550,162.9200,8.3967
7.5000,102.0758,73.8182,-138.6882,-0.0000,65.7376,4.2545,0.0000,-48.0848,60.9831,-34.8546,162.9182,9.9065
7.5100,102.0758,74.4756,-138.6456,-0.0000,65.1951,4.8598,0.0000,-60.2415,59.8527,-34.8543,162.9165,11.4166
7.5200,102.0758,75.1276,-138.5970,-0.0000,64.5328,5.4516,0.0000,-72.0130,58.3148,-34.8540,162.9151,12.9246
7.5300,102.0758,75.7729,-138.5425,-0.0000,63.7548,6.0260,0.0000,-83.3481,56.3803,-34.8537,162.9138,14.4279
7.5400,102.0758,76.4104,-138.4822,-0.0000,62.8658,6.5792,0.0000,-94.2002,54.0635,-34.8535,162.9128,15.9243
7.5500,102.0758,77.0391,-138.4165,-0.0000,61.8708,7.1073,0.0000,-104.5278,51.3823,-34.8533,162.9120,17.4113
7.5600,102.0758,77.6578,-138.3454,-0.0000,60.7752,7.6068,0.0000,-114.2947,48.3572,-34.8532,162.9113,18.8865
7.5700,102.0758,78.2655,-138.2693,-0.0000,59.5849,8.0745,0.0000,-123.4704,45.0121,-34.8531,162.9109,20.3476
7.5800,102.0758,78.8614,-138.1886,-0.0000,58.3058,8.5071,0.0000,-132.0302,41.3733,-34.8530,162.9108,21.7923
7.5900,102.0758,79.4445,-138.1035,-0.0000,56.9443,8.9019,0.0000,-139.9551,37.4694,-34.8531,162.9108,23.2183
7.6000,102.0758,80.0139,-138.0145,-0.0000,55.5067,9.2565,0.0000,-147.2319,33.3311,-34.8531,162.9111,24.6234
7.6100,102.0758,80.5690,-137.9219,-0.0000,53.9997,9.5685,0.0000,-153.8529,28.9905,-34.8532,162.9116,26.0053
7.6200,102.0758,81.1090,-137.8262,-0.0000,52.4297,9.8363,0.0000,-159.8156,24.4816,-34.8534,162.9123,27.3620
7.6300,102.0758,81.6333,-137.7279,-0.0000,50.8033,10.0582,0.0000,-165.1223,19.8390,-34.8536,162.9132,28.6915
7.6400,102.0758,82.1413,-137.6273,-0.0000,49.1272,10.2331,0.0000,-169.7800,15.0983,-34.8538,162.9143,29.9917
7.6500,102.0758,82.6326,-137.5249,-0.0000,47.4077,10.3601,0.0000,-173.7994,10.2954,-34.8541,162.9157,31.2608
7.6600,102.0758,83.1066,-137.4213,-0.0000,45.6512,10.4390,0.0000,-177.1946,5.4663,-34.8544,162.9172,32.4968
7.6700,102.0758,83.5632,-137.3170,-0.0000,43.8639,10.4695,0.0000,-179.9827,0.6471,-34.8548,162.9188,33.6982
7.6800,102.0758,84.0018,-137.2123,-0.0000,42.0516,10.4519,0.0000,-182.1827,-4.1266,-34.8552,162.9207,34.8632
7.6900,102.0758,84.4223,-137.1077,-0.0000,40.2202,10.3869,0.0000,-183.8155,-8.8201,-34.8556,162.9227,35.9903
7.7000,102.0758,84.8245,-137.0039,-0.0000,38.3753,10.2755,0.0000,-184.9029,-13.3990,-34.8561,162.9248,37.0780
7.7100,102.0758,85.2083,-136.9011,-0.0000,36.5221,10.1190,0.0000,-185.4669,-17.8306,-34.8565,162.9271,38.1250
7.7200,102.0758,85.5735,-136.7999,-0.0000,34.6659,9.9189,0.0000,-185.5297,-22.0830,-34.8571,162.9295,39.1302
7.7300,102.0758,85.9201,-136.7007,-0.0000,32.8116,9.6773,0.0000,-185.1124,-26.1259,-34.8576,162.9319,40.0924
7.7400,102.0758,86.2483,-136.6040,-0.0000,30.9637,9.3964,0.0000,-184.2351,-29.9306,-34.8581,162.9345,41.0106
7.7500,102.0758,86.5579,-136.5100,-0.0000,29.1268,9.0787,0.0000,-182.9162,-33.4701,-34.8587,162.9371,41.8840
7.7600,102.0758,86.8492,-136.4192,-0.0000,27.3054,8.7270,0.0000,-181.1718,-36.7192,-34.8592,162.9397,42.7120
7.7700,102.0758,87.1222,-136.3319,-0.0000,25.5034,8.3443,0.0000,-179.0155,-39.6546,-34.8598,162.9424,43.4939
7.7800,102.0758,87.3773,-136.2485,-0.0000,23.7251,7.9339,0.0000,-176.4580,-42.2553,-34.8604,162.9450,44.2294
7.7900,102.0758,87.6145,-136.1692,-0.0000,21.9743,7.4992,0.0000,-173.5067,-44.5021,-34.8609,162.9477,44.9183
7.8000,102.0758,87.8342,-136.0942,-0.0000,20.2549,7.0438,0.0000,-170.1657,-46.3781,-34.8615,162.9503,45.5603
7.8100,102.0758,88.0368,-136.0237,-0.0000,18.5709,6.5716,0.0000,-166.4354,-47.8688,-34.8621,162.9529,46.1557
7.8200,102.0758,88.2225,-135.9580,-0.0000,16.9262,6.0865,0.0000,-162.3122,-48.9616,-34.8626,162.9555,46.7047
7.8300,102.0758,88.3918,-135.8972,-0.0000,15.3247,5.5924,0.0000,-157.7887,-49.6465,-34.8631,162.9579,47.2077
7.8400,102.0758,88.5450,-135.8412,-0.0000,13.7704,5.0935,0.0000,-152.8534,-49.9156,-34.8637,162.9603,47.6654
7.8500,102.0758,88.6827,-135.7903,-0.0000,12.2676,4.5941,0.0000,-147.4909,-49.7633,-34.8641,162.9626,48.0785
7.8600,102.0758,88.8054,-135.7444,-0.0000,10.8206,4.0983,0.0000,-141.6817,-49.1862,-34.8646,162.9648,48.4481
7.8700,102.0758,88.9136,-135.7034,-0.0000,9.4340,3.6104,0.0000,-135.4027,-48.1831,-34.8651,162.9669,48.7753
7.8800,102.0758,89.0079,-135.6673,-0.0000,8.1126,3.1346,0.0000,-128.6268,-46.7546,-34.8655,162.9689,49.0616
7.8900,102.0758,89.0891,-135.6359,-0.0000,6.8615,2.6753,0.0000,-121.3237,-44.9036,-34.8659,162.9708,49.3086
7.9000,102.0758,89.1577,-135.6092,-0.0000,5.6861,2.2365,0.0000,-113.4600,-42.6342,-34.8663,162.9726,49.5181
7.9100,102.0758,89.2145,-135.5868,-0.0000,4.5923,1.8226,0.0000,-104.9995,-39.9524,-34.8666,162.9742,49.6923
7.9200,102.0758,89.2605,-135.5686,-0.0000,3.5861,1.4375,0.0000,-95.9036,-36.8652,-34.8669,162.9757,49.8333
7.9300,102.0758,89.2963,-135.5542,-0.0000,2.6742,1.0853,0.0000,-86.1322,-33.3807,-34.8672,162.9771,49.9438
7.9400,102.0758,89.3231,-135.5433,-0.0000,1.8635,0.7699,0.0000,-75.6439,-29.5074,-34.8675,162.9783,50.0265
7.9500,102.0758,89.3417,-135.5356,-0.0000,1.1613,0.4951,0.0000,-64.3972,-25.2540,-34.8678,162.9795,50.0844
7.9600,102.0758,89.3533,-135.5307,-0.0000,0.5755,0.2648,0.0000,-52.3507,-20.6286,-34.8680,162.9805,50.1209
7.9700,102.0758,89.3591,-135.5280,-0.0000,0.1143,0.0826,0.0000,-39.4646,-15.6385,-34.8682,162.9815,50.1394
7.9800,102.0758,89.3602,-135.5272,-0.0000,-0.2138,-0.0480,0.0000,-25.7015,-10.2891,-34.8684,162.9823,50.1437
7.9900,102.0758,89.3581,-135.5277,-0.0000,-0.3997,-0.1232,0.0000,-9.2981,-3.7625,-34.8685,162.9831,50.1379
8.0000,102.0758,89.3541,-135.5289,-0.0000,-0.3997,-0.1232,0.0000,0.0000,0.0000,-34.8687,162.9838,50.1264
8.0100,102.0758,89.3497,-135.5303,-0.1921,-0.2673,-0.2513,-37.9200,28.5249,-23.4755,-34.8688,162.9844,50.1138
8.0200,102.0739,89.3471,-135.5328,-0.7584,0.1362,-0.6091,-74.1102,51.3819,-47.2611,-34.8626,162.9823,50.1024
8.0300,102.0663,89.3484,-135.5389,-1.6743,0.7603,-1.1965,-107.9021,72.6761,-69.3857,-34.8379,162.9722,50.0921
8.0400,102.0495,89.3560,-135.5509,-2.9164,1.5897,-1.9969,-139.4364,92.4303,-89.8474,-34.7833,162.9494,50.0829
8.0500,102.0204,89.3719,-135.5709,-4.4630,2.6089,-2.9935,-168.8701,110.6578,-108.6275,-34.6880,162.9092,50.0746
8.0600,101.9757,89.3980,-135.6008,-6.2938,3.8028,-4.1694,-196.3706,127.3656,-125.6949,-34.5423,162.8475,50.0671
8.0700,101.9128,89.4360,-135.6425,-8.3904,5.1562,-5.5074,-222.1107,142.5549,-141.0108,-34.3370,162.7603,50.0604
8.0800,101.8289,89.4876,-135.6976,-10.7361,6.6539,-6.9896,-246.2646,156.2230,-154.5319,-34.0638,162.6441,50.0543
8.0900,101.7215,89.5541,-135.7675,-13.3157,8.2807,-8.5980,-269.0035,168.3634,-166.2133,-33.7149,162.4955,50.0487
8.1000,101.5884,89.6369,-135.8534,-16.1161,10.0212,-10.3139,-290.4934,178.9667,-176.0115,-33.2835,162.3115,50.0437
8.1100,101.4272,89.7372,-135.9566,-19.1256,11.8600,-12.1182,-310.8915,188.0202,-183.8857,-32.7631,162.0894,50.0390
8.1200,101.2360,89.8558,-136.0778,-22.3340,13.7816,-13.9916,-330.3447,195.5083,-189.7996,-32.1481,161.8267,50.0347
8.1300,101.0126,89.9936,-136.2177,-25.7325,15.7702,-15.9142,-348.9870,201.4115,-193.7230,-31.4335,161.5211,50.0307
8.1400,100.7553,90.1513,-136.3768,-29.3137,17.8098,-17.8661,-366.9382,205.7064,-195.6322,-30.6147,161.1707,50.0270
8.1500,100.4622,90.3294,-136.5555,-33.0713,19.8843,-19.8269,-384.3021,208.3652,-195.5114,-29.6879,160.7737,50.0234
8.1600,100.1315,90.5282,-136.7538,-36.9997,21.9772,-21.7763,-401.1646,209.3547,-193.3529,-28.6497,160.3288,50.0200
8.1700,99.7615,90.7480,-136.9715,-41.0945,24.0714,-23.6939,-417.5926,208.6361,-189.1575,-27.4975,159.8345,50.0167
8.1800,99.3505,90.9887,-137.2085,-45.3516,26.1499,-25.5594,-433.6321,206.1643,-182.9353,-26.2290,159.2900,50.0134
8.1900,98.8970,91.2502,-137.4641,-49.7672,28.1947,-27.3526,-449.3065,201.8876,-174.7059,-24.8424,158.6944,50.0102
8.2000,98.3993,91.5322,-137.7376,-54.3377,30.1876,-29.0536,-464.6145,195.7476,-164.4986,-23.3365,158.0471,50.0070
8.2100,97.8559,91.8340,-138.0281,-59.0595,32.1097,-30.6426,-479.5288,187.6793,-152.3530,-21.7105,157.3477,50.0038
8.2200,97.2654,92.1551,-138.3345,-63.9283,33.9412,-32.1006,-493.9932,177.6117,-138.3196,-19.9642,156.5960,50.0006
8.2300,96.6261,92.4945,-138.6555,-68.9393,35.6619,-33.4090,-507.9211,165.4689,-122.4600,-18.0976,155.7922,49.9974
8.2400,95.9367,92.8512,-138.9896,-74.0867,37.2506,-34.5498,-521.1930,151.1720,-104.8480,-16.1114,154.9363,49.9942
8.2500,95.1958,93.2237,-139.3351,-79.3632,38.6853,-35.5060,-533.6546,134.6419,-85.5698,-14.0064,154.0288,49.9910
8.2600,94.4022,93.6105,-139.6902,-84.7598,39.9434,-36.2612,-545.1151,115.8030,-64.7255,-11.7840,153.0701,49.9878
8.2700,93.5546,94.0099,-140.0528,-90.2655,41.0014,-36.8005,-555.3461,94.5877,-42.4296,-9.4459,152.0612,49.9847
8.2800,92.6519,94.4200,-140.4208,-95.8667,41.8352,-37.1098,-564.0808,70.9433,-18.8121,-6.9941,151.0027,49.9817
8.2900,91.6933,94.8383,-140.7919,-101.5471,42.4203,-37.1767,-571.0152,44.8387,5.9803,-4.4312,149.8959,49.9788
8.3000,90.6778,95.2625,-141.1637,-107.2870,42.7320,-36.9902,-575.8093,16.2743,31.7837,-1.7596,148.7418,49.9760
8.3100,89.6049,95.6898,-141.5336,-113.0633,42.7458,-36.5410,-578.0917,-14.7084,58.4161,1.0174,147.5419,49.9735
8.3200,88.4743,96.1173,-141.8990,-118.8489,42.4378,-35.8219,-577.4655,-48.0155,85.6768,3.8966,146.2975,49.9712
8.3300,87.2858,96.5417,-142.2572,-124.6126,41.7854,-34.8275,-573.5167,-83.4884,113.3464,6.8745,145.0103,49.9693
8.3400,86.0397,96.9595,-142.6055,-130.3192,40.7680,-33.5549,-565.8261,-120.8924,141.1875,9.9473,143.6820,49.9677
8.3500,84.7365,97.3672,-142.9410,-135.9291,39.3676,-32.0037,-553.9839,-159.9061,168.9454,13.1107,142.3145,49.9665
8.3600,83.3772,97.7609,-143.2611,-141.3989,37.5699,-30.1760,-537.6073,-200.1124,196.3502,16.3607,140.9096,49.9658
8.3700,81.9632,98.1366,-143.5628,-146.6813,35.3653,-28.0767,-516.3610,-240.9940,223.1190,19.6925,139.4694,49.9655
8.3800,80.4964,98.4902,-143.8436,-151.7261,32.7500,-25.7137,-489.9795,-281.9333,248.9598,23.1016,137.9961,49.9656
8.3900,78.9791,98.8177,-144.1007,-156.4809,29.7267,-23.0975,-458.2907,-322.2185,273.5755,26.5830,136.4920,49.9662
8.4000,77.4143,99.1150,-144.3317,-160.8919,26.3056,-20.2421,-421.2383,-361.0577,296.6687,30.1316,134.9592,49.9673
8.4100,75.8054,99.3781,-144.5341,-164.9056,22.5055,-17.1642,-378.9026,-397.6002,317.9477,33.7421,133.4002,49.9688
8.4200,74.1563,99.6031,-144.7058,-168.4700,18.3536,-13.8832,-331.5167,-430.9668,337.1320,37.4091,131.8175,49.9706
8.4300,72.4716,99.7867,-144.8446,-171.5360,13.8862,-10.4215,-279.4757,-460.2866,353.9594,41.1271,130.2136,49.9727
8.4400,70.7563,99.9255,-144.9488,-174.0595,9.1479,-6.8040,-223.3383,-484.7382,368.1913,44.8902,128.5910,49.9749
8.4500,69.0157,100.0170,-145.0169,-176.0027,4.1914,-3.0577,-163.8184,-503.5942,379.6196,48.6926,126.9525,49.9772
8.4600,67.2557,100.0589,-145.0474,-177.3358,-0.9240,0.7884,-101.7666,-516.2632,388.0716,52.5284,125.3008,49.9794
8.4700,65.4823,100.0497,-145.0396,-178.0381,-6.1338,4.7037,-38.1418,-522.3271,393.4151,56.3914,123.6385,49.9815
8.4800,63.7019,99.9883,-144.9925,-178.0987,-11.3705,8.6567,26.0257,-521.5689,395.5618,60.2755,121.9684,49.9832
8.4900,61.9209,99.8746,-144.9059,-177.5176,-16.5652,12.6150,89.6761,-513.9881,394.4704,64.1743,120.2934,49.9846
8.5000,60.1458,99.7090,-144.7798,-176.3052,-21.6503,16.5461,151.7662,-499.8029,390.1478,68.0814,118.6163,49.9854
8.5100,58.3827,99.4925,-144.6143,-174.4822,-26.5613,20.4179,211.3128,-479.4370,382.6491,71.9906,116.9399,49.9857
8.5200,56.6379,99.2269,-144.4102,-172.0789,-31.2390,24.1991,267.4332,-453.4940,372.0760,75.8954,115.2671,49.9853
8.5300,54.9171,98.9145,-144.1682,-169.1336,-35.6312,27.8594,319.3775,-422.7206,358.5745,79.7893,113.6007,49.9842
8.5400,53.2258,98.5582,-143.8896,-165.6914,-39.6934,31.3706,366.5518,-387.9636,342.3300,83.6659,111.9434,49.9824
8.5500,51.5688,98.1612,-143.5759,-161.8025,-43.3904,34.7060,408.5306,-350.1234,323.5628,87.5189,110.2982,49.9801
8.5600,49.9508,97.7273,-143.2288,-157.5207,-46.6959,37.8418,445.0587,-310.1089,302.5213,91.3420,108.6676,49.9771
8.5700,48.3756,97.2604,-142.8504,-152.9014,-49.5926,40.7565,476.0443,-268.7973,279.4757,95.1289,107.0544,49.9736
8.5800,46.8466,96.7644,-142.4428,-147.9999,-52.0718,43.4313,501.5430,-227.0009,254.7107,98.8735,105.4613,49.9697
8.5900,45.3666,96.2437,-142.0085,-142.8705,-54.1326,45.8507,521.7377,-185.4428,228.5188,102.5697,103.8907,49.9655
8.6000,43.9379,95.7024,-141.5500,-137.5651,-55.7807,48.0017,536.9142,-144.7411,201.1938,106.2118,102.3452,49.9611
8.6100,42.5622,95.1446,-141.0700,-132.1322,-57.0274,49.8746,547.4360,-105.4027,173.0252,109.7939,100.8272,49.9566
8.6200,41.2409,94.5743,-140.5712,-126.6164,-57.8887,51.4622,553.7199,-67.8232,144.2932,113.3106,99.3389,49.9522
8.6300,39.9748,93.9954,-140.0566,-121.0578,-58.3839,52.7604,556.2130,-32.2938,115.2652,116.7564,97.8826,49.9479
8.6400,38.7642,93.4116,-139.5290,-115.4921,-58.5346,53.7675,555.3734,0.9885,86.1927,120.1262,96.4604,49.9438
8.6500,37.6093,92.8262,-138.9913,-109.9503,-58.3641,54.4843,551.6540,31.9078,57.3097,123.4151,95.0742,49.9401
8.6600,36.5098,92.2426,-138.4465,-104.4590,-57.8965,54.9137,545.4893,60.4153,28.8318,126.6184,93.7260,49.9368
8.6700,35.4652,91.6636,-137.8974,-99.0406,-57.1558,55.0609,537.2861,86.5152,0.9563,129.7314,92.4176,49.9340
8.6800,34.4748,91.0921,-137.3468,-93.7133,-56.1662,54.9328,527.4176,110.2516,-26.1377,132.7501,91.1505,49.9316
8.6900,33.5376,90.5304,-136.7974,-88.4922,-54.9508,54.5382,516.2186,131.6967,-52.2881,135.6704,89.9265,49.9298
8.7000,32.6527,89.9809,-136.2520,-83.3890,-53.5322,53.8871,503.9850,150.9407,-77.3487,138.4887,88.7468,49.9285
8.7100,31.8188,89.4456,-135.7132,-78.4125,-51.9320,52.9912,490.9725,168.0835,-101.1876,141.2014,87.6128,49.9278
8.7200,31.0347,88.9263,-135.1833,-73.5695,-50.1706,51.8633,477.3987,183.2279,-123.6863,143.8056,86.5257,49.9277
8.7300,30.2990,88.4245,-134.6646,-68.8645,-48.2674,50.5175,463.4443,196.4749,-144.7379,146.2984,85.4864,49.9280
8.7400,29.6103,87.9419,-134.1595,-64.3006,-46.2411,48.9686,449.2560,207.9199,-164.2462,148.6773,84.4960,49.9288
8.7500,28.9673,87.4795,-133.6698,-59.8794,-44.1090,47.2325,434.9493,217.6501,-182.1241,150.9403,83.5551,49.9301
8.7600,28.3685,87.0384,-133.1974,-55.6016,-41.8881,45.3261,420.6108,225.7434,-198.2934,153.0855,82.6644,49.9318
8.7700,27.8125,86.6195,-132.7442,-51.4672,-39.5942,43.2667,406.3014,232.2671,-212.6838,155.1115,81.8244,49.9338
8.7800,27.2979,86.2236,-132.3115,-47.4756,-37.2427,41.0724,392.0589,237.2782,-225.2321,157.0173,81.0352,49.9362
8.7900,26.8231,85.8511,-131.9008,-43.6260,-34.8486,38.7620,377.9001,240.8236,-235.8825,158.8023,80.2972,49.9388
8.8000,26.3868,85.5026,-131.5132,-39.9176,-32.4262,36.3548,363.8231,242.9405,-244.5858,160.4663,79.6102,49.9416
8.8100,25.9877,85.1784,-131.1496,-36.3496,-29.9898,33.8703,349.8095,243.6574,-251.2997,162.0095,78.9741,49.9446
8.8200,25.6242,84.8785,-130.8109,-32.9214,-27.5531,31.3288,335.8254,242.9948,-255.9888,163.4326,78.3886,49.9477
8.8300,25.2950,84.6029,-130.4976,-29.6331,-25.1299,28.7505,321.8235,240.9665,-258.6245,164.7366,77.8529,49.9509
8.8400,24.9986,84.3516,-130.2101,-26.4849,-22.7338,26.1563,307.7440,237.5802,-259.1851,165.9233,77.3664,49.9541
8.8500,24.7338,84.1243,-129.9486,-23.4782,-20.3783,23.5668,293.5157,232.8386,-257.6563,166.9946,76.9282,49.9573
8.8600,24.4990,83.9205,-129.7129,-20.6146,-18.0770,21.0031,279.0571,226.7402,-254.0305,167.9532,76.5371,49.9605
8.8700,24.2928,83.7398,-129.5029,-17.8970,-15.8435,18.4862,264.2771,219.2802,-248.3075,168.8021,76.1917,49.9636
8.8800,24.1139,83.5813,-129.3180,-15.3291,-13.6914,16.0370,249.0759,210.4510,-240.4938,169.5451,75.8905,49.9665
8.8900,23.9606,83.4444,-129.1576,-12.9155,-11.6345,13.6763,233.3460,200.2431,-230.6025,170.1863,75.6316,49.9694
8.9000,23.8314,83.3281,-129.0209,-10.6622,-9.6865,11.4249,216.9727,188.6452,-218.6529,170.7305,75.4130,49.9721
8.9100,23.7248,83.2312,-128.9066,-8.5761,-7.8616,9.3033,199.8358,175.6450,-204.6694,171.1830,75.2325,49.9746
8.9200,23.6390,83.1526,-128.8136,-6.6654,-6.1736,7.3316,181.8102,161.2291,-188.6811,171.5497,75.0875,49.9770
8.9300,23.5724,83.0908,-128.7403,-4.9399,-4.6370,5.5297,162.7677,145.3836,-170.7204,171.8373,74.9753,49.9792
8.9400,23.5230,83.0445,-128.6850,-3.4101,-3.2660,3.9171,142.5790,128.0935,-150.8211,172.0528,74.8928,49.9812
8.9500,23.4889,83.0118,-128.6458,-2.0883,-2.0751,2.5132,121.1152,109.3434,-129.0174,172.2042,74.8368,49.9831
8.9600,23.4680,82.9911,-128.6207,-0.9878,-1.0791,1.3368,98.2510,89.1166,-105.3409,172.2999,74.8038,49.9848
8.9700,23.4581,82.9803,-128.6073,-0.1233,-0.2928,0.4064,73.8676,67.3953,-79.8189,172.3489,74.7897,49.9863
8.9800,23.4569,82.9773,-128.6032,0.4896,0.2688,-0.2596,47.8563,44.1598,-52.4706,172.3612,74.7907,49.9876
8.9900,23.4618,82.9800,-128.6058,0.8339,0.5904,-0.6430,17.2154,16.0804,-19.1708,172.3474,74.8022,49.9889
9.0000,23.4701,82.9859,-128.6123,0.8339,0.5904,-0.6430,0.0000,0.0000,0.0000,172.3185,74.8194,49.9900
9.0100,23.4791,82.9925,-128.6195,0.8030,0.5200,-0.6804,-8.4571,-20.2202,1.4788,172.2866,74.8375,49.9910
9.0200,23.4871,82.9977,-128.6263,0.7229,0.2522,-0.6961,-7.6148,-32.9349,-4.3949,172.2580,74.8537,49.9895
9.0300,23.4943,83.0002,-128.6333,0.6507,-0.1386,-0.7683,-6.8561,-44.8208,-9.8412,172.2322,74.8684,49.9807
9.0400,23.5008,82.9988,-128.6410,0.5857,-0.6442,-0.8929,-6.1727,-55.9080,-14.8682,172.2090,74.8815,49.9602
9.0500,23.5067,82.9924,-128.6499,0.5273,-1.2568,-1.0657,-5.5573,-66.2302,-19.4807,172.1881,74.8934,49.9240
9.0600,23.5120,82.9798,-128.6606,0.4746,-1.9689,-1.2825,-5.0030,-75.8227,-23.6806,172.1692,74.9040,49.8682
9.0700,23.5167,82.9601,-128.6734,0.4272,-2.7733,-1.5393,-4.5039,-84.7217,-27.4681,172.1523,74.9136,49.7893
9.0800,23.5210,82.9324,-128.6888,0.3845,-3.6633,-1.8319,-4.0545,-92.9640,-30.8420,172.1370,74.9222,49.6840
9.0900,23.5248,82.8958,-128.7071,0.3461,-4.6325,-2.1561,-3.6498,-100.5854,-33.8008,172.1233,74.9300,49.5494
9.1000,23.5283,82.8495,-128.7287,0.3115,-5.6750,-2.5079,-3.2855,-107.6209,-36.3429,172.1109,74.9369,49.3828
9.1100,23.5314,82.7927,-128.7537,0.2804,-6.7850,-2.8830,-2.9574,-114.1039,-38.4671,172.0996,74.9432,49.1817
9.1200,23.5342,82.7249,-128.7826,0.2524,-7.9571,-3.2772,-2.6621,-120.0654,-40.1731,172.0895,74.9488,48.9439
9.1300,23.5367,82.6453,-128.8153,0.2272,-9.1863,-3.6865,-2.3962,-125.5344,-41.4616,172.0803,74.9538,48.6674
9.1400,23.5390,82.5534,-128.8522,0.2045,-10.4678,-4.1065,-2.1569,-130.5368,-42.3348,172.0720,74.9583,48.3505
9.1500,23.5410,82.4487,-128.8933,0.1840,-11.7970,-4.5332,-1.9414,-135.0959,-42.7962,172.0644,74.9623,47.9916
9.1600,23.5429,82.3308,-128.9386,0.1656,-13.1697,-4.9624,-1.7474,-139.2318,-42.8514,172.0574,74.9658,47.5896
9.1700,23.5445,82.1991,-128.9882,0.1491,-14.5816,-5.3902,-1.5728,-142.9615,-42.5075,172.0511,74.9690,47.1432
9.1800,23.5460,82.0533,-129.0421,0.1342,-16.0289,-5.8125,-1.4157,-146.2988,-41.7737,172.0452,74.9718,46.6517
9.1900,23.5474,81.8930,-129.1002,0.1208,-17.5076,-6.2257,-1.2742,-149.2542,-40.6610,172.0398,74.9742,46.1142
9.2000,23.5486,81.7179,-129.1625,0.1087,-19.0140,-6.6258,-1.1469,-151.8351,-39.1826,172.0347,74.9763,45.5305
9.2100,23.5497,81.5278,-129.2288,0.0978,-20.5443,-7.0093,-1.0322,-154.0460,-37.3535,172.0300,74.9781,44.9000
9.2200,23.5506,81.3223,-129.2989,0.0880,-22.0949,-7.3728,-0.9291,-155.8884,-35.1906,172.0256,74.9797,44.2227
9.2300,23.5515,81.1014,-129.3726,0.0792,-23.6621,-7.7131,-0.8362,-157.3612,-32.7127,172.0214,74.9810,43.4987
9.2400,23.5523,80.8647,-129.4497,0.0713,-25.2421,-8.0271,-0.7526,-158.4605,-29.9407,172.0174,74.9821,42.7282
9.2500,23.5530,80.6123,-129.5300,0.0642,-26.8313,-8.3119,-0.6774,-159.1806,-26.8969,172.0135,74.9830,41.9114
9.2600,23.5537,80.3440,-129.6131,0.0578,-28.4257,-8.5650,-0.6097,-159.5134,-23.6052,172.0098,74.9837,41.0490
9.2700,23.5542,80.0597,-129.6988,0.0520,-30.0216,-8.7840,-0.5487,-159.4494,-20.0914,172.0063,74.9842,40.1416
9.2800,23.5548,79.7595,-129.7866,0.0468,-31.6147,-8.9669,-0.4939,-158.9778,-16.3824,172.0028,74.9845,39.1900
9.2900,23.5552,79.4434,-129.8763,0.0421,-33.2011,-9.1117,-0.4445,-158.0866,-12.5063,171.9994,74.9847,38.1952
9.3000,23.5557,79.1114,-129.9674,0.0379,-34.7765,-9.2170,-0.4001,-156.7634,-8.4925,171.9961,74.9848,37.1582
9.3100,23.5560,78.7636,-130.0595,0.0341,-36.3364,-9.2815,-0.3601,-154.9954,-4.3712,171.9929,74.9847,36.0802
9.3200,23.5564,78.4002,-130.1524,0.0307,-37.8764,-9.3044,-0.3241,-152.7704,-0.1734,171.9897,74.9845,34.9625
9.3300,23.5567,78.0215,-130.2454,0.0276,-39.3918,-9.2850,-0.2917,-150.0763,4.0694,171.9865,74.9842,33.8066
9.3400,23.5570,77.6276,-130.3383,0.0249,-40.8779,-9.2230,-0.2625,-146.9024,8.3252,171.9834,74.9839,32.6140
9.3500,23.5572,77.2188,-130.4305,0.0224,-42.3298,-9.1185,-0.2363,-143.2392,12.5621,171.9804,74.9834,31.3863
9.3600,23.5574,76.7955,-130.5217,0.0201,-43.7427,-8.9718,-0.2126,-139.0793,16.7481,171.9773,74.9829,30.1252
9.3700,23.5576,76.3581,-130.6114,0.0181,-45.1114,-8.7835,-0.1914,-134.4171,20.8516,171.9744,74.9824,28.8325
9.3800,23.5578,75.9069,-130.6992,0.0163,-46.4310,-8.5547,-0.1722,-129.2498,24.8415,171.9715,74.9817,27.5102
9.3900,23.5580,75.4426,-130.7848,0.0147,-47.6964,-8.2867,-0.1550,-123.5776,28.6876,171.9686,74.9811,26.1601
9.4000,23.5581,74.9657,-130.8676,0.0132,-48.9026,-7.9810,-0.1395,-117.4037,32.3605,171.9659,74.9804,24.7844
9.4100,23.5583,74.4766,-130.9475,0.0119,-50.0445,-7.6395,-0.1256,-110.7347,35.8325,171.9632,74.9797,23.3850
9.4200,23.5584,73.9762,-131.0238,0.0107,-51.1173,-7.2643,-0.1130,-103.5808,39.0770,171.9606,74.9790,21.9643
9.4300,23.5585,73.4650,-131.0965,0.0096,-52.1161,-6.8580,-0.1017,-95.9560,42.0695,171.9580,74.9783,20.5243
9.4400,23.5586,72.9439,-131.1651,0.0087,-53.0364,-6.4230,-0.0915,-87.8780,44.7873,171.9556,74.9775,19.0674
9.4500,23.5587,72.4135,-131.2293,0.0078,-53.8737,-5.9622,-0.0824,-79.3686,47.2099,171.9533,74.9769,17.5959
9.4600,23.5587,71.8748,-131.2889,0.0070,-54.6238,-5.4788,-0.0741,-70.4531,49.3195,171.9511,74.9762,16.1120
9.4700,23.5588,71.3285,-131.3437,0.0063,-55.2827,-4.9758,-0.0667,-61.1605,51.1004,171.9491,74.9755,14.6181
9.4800,23.5589,70.7757,-131.3935,0.0057,-55.8470,-4.4567,-0.0601,-51.5234,52.5402,171.9471,74.9749,13.1167
9.4900,23.5589,70.2172,-131.4380,0.0051,-56.3132,-3.9250,-0.0541,-41.5776,53.6291,171.9454,74.9743,11.6102
9.5000,23.5590,69.6541,-131.4773,0.0046,-56.6785,-3.3842,-0.0486,-31.3617,54.3601,171.9437,74.9738,10.1009
9.5100,23.5590,69.0873,-131.5111,0.0041,-56.9404,-2.8378,-0.0438,-20.9171,54.7298,171.9423,74.9734,8.5913
9.5200,23.5591,68.5179,-131.5395,0.0037,-57.0969,-2.2896,-0.0394,-10.2875,54.7374,171.9410,74.9729,7.0838
9.5300,23.5591,67.9469,-131.5624,0.0034,-57.1462,-1.7431,-0.0355,0.4818,54.3855,171.9399,74.9726,5.5809
9.5400,23.5591,67.3755,-131.5798,0.0030,-57.0872,-1.2019,-0.0319,11.3440,53.6796,171.9389,74.9723,4.0849
9.5500,23.5592,66.8046,-131.5918,0.0027,-56.9193,-0.6695,-0.0287,22.2514,52.6286,171.9382,74.9721,2.5983
9.5600,23.5592,66.2354,-131.5985,0.0024,-56.6422,-0.1493,-0.0259,33.1555,51.2438,171.9376,74.9719,1.1234
9.5700,23.5592,65.6690,-131.6000,0.0022,-56.2562,0.3554,-0.0233,44.0082,49.5397,171.9372,74.9718,-0.3375
9.5800,23.5592,65.1064,-131.5965,0.0020,-55.7620,0.8415,-0.0209,54.7613,47.5334,171.9370,74.9718,-1.7819
9.5900,23.5593,64.5488,-131.5881,0.0018,-55.1610,1.3061,-0.0188,65.3677,45.2445,171.9370,74.9719,-3.2077
9.6000,23.5593,63.9972,-131.5750,0.0016,-54.4547,1.7464,-0.0170,75.7810,42.6946,171.9372,74.9720,-4.6126
9.6100,23.5593,63.4526,-131.5575,0.0014,-53.6454,2.1600,-0.0153,85.9566,39.9078,171.9375,74.9722,-5.9945
9.6200,23.5593,62.9162,-131.5359,0.0013,-52.7356,2.5446,-0.0137,95.8511,36.9095,171.9380,74.9725,-7.3512
9.6300,23.5593,62.3888,-131.5105,0.0012,-51.7283,2.8982,-0.0124,105.4233,33.7272,171.9388,74.9729,-8.6807
9.6400,23.5593,61.8716,-131.4815,0.0011,-50.6271,3.2191,-0.0111,114.6338,30.3892,171.9396,74.9733,-9.9809
9.6500,23.5593,61.3653,-131.4493,0.0009,-49.4357,3.5059,-0.0100,123.4454,26.9251,171.9407,74.9738,-11.2501
9.6600,23.5594,60.8709,-131.4143,0.0009,-48.1582,3.7576,-0.0090,131.8232,23.3650,171.9418,74.9743,-12.4863
9.6700,23.5594,60.3893,-131.3767,0.0008,-46.7992,3.9732,-0.0081,139.7343,19.7397,171.9432,74.9749,-13.6878
9.6800,23.5594,59.9214,-131.3370,0.0007,-45.3635,4.1524,-0.0073,147.1479,16.0800,171.9446,74.9756,-14.8530
9.6900,23.5594,59.4677,-131.2954,0.0006,-43.8562,4.2948,-0.0066,154.0354,12.4167,171.9462,74.9763,-15.9804
9.7000,23.5594,59.0292,-131.2525,0.0006,-42.2828,4.4007,-0.0059,160.3701,8.7802,171.9479,74.9771,-17.0684
9.7100,23.5594,58.6063,-131.2085,0.0005,-40.6488,4.4704,-0.0053,166.1272,5.2003,171.9497,74.9779,-18.1158
9.7200,23.5594,58.1998,-131.1638,0.0005,-38.9603,4.5047,-0.0048,171.2834,1.7060,171.9516,74.9787,-19.1213
9.7300,23.5594,57.8102,-131.1187,0.0004,-37.2232,4.5046,-0.0043,175.8168,-1.6748,171.9535,74.9796,-20.0838
9.7400,23.5594,57.4380,-131.0737,0.0004,-35.4439,4.4712,-0.0039,179.7070,-4.9155,171.9556,74.9805,-21.0024
9.7500,23.5594,57.0836,-131.0290,0.0003,-33.6290,4.4063,-0.0035,182.9345,-7.9909,171.9576,74.9814,-21.8762
9.7600,23.5594,56.7473,-130.9849,0.0003,-31.7852,4.3114,-0.0031,185.4806,-10.8775,171.9597,74.9823,-22.7046
9.7700,23.5594,56.4294,-130.9418,0.0003,-29.9194,4.1887,-0.0028,187.3274,-13.5536,171.9618,74.9833,-23.4869
9.7800,23.5594,56.1302,-130.8999,0.0002,-28.0387,4.0403,-0.0025,188.4572,-15.9994,171.9640,74.9842,-24.2228
9.7900,23.5594,55.8498,-130.8595,0.0002,-26.1503,3.8687,-0.0023,188.8530,-18.1974,171.9661,74.9851,-24.9120
9.8000,23.5594,55.5883,-130.8208,0.0002,-24.2616,3.6764,-0.0021,188.4975,-20.1320,171.9682,74.9861,-25.5545
9.8100,23.5594,55.3457,-130.7840,0.0002,-22.3803,3.4661,-0.0019,187.3735,-21.7900,171.9703,74.9870,-26.1503
9.8200,23.5594,55.1219,-130.7494,0.0002,-20.5141,3.2406,-0.0017,185.4639,-23.1607,171.9723,74.9879,-26.6997
9.8300,23.5594,54.9168,-130.7170,0.0001,-18.6710,3.0029,-0.0015,182.7509,-24.2357,171.9743,74.9887,-27.2031
9.8400,23.5594,54.7301,-130.6870,0.0001,-16.8591,2.7559,-0.0014,179.2167,-25.0088,171.9762,74.9896,-27.6611
9.8500,23.5594,54.5615,-130.6594,0.0001,-15.0867,2.5027,-0.0012,174.8428,-25.4765,171.9780,74.9904,-28.0745
9.8600,23.5594,54.4106,-130.6344,0.0001,-13.3623,2.2464,-0.0011,169.6105,-25.6376,171.9798,74.9912,-28.4444
9.8700,23.5594,54.2770,-130.6119,0.0001,-11.6945,1.9899,-0.0010,163.5004,-25.4930,171.9815,74.9919,-28.7719
9.8800,23.5594,54.1600,-130.5920,0.0001,-10.0923,1.7365,-0.0009,156.4927,-25.0461,171.9831,74.9926,-29.0585
9.8900,23.5594,54.0591,-130.5746,0.0001,-8.5646,1.4890,-0.0008,148.5672,-24.3022,171.9846,74.9933,-29.3058
9.9000,23.5594,53.9735,-130.5597,0.0001,-7.1209,1.2505,-0.0007,139.7031,-23.2684,171.9860,74.9939,-29.5156
9.9100,23.5594,53.9023,-130.5472,0.0001,-5.7706,1.0237,-0.0006,129.8793,-21.9535,171.9873,74.9944,-29.6900
9.9200,23.5594,53.8446,-130.5370,0.0001,-4.5233,0.8114,-0.0006,119.0743,-20.3677,171.9885,74.9950,-29.8312
9.9300,23.5594,53.7993,-130.5289,0.0000,-3.3891,0.6163,-0.0005,107.2663,-18.5221,171.9896,74.9955,-29.9419
9.9400,23.5594,53.7654,-130.5227,0.0000,-2.3780,0.4409,-0.0005,94.4333,-16.4287,171.9906,74.9959,-30.0248
9.9500,23.5594,53.7417,-130.5183,0.0000,-1.5004,0.2877,-0.0004,80.5528,-14.0992,171.9916,74.9963,-30.0829
9.9600,23.5594,53.7267,-130.5154,0.0000,-0.7670,0.1590,-0.0004,65.6025,-11.5452,171.9924,74.9967,-30.1195
9.9700,23.5594,53.7190,-130.5139,0.0000,-0.1884,0.0568,-0.0003,49.5597,-8.7773,171.9932,74.9970,-30.1381
9.9800,23.5594,53.7171,-130.5133,0.0000,0.2242,-0.0166,-0.0003,32.4017,-5.8043,171.9938,74.9973,-30.1426
9.9900,23.5594,53.7193,-130.5135,0.0000,0.4597,-0.0593,-0.0001,11.7705,-2.1338,171.9945,74.9976,-30.1369
10.0000,23.5594,53.7239,-130.5140,0.0000,0.4597,-0.0593,0.0000,0.0000,0.0000,171.9950,74.9978,-30.1255
10.0100,23.5594,53.7290,-130.5147,0.0000,0.5548,-0.0793,-0.0002,14.7496,-2.6988,171.9955,74.9980,-30.1130
10.0200,23.5594,53.7346,-130.5155,0.0000,0.8013,-0.1232,-0.0002,33.8901,-5.9645,171.9960,74.9982,-30.0992
10.0300,23.5594,53.7426,-130.5168,0.0000,1.2326,-0.1986,-0.0002,51.7157,-8.9943,171.9964,74.9984,-30.0795
10.0400,23.5594,53.7549,-130.5187,0.0000,1.8357,-0.3031,-0.0002,68.2692,-11.7873,171.9967,74.9986,-30.0491
10.0500,23.5594,53.7732,-130.5218,0.0000,2.5980,-0.4343,-0.0001,83.5913,-14.3389,171.9970,74.9987,-30.0040
10.0600,23.5594,53.7992,-130.5261,0.0000,3.5075,-0.5899,-0.0001,97.7207,-16.6419,171.9973,74.9988,-29.9402
10.0700,23.5594,53.8343,-130.5320,0.0000,4.5524,-0.7672,-0.0001,110.6943,-18.6878,171.9976,74.9989,-29.8541
10.0800,23.5594,53.8798,-130.5397,0.0000,5.7214,-0.9636,-0.0001,122.5471,-20.4674,171.9978,74.9990,-29.7423
10.0900,23.5594,53.9370,-130.5493,0.0000,7.0033,-1.1765,-0.0001,133.3130,-21.9710,171.9979,74.9991,-29.6019
10.1000,23.5594,54.0071,-130.5611,0.0000,8.3876,-1.4031,-0.0001,143.0242,-23.1896,171.9980,74.9991,-29.4300
10.1100,23.5594,54.0909,-130.5751,0.0000,9.8638,-1.6403,-0.0001,151.7115,-24.1150,171.9981,74.9992,-29.2242
10.1200,23.5594,54.1896,-130.5915,0.0000,11.4219,-1.8854,-0.0001,159.4045,-24.7403,171.9981,74.9992,-28.9821
10.1300,23.5594,54.3038,-130.6104,0.0000,13.0519,-2.1351,-0.0001,166.1315,-25.0601,171.9981,74.9992,-28.7017
10.1400,23.5594,54.4343,-130.6317,0.0000,14.7445,-2.3866,-0.0001,171.9197,-25.0710,171.9979,74.9991,-28.3813
10.1500,23.5594,54.5818,-130.6556,0.0000,16.4903,-2.6366,-0.0001,176.7951,-24.7714,171.9977,74.9990,-28.0194
10.1600,23.5594,54.7467,-130.6820,0.0000,18.2804,-2.8820,-0.0000,180.7826,-24.1621,171.9974,74.9989,-27.6145
10.1700,23.5594,54.9295,-130.7108,0.0000,20.1060,-3.1198,-0.0000,183.9061,-23.2461,171.9971,74.9987,-27.1656
10.1800,23.5594,55.1305,-130.7420,0.0000,21.9585,-3.3469,-0.0000,186.1886,-22.0288,171.9966,74.9985,-26.6717
10.1900,23.5594,55.3501,-130.7755,0.0000,23.8297,-3.5604,-0.0000,187.6523,-20.5179,171.9960,74.9983,-26.1322
10.2000,23.5594,55.5884,-130.8111,0.0000,25.7116,-3.7573,-0.0000,188.3186,-18.7236,171.9954,74.9980,-25.5465
10.2100,23.5594,55.8455,-130.8486,0.0000,27.5961,-3.9348,-0.0000,188.2084,-16.6583,171.9946,74.9976,-24.9143
10.2200,23.5594,56.1215,-130.8880,0.0000,29.4757,-4.0904,-0.0000,187.3422,-14.3367,171.9937,74.9972,-24.2355
10.2300,23.5594,56.4163,-130.9289,0.0000,31.3430,-4.2216,-0.0000,185.7401,-11.7760,171.9927,74.9968,-23.5100
10.2400,23.5594,56.7297,-130.9711,0.0000,33.1905,-4.3260,-0.0000,183.4223,-8.9952,171.9915,74.9963,-22.7381
10.2500,23.5594,57.0616,-131.0144,0.0000,35.0114,-4.4015,-0.0000,180.4088,-6.0153,171.9903,74.9958,-21.9202
10.2600,23.5594,57.4117,-131.0584,0.0000,36.7987,-4.4463,-0.0000,176.7202,-2.8594,171.9890,74.9952,-21.0566
10.2700,23.5594,57.7797,-131.1028,0.0000,38.5458,-4.4587,-0.0000,172.3775,0.4480,171.9875,74.9945,-20.1482
10.2800,23.5594,58.1651,-131.1474,0.0000,40.2463,-4.4373,-0.0000,167.4025,3.8806,171.9859,74.9939,-19.1956
10.2900,23.5594,58.5676,-131.1918,0.0000,41.8939,-4.3811,-0.0000,161.8177,7.4110,171.9842,74.9931,-18.1999
10.3000,23.5594,58.9865,-131.2356,0.0000,43.4826,-4.2891,-0.0000,155.6471,11.0106,171.9825,74.9923,-17.1620
10.3100,23.5594,59.4214,-131.2785,0.0000,45.0068,-4.1608,-0.0000,148.9158,14.6498,171.9806,74.9915,-16.0832
10.3200,23.5594,59.8714,-131.3201,0.0000,46.4609,-3.9961,-0.0000,141.6505,18.2985,171.9786,74.9907,-14.9648
10.3300,23.5594,60.3361,-131.3601,0.0000,47.8398,-3.7949,-0.0000,133.8798,21.9259,171.9766,74.9898,-13.8081
10.3400,23.5594,60.8144,-131.3980,0.0000,49.1385,-3.5576,-0.0000,125.6339,25.5012,171.9745,74.9889,-12.6148
10.3500,23.5594,61.3058,-131.4336,0.0000,50.3525,-3.2849,-0.0000,116.9450,28.9937,171.9724,74.9880,-11.3864
10.3600,23.5594,61.8094,-131.4664,0.0000,51.4774,-2.9777,-0.0000,107.8475,32.3729,171.9702,74.9870,-10.1247
10.3700,23.5594,62.3241,-131.4962,0.0000,52.5094,-2.6374,-0.0000,98.3776,35.6092,171.9680,74.9860,-8.8314
10.3800,23.5594,62.8492,-131.5226,0.0000,53.4450,-2.2655,-0.0000,88.5739,38.6734,171.9657,74.9851,-7.5084
10.3900,23.5594,63.3837,-131.5452,0.0000,54.2809,-1.8639,-0.0000,78.4765,41.5380,171.9635,74.9841,-6.1578
10.4000,23.5594,63.9265,-131.5639,0.0000,55.0145,-1.4348,-0.0000,68.1279,44.1765,171.9613,74.9831,-4.7815
10.4100,23.5594,64.4766,-131.5782,0.0000,55.6435,-0.9804,-0.0000,57.5718,46.5643,171.9590,74.9821,-3.3816
10.4200,23.5594,65.0331,-131.5880,0.0000,56.1659,-0.5035,-0.0000,46.8538,48.6788,171.9569,74.9812,-1.9603
10.4300,23.5594,65.5947,-131.5931,0.0000,56.5805,-0.0068,-0.0000,36.0203,50.4993,171.9547,74.9803,-0.5199
10.4400,23.5594,66.1605,-131.5931,0.0000,56.8863,0.5065,-0.0000,25.1190,52.0077,171.9527,74.9794,0.9375
10.4500,23.5594,66.7294,-131.5881,0.0000,57.0829,1.0333,-0.0000,14.1978,53.1884,171.9507,74.9785,2.4096
10.4600,23.5594,67.3002,-131.5777,0.0000,57.1703,1.5703,-0.0000,3.3050,54.0285,171.9488,74.9777,3.8939
10.4700,23.5594,67.8719,-131.5620,0.0000,57.1490,2.1139,-0.0000,-7.5116,54.5182,171.9470,74.9769,5.3882
10.4800,23.5594,68.4434,-131.5409,0.0000,57.0201,2.6606,-0.0000,-18.2046,54.6503,171.9453,74.9761,6.8900
10.4900,23.5594,69.0136,-131.5143,0.0000,56.7849,3.2069,-0.0000,-28.7280,54.4209,171.9437,74.9754,8.3969
10.5000,23.5594,69.5815,-131.4822,0.0000,56.4455,3.7491,-0.0000,-39.0373,53.8293,171.9422,74.9748,9.9065
10.5100,23.5594,70.1459,-131.4447,0.0000,56.0042,4.2835,-0.0000,-49.0899,52.8777,171.9409,74.9742,11.4164
10.5200,23.5594,70.7060,-131.4019,0.0000,55.4637,4.8066,-0.0000,-58.8457,51.5716,171.9398,74.9737,12.9241
10.5300,23.5594,71.2606,-131.3538,0.0000,54.8273,5.3149,-0.0000,-68.2672,49.9193,171.9388,74.9733,14.4273
10.5400,23.5594,71.8089,-131.3007,0.0000,54.0984,5.8050,-0.0000,-77.3203,47.9323,171.9379,74.9729,15.9235
10.5500,23.5594,72.3499,-131.2426,0.0000,53.2809,6.2736,-0.0000,-85.9738,45.6248,171.9372,74.9726,17.4103
10.5600,23.5594,72.8827,-131.1799,0.0000,52.3789,6.7175,-0.0000,-94.2005,43.0136,171.9367,74.9724,18.8853
10.5700,23.5594,73.4065,-131.1127,0.0000,51.3969,7.1338,-0.0000,-101.9766,40.1181,171.9364,74.9723,20.3462
10.5800,23.5594,73.9204,-131.0414,0.0000,50.3394,7.5199,-0.0000,-109.2823,36.9600,171.9363,74.9722,21.7907
10.5900,23.5594,74.4238,-130.9662,0.0000,49.2112,7.8730,-0.0000,-116.1017,33.5632,171.9363,74.9722,23.2165
10.6000,23.5594,74.9159,-130.8875,0.0000,48.0173,8.1911,-0.0000,-122.4225,29.9532,171.9365,74.9723,24.6214
10.6100,23.5594,75.3961,-130.8055,0.0000,46.7628,8.4721,-0.0000,-128.2363,26.1574,171.9369,74.9725,26.0032
10.6200,23.5594,75.8637,-130.7208,0.0000,45.4526,8.7143,-0.0000,-133.5381,22.2045,171.9375,74.9727,27.3598
10.6300,23.5594,76.3183,-130.6337,0.0000,44.0920,8.9162,-0.0000,-138.3263,18.1242,171.9382,74.9731,28.6891
10.6400,23.5594,76.7592,-130.5445,0.0000,42.6861,9.0768,-0.0000,-142.6026,13.9472,171.9391,74.9735,29.9892
10.6500,23.5594,77.1860,-130.4537,0.0000,41.2399,9.1951,-0.0000,-146.3710,9.7048,171.9402,74.9739,31.2582
10.6600,23.5594,77.5984,-130.3618,0.0000,39.7587,9.2709,-0.0000,-149.6384,5.4288,171.9414,74.9744,32.4942
10.6700,23.5594,77.9960,-130.2691,0.0000,38.2472,9.3037,-0.0000,-152.4134,1.1508,171.9427,74.9750,33.6955
10.6800,23.5594,78.3785,-130.1761,0.0000,36.7104,9.2939,-0.0000,-154.7066,-3.0974,171.9442,74.9757,34.8605
10.6900,23.5594,78.7456,-130.0831,0.0000,35.1530,9.2418,-0.0000,-156.5297,-7.2844,171.9458,74.9764,35.9875
10.7000,23.5594,79.0971,-129.9907,0.0000,33.5798,9.1482,-0.0000,-157.8951,-11.3794,171.9475,74.9771,37.0753
10.7100,23.5594,79.4329,-129.8992,0.0000,31.9951,9.0142,-0.0000,-158.8160,-15.3523,171.9493,74.9779,38.1223
10.7200,23.5594,79.7529,-129.8091,0.0000,30.4035,8.8411,-0.0000,-159.3054,-19.1741,171.9512,74.9787,39.1275
10.7300,23.5594,80.0569,-129.7207,0.0000,28.8090,8.6307,-0.0000,-159.3759,-22.8166,171.9532,74.9796,40.0898
10.7400,23.5594,80.3450,-129.6344,0.0000,27.2160,8.3848,-0.0000,-159.0396,-26.2531,171.9553,74.9805,41.0080
10.7500,23.5594,80.6172,-129.5505,0.0000,25.6282,8.1056,-0.0000,-158.3072,-29.4584,171.9573,74.9814,41.8815
10.7600,23.5594,80.8734,-129.4694,0.0000,24.0498,7.7956,-0.0000,-157.1882,-32.4087,171.9595,74.9823,42.7096
10.7700,23.5594,81.1139,-129.3915,0.0000,22.4845,7.4575,-0.0000,-155.6902,-35.0820,171.9616,74.9833,43.4916
10.7800,23.5594,81.3388,-129.3169,0.0000,20.9360,7.0940,-0.0000,-153.8189,-37.4582,171.9637,74.9842,44.2272
10.7900,23.5594,81.5481,-129.2460,0.0000,19.4081,6.7083,-0.0000,-151.5774,-39.5189,171.9659,74.9851,44.9161
10.8000,23.5594,81.7422,-129.1789,0.0000,17.9045,6.3036,-0.0000,-148.9665,-41.2478,171.9680,74.9860,45.5583
10.8100,23.5594,81.9213,-129.1159,0.0000,16.4288,5.8833,-0.0000,-145.9844,-42.6309,171.9701,74.9870,46.1539
10.8200,23.5594,82.0856,-129.0570,0.0000,14.9848,5.4510,-0.0000,-142.6261,-43.6559,171.9721,74.9878,46.7030
10.8300,23.5594,82.2354,-129.0025,0.0000,13.5763,5.0102,-0.0000,-138.8840,-44.3130,171.9741,74.9887,47.2061
10.8400,23.5594,82.3712,-128.9524,0.0000,12.2071,4.5647,-0.0000,-134.7472,-44.5944,171.9760,74.9896,47.6639
10.8500,23.5594,82.4932,-128.9068,0.0000,10.8813,4.1183,-0.0000,-130.2019,-44.4945,171.9779,74.9904,48.0771
10.8600,23.5594,82.6021,-128.8656,0.0000,9.6031,3.6749,-0.0000,-125.2312,-44.0098,171.9797,74.9911,48.4467
10.8700,23.5594,82.6981,-128.8288,0.0000,8.3767,3.2381,-0.0000,-119.8153,-43.1389,171.9814,74.9919,48.7741
10.8800,23.5594,82.7819,-128.7965,0.0000,7.2067,2.8121,-0.0000,-113.9314,-41.8823,171.9830,74.9926,49.0605
10.8900,23.5594,82.8539,-128.7683,0.0000,6.0981,2.4005,-0.0000,-107.5543,-40.2424,171.9845,74.9932,49.3076
10.9000,23.5594,82.9149,-128.7443,0.0000,5.0557,2.0072,-0.0000,-100.6561,-38.2232,171.9859,74.9939,49.5172
10.9100,23.5594,82.9655,-128.7243,0.0000,4.0849,1.6360,-0.0000,-93.2069,-35.8302,171.9872,74.9944,49.6914
10.9200,23.5594,83.0063,-128.7079,0.0000,3.1915,1.2906,-0.0000,-85.1752,-33.0701,171.9884,74.9950,49.8326
10.9300,23.5594,83.0382,-128.6950,0.0000,2.3814,0.9746,-0.0000,-76.5278,-29.9505,171.9896,74.9954,49.9431
10.9400,23.5594,83.0620,-128.6852,0.0000,1.6610,0.6916,-0.0000,-67.2308,-26.4796,171.9906,74.9959,50.0259
10.9500,23.5594,83.0786,-128.6783,0.0000,1.0368,0.4450,-0.0000,-57.2501,-22.6655,171.9915,74.9963,50.0839
10.9600,23.5594,83.0890,-128.6739,0.0000,0.5160,0.2383,-0.0000,-46.5517,-18.5163,171.9924,74.9967,50.1204
10.9700,23.5594,83.0942,-128.6715,0.0000,0.1058,0.0747,-0.0000,-35.1028,-14.0387,171.9931,74.9970,50.1389
10.9800,23.5594,83.0952,-128.6707,0.0000,-0.1861,-0.0425,-0.0000,-22.8725,-9.2383,171.9938,74.9973,50.1433
10.9900,23.5594,83.0934,-128.6712,0.0000,-0.3517,-0.1101,-0.0000,-8.2791,-3.3789,171.9944,74.9976,50.1375
11.0000,23.5594,83.0899,-128.6723,0.0000,-0.3517,-0.1101,0.0000,0.0000,0.0000,171.9950,74.9978,50.1261
11.0100,23.5594,83.0860,-128.6735,0.1293,-0.2583,-0.2134,25.5272,20.6539,-18.7619,171.9955,74.9980,50.1135
11.0200,23.5607,83.0834,-128.6757,0.5105,0.0303,-0.5001,49.8865,36.5222,-37.9075,171.9915,75.0009,50.1021
11.0300,23.5658,83.0837,-128.6807,1.1270,0.4722,-0.9715,72.6194,51.3112,-55.7270,171.9743,75.0116,50.0919
11.0400,23.5771,83.0885,-128.6904,1.9629,1.0566,-1.6146,93.8064,65.0395,-72.2328,171.9357,75.0351,50.0827
11.0500,23.5967,83.0990,-128.7065,3.0032,1.7730,-2.4162,113.5352,77.7204,-87.4275,171.8683,75.0758,50.0744
11.0600,23.6268,83.1168,-128.7307,4.2336,2.6110,-3.3632,131.8974,89.3636,-101.3065,171.7651,75.1379,50.0670
11.0700,23.6691,83.1429,-128.7643,5.6411,3.5602,-4.4423,148.9866,99.9762,-113.8611,171.6194,75.2253,50.0603
11.0800,23.7255,83.1785,-128.8087,7.2134,4.6105,-5.6404,164.8965,109.5632,-125.0795,171.4255,75.3416,50.0542
11.0900,23.7977,83.2246,-128.8651,8.9391,5.7515,-6.9439,179.7190,118.1286,-134.9493,171.1778,75.4900,50.0487
11.1000,23.8870,83.2821,-128.9346,10.8077,6.9731,-8.3394,193.5428,125.6754,-143.4589,170.8712,75.6735,50.0438
11.1100,23.9951,83.3518,-129.0180,12.8099,8.2650,-9.8131,206.4526,132.2067,-150.5984,170.5013,75.8947,50.0393
11.1200,24.1232,83.4345,-129.1161,14.9368,9.6172,-11.3513,218.5274,137.7251,-156.3606,170.0641,76.1561,50.0352
11.1300,24.2726,83.5307,-129.2296,17.1805,11.0195,-12.9403,229.8404,142.2335,-160.7421,169.5558,76.4597,50.0314
11.1400,24.4444,83.6408,-129.3590,19.5336,12.4619,-14.5662,240.4579,145.7348,-163.7438,168.9732,76.8076,50.0279
11.1500,24.6397,83.7655,-129.5047,21.9896,13.9342,-16.2152,250.4389,148.2324,-165.3712,168.3137,77.2012,50.0247
11.1600,24.8596,83.9048,-129.6668,24.5424,15.4265,-17.8736,259.8344,149.7296,-165.6350,167.5747,77.6421,50.0217
11.1700,25.1050,84.0591,-129.8456,27.1863,16.9288,-19.5279,268.6874,150.2302,-164.5511,166.7542,78.1313,50.0189
11.1800,25.3769,84.2284,-130.0408,29.9161,18.4311,-21.1646,277.0321,149.7381,-162.1412,165.8507,78.6698,50.0163
11.1900,25.6761,84.4127,-130.2525,32.7269,19.9236,-22.7707,284.8940,148.2574,-158.4324,164.8629,79.2584,50.0137
11.2000,26.0033,84.6119,-130.4802,35.6140,21.3963,-24.3333,292.2893,145.7923,-153.4575,163.7898,79.8975,50.0113
11.2100,26.3595,84.8259,-130.7235,38.5727,22.8394,-25.8399,299.2250,142.3475,-147.2552,162.6310,80.5874,50.0089
11.2200,26.7452,85.0543,-130.9819,41.5985,24.2432,-27.2784,305.6983,137.9279,-139.8696,161.3860,81.3283,50.0066
11.2300,27.1612,85.2967,-131.2547,44.6867,25.5980,-28.6372,311.6969,132.5391,-131.3506,160.0551,82.1202,50.0044
11.2400,27.6081,85.5527,-131.5411,47.8324,26.8940,-29.9054,317.1983,126.1874,-121.7535,158.6386,82.9627,50.0022
11.2500,28.0864,85.8216,-131.8401,51.0307,28.1217,-31.0723,322.1705,118.8803,-111.1394,157.1371,83.8554,50.0000
11.2600,28.5967,86.1028,-132.1509,54.2759,29.2716,-32.1282,326.5712,110.6273,-99.5747,155.5517,84.7979,49.9978
11.2700,29.1395,86.3955,-132.4721,57.5621,30.3343,-33.0638,330.3485,101.4398,-87.1312,153.8835,85.7893,49.9957
11.2800,29.7151,86.6989,-132.8028,60.8828,31.3004,-33.8708,333.4408,91.3326,-73.8862,152.1341,86.8288,49.9937
11.2900,30.3239,87.0119,-133.1415,64.2309,32.1609,-34.5415,335.7774,80.3244,-59.9223,150.3051,87.9153,49.9916
11.3000,30.9662,87.3335,-133.4869,67.5984,32.9069,-35.0692,337.2789,68.4390,-45.3273,148.3986,89.0478,49.9896
11.3100,31.6422,87.6626,-133.8376,70.9765,33.5297,-35.4481,337.8582,55.7064,-30.1943,146.4167,90.2248,49.9877
11.3200,32.3520,87.9979,-134.1921,74.3555,34.0210,-35.6731,337.4214,42.1643,-14.6214,144.3618,91.4451,49.9859
11.3300,33.0955,88.3381,-134.5488,77.7249,34.3730,-35.7405,335.8691,27.8596,1.2883,142.2366,92.7070,49.9841
11.3400,33.8728,88.6818,-134.9062,81.0729,34.5782,-35.6474,333.0982,12.8494,17.4272,140.0439,94.0090,49.9825
11.3500,34.6835,89.0276,-135.2627,84.3869,34.6300,-35.3920,329.0041,-2.7970,33.6830,137.7867,95.3493,49.9810
11.3600,35.5274,89.3739,-135.6166,87.6530,34.5223,-34.9737,323.4828,-18.9967,49.9398,135.4681,96.7261,49.9796
11.3700,36.4039,89.7191,-135.9663,90.8565,34.2500,-34.3932,316.4339,-35.6526,66.0781,133.0914,98.1374,49.9783
11.3800,37.3125,90.0616,-136.3103,93.9817,33.8092,-33.6521,307.7634,-52.6513,81.9757,130.6602,99.5813,49.9773
11.3900,38.2523,90.3997,-136.6468,97.0118,33.1970,-32.7537,297.3873,-69.8636,97.5085,128.1780,101.0556,49.9764
11.4000,39.2224,90.7317,-136.9743,99.9294,32.4119,-31.7020,285.2352,-87.1436,112.5514,125.6485,102.5582,49.9758
11.4100,40.2217,91.0558,-137.2914,102.7165,31.4541,-30.5026,271.2540,-104.3297,126.9798,123.0757,104.0869,49.9753
11.4200,41.2488,91.3703,-137.5964,105.3545,30.3254,-29.1624,255.4114,-121.2451,140.6705,120.4635,105.6393,49.9751
11.4300,42.3024,91.6736,-137.8880,107.8247,29.0292,-27.6892,237.6995,-137.7008,153.5032,117.8159,107.2132,49.9750
11.4400,43.3806,91.9639,-138.1649,110.1085,27.5713,-26.0923,218.1380,-153.4974,165.3624,115.1371,108.8061,49.9752
11.4500,44.4817,92.2396,-138.4258,112.1875,25.9593,-24.3820,196.7768,-168.4294,176.1389,112.4313,110.4155,49.9756
11.4600,45.6036,92.4992,-138.6696,114.0440,24.2028,-22.5695,173.6977,-182.2892,185.7312,109.7028,112.0389,49.9762
11.4700,46.7440,92.7412,-138.8953,115.6614,22.3135,-20.6673,149.0157,-194.8728,194.0479,106.9561,113.6739,49.9770
11.4800,47.9007,92.9644,-139.1020,117.0243,20.3053,-18.6886,122.8786,-205.9849,201.0085,104.1953,115.3179,49.9779
11.4900,49.0709,93.1674,-139.2889,118.1190,18.1938,-16.6472,95.4658,-215.4449,206.5456,101.4251,116.9683,49.9790
11.5000,50.2521,93.3493,-139.4554,118.9337,15.9964,-14.5577,66.9859,-223.0929,210.6061,98.6499,118.6224,49.9802
11.5100,51.4414,93.5093,-139.6009,119.4587,13.7319,-12.4350,37.6730,-228.7954,213.1522,95.8741,120.2776,49.9815
11.5200,52.6360,93.6466,-139.7253,119.6871,11.4205,-10.2946,7.7819,-232.4497,214.1625,93.1022,121.9314,49.9828
11.5300,53.8329,93.7608,-139.8282,119.6144,9.0830,-8.1518,-22.4177,-233.9885,213.6323,90.3387,123.5810,49.9842
11.5400,55.0290,93.8517,-139.9098,119.2388,6.7407,-6.0220,-52.6474,-233.3825,211.5744,87.5882,125.2239,49.9856
11.5500,56.2214,93.9191,-139.9700,118.5614,4.4153,-3.9203,-82.6269,-230.6416,208.0184,84.8549,126.8573,49.9869
11.5600,57.4070,93.9632,-140.0092,117.5862,2.1279,-1.8616,-112.0813,-225.8154,203.0105,82.1434,128.4788,49.9881
11.5700,58.5829,93.9845,-140.0278,116.3198,-0.1010,0.1399,-140.7472,-218.9909,196.6131,79.4579,130.0856,49.9893
11.5800,59.7461,93.9835,-140.0264,114.7713,-2.2519,2.0707,-168.3794,-210.2907,188.9031,76.8028,131.6753,49.9904
11.5900,60.8938,93.9610,-140.0057,112.9522,-4.3068,3.9180,-194.7560,-199.8679,179.9712,74.1823,133.2454,49.9913
11.6000,62.0233,93.9179,-139.9665,110.8762,-6.2493,5.6701,-219.6824,-187.9016,169.9199,71.6005,134.7932,49.9921
11.6100,63.1321,93.8554,-139.9098,108.5586,-8.0649,7.3164,-242.9950,-174.5913,158.8621,69.0614,136.3165,49.9928
11.6200,64.2177,93.7748,-139.8366,106.0163,-9.7411,8.8473,-264.5625,-160.1504,146.9190,66.5689,137.8129,49.9934
11.6300,65.2778,93.6774,-139.7482,103.2673,-11.2679,10.2547,-284.2871,-144.8005,134.2185,64.1269,139.2800,49.9938
11.6400,66.3105,93.5647,-139.6456,100.3305,-12.6371,11.5317,-302.1033,-128.7655,120.8929,61.7391,140.7156,49.9940
11.6500,67.3138,93.4383,-139.5303,97.2252,-13.8432,12.6726,-317.9767,-112.2665,107.0777,59.4088,142.1176,49.9942
11.6600,68.2861,93.2999,-139.4036,93.9710,-14.8825,13.6732,-331.9014,-95.5168,92.9089,57.1396,143.4840,49.9943
11.6700,69.2258,93.1510,-139.2668,90.5872,-15.7535,14.5308,-343.8968,-78.7184,78.5224,54.9346,144.8126,49.9942
11.6800,70.1316,92.9935,-139.1215,87.0931,-16.4568,15.2437,-354.0043,-62.0589,64.0515,52.7968,146.1018,49.9941
11.6900,71.0026,92.8289,-138.9691,83.5071,-16.9947,15.8118,-362.2826,-45.7097,49.6264,50.7291,147.3496,49.9940
11.7000,71.8377,92.6590,-138.8110,79.8474,-17.3710,16.2362,-368.8047,-29.8243,35.3726,48.7341,148.5546,49.9938
11.7100,72.6361,92.4853,-138.6486,76.1310,-17.5912,16.5193,-373.6531,-14.5380,21.4096,46.8142,149.7151,49.9936
11.7200,73.3974,92.3094,-138.4834,72.3743,-17.6618,16.6644,-376.9167,0.0319,7.8509,44.9717,150.8298,49.9934
11.7300,74.1212,92.1328,-138.3168,68.5927,-17.5905,16.6763,-378.6867,13.7858,-5.1973,43.2084,151.8973,49.9932
11.7400,74.8071,91.9568,-138.1500,64.8006,-17.3861,16.5605,-379.0541,26.6406,-17.6364,41.5262,152.9167,49.9930
11.7500,75.4551,91.7830,-137.9844,61.0116,-17.0577,16.3235,-378.1066,38.5286,-29.3761,39.9265,153.8868,49.9929
11.7600,76.0652,91.6124,-137.8212,57.2385,-16.6155,15.9729,-375.9262,49.3962,-40.3340,38.4106,154.8070,49.9928
11.7700,76.6376,91.4463,-137.6615,53.4931,-16.0698,15.5169,-372.5876,59.2021,-50.4366,36.9794,155.6765,49.9928
11.7800,77.1725,91.2856,-137.5063,49.7867,-15.4314,14.9642,-368.1564,67.9163,-59.6187,35.6336,156.4948,49.9928
11.7900,77.6704,91.1312,-137.3566,46.1300,-14.7115,14.3245,-362.6881,75.5184,-67.8240,34.3737,157.2617,49.9929
11.8000,78.1317,90.9841,-137.2134,42.5330,-13.9211,13.6077,-356.2269,81.9964,-75.0048,33.1997,157.9770,49.9930
11.8100,78.5570,90.8449,-137.0773,39.0054,-13.0715,12.8244,-348.8056,87.3454,-81.1219,32.1114,158.6407,49.9932
11.8200,78.9471,90.7142,-136.9491,35.5569,-12.1742,11.9853,-340.4448,91.5669,-86.1447,31.1083,159.2531,49.9934
11.8300,79.3027,90.5925,-136.8292,32.1965,-11.2402,11.1015,-331.1530,94.6676,-90.0512,30.1896,159.8147,49.9936
11.8400,79.6246,90.4801,-136.7182,28.9338,-10.2808,10.1843,-320.9269,96.6589,-92.8273,29.3541,160.3260,49.9939
11.8500,79.9140,90.3773,-136.6164,25.7780,-9.3070,9.2450,-309.7511,97.5560,-94.4670,28.6003,160.7881,49.9942
11.8600,80.1717,90.2842,-136.5239,22.7388,-8.3297,8.2949,-297.5992,97.3777,-94.9721,27.9263,161.2018,49.9946
11.8700,80.3991,90.2009,-136.4410,19.8260,-7.3595,7.3455,-284.4338,96.1459,-94.3518,27.3298,161.5686,49.9949
11.8800,80.5974,90.1273,-136.3675,17.0501,-6.4068,6.4079,-270.2075,93.8850,-92.6221,26.8083,161.8900,49.9953
11.8900,80.7679,90.0632,-136.3034,14.4219,-5.4818,5.4931,-254.8637,90.6220,-89.8056,26.3587,162.1677,49.9956
11.9000,80.9121,90.0084,-136.2485,11.9528,-4.5943,4.6118,-238.3372,86.3859,-85.9308,25.9777,162.4039,49.9960
11.9100,81.0316,89.9625,-136.2024,9.6551,-3.7541,3.7745,-220.5559,81.2071,-81.0311,25.6614,162.6007,49.9963
11.9200,81.1282,89.9249,-136.1646,7.5417,-2.9702,2.9912,-201.4416,75.1175,-75.1441,25.4056,162.7607,49.9967
11.9300,81.2036,89.8952,-136.1347,5.6263,-2.2517,2.2716,-180.9116,68.1497,-68.3104,25.2057,162.8867,49.9970
11.9400,81.2599,89.8727,-136.1120,3.9235,-1.6072,1.6250,-158.8801,60.3360,-60.5723,25.0565,162.9817,49.9973
11.9500,81.2991,89.8566,-136.0958,2.4487,-1.0450,1.0601,-135.2600,51.7080,-51.9723,24.9526,163.0491,49.9975
11.9600,81.3236,89.8462,-136.0852,1.2183,-0.5730,0.5855,-109.9649,42.2953,-42.5513,24.8879,163.0926,49.9978
11.9700,81.3358,89.8404,-136.0793,0.2494,-0.1991,0.2091,-82.9111,32.1239,-32.3463,24.8560,163.1159,49.9980
11.9800,81.3383,89.8385,-136.0772,-0.4400,0.0694,-0.0614,-54.0198,21.2148,-21.3882,24.8499,163.1234,49.9982
11.9900,81.3339,89.8392,-136.0778,-0.8310,0.2252,-0.2187,-19.5526,7.7891,-7.8621,24.8621,163.1195,49.9984
12.0000,81.3256,89.8414,-136.0800,-0.8310,0.2252,-0.2187,0.0000,0.0000,0.0000,24.8847,163.1091,49.9985
12.0100,81.3165,89.8440,-136.0826,-0.8140,0.1543,-0.2607,8.5841,-18.3961,-3.6799,24.9093,163.0972,49.9987
12.0200,81.3084,89.8456,-136.0852,-0.7327,-0.1068,-0.3290,7.7271,-33.3246,-9.7599,24.9313,163.0865,49.9964
12.0300,81.3011,89.8445,-136.0885,-0.6595,-0.5122,-0.4559,6.9556,-47.2630,-15.4113,24.9512,163.0768,49.9869
12.0400,81.2945,89.8394,-136.0930,-0.5936,-1.0521,-0.6372,6.2610,-60.2535,-20.6390,24.9691,163.0681,49.9658
12.0500,81.2885,89.8288,-136.0994,-0.5342,-1.7173,-0.8687,5.6356,-72.3419,-25.4441,24.9852,163.0603,49.9290
12.0600,81.2832,89.8117,-136.1081,-0.4808,-2.4989,-1.1461,5.0727,-83.5756,-29.8252,24.9996,163.0533,49.8727
12.0700,81.2784,89.7867,-136.1195,-0.4328,-3.3888,-1.4652,4.5659,-94.0033,-33.7794,25.0127,163.0469,49.7934
12.0800,81.2740,89.7528,-136.1342,-0.3895,-4.3790,-1.8217,4.1097,-103.6733,-37.3026,25.0244,163.0412,49.6877
12.0900,81.2701,89.7090,-136.1524,-0.3506,-5.4623,-2.2113,3.6991,-112.6330,-40.3906,25.0350,163.0360,49.5527
12.1000,81.2666,89.6544,-136.1745,-0.3155,-6.6317,-2.6295,3.3294,-120.9279,-43.0391,25.0444,163.0313,49.3858
12.1100,81.2635,89.5881,-136.2008,-0.2840,-7.8808,-3.0720,2.9967,-128.6013,-45.2449,25.0530,163.0270,49.1844
12.1200,81.2606,89.5093,-136.2315,-0.2556,-9.2037,-3.5344,2.6972,-135.6933,-47.0053,25.0606,163.0231,48.9463
12.1300,81.2581,89.4172,-136.2669,-0.2300,-10.5947,-4.0121,2.4276,-142.2409,-48.3193,25.0675,163.0195,48.6696
12.1400,81.2558,89.3113,-136.3070,-0.2071,-12.0485,-4.5008,2.1850,-148.2771,-49.1874,25.0737,163.0161,48.3525
12.1500,81.2537,89.1908,-136.3520,-0.1864,-13.5602,-4.9959,1.9666,-153.8313,-49.6119,25.0793,163.0130,47.9935
12.1600,81.2519,89.0552,-136.4020,-0.1677,-15.1251,-5.4930,1.7700,-158.9282,-49.5968,25.0842,163.0100,47.5913
12.1700,81.2502,88.9039,-136.4569,-0.1510,-16.7388,-5.9878,1.5931,-163.5885,-49.1485,25.0887,163.0073,47.1448
12.1800,81.2487,88.7365,-136.5168,-0.1359,-18.3969,-6.4760,1.4338,-167.8285,-48.2751,25.0927,163.0046,46.6531
12.1900,81.2473,88.5526,-136.5815,-0.1223,-20.0954,-6.9533,1.2905,-171.6601,-46.9872,25.0962,163.0020,46.1156
12.2000,81.2461,88.3516,-136.6511,-0.1100,-21.8301,-7.4157,1.1614,-175.0909,-45.2974,25.0994,162.9994,45.5318
12.2100,81.2450,88.1333,-136.7252,-0.0990,-23.5972,-7.8593,1.0453,-178.1241,-43.2205,25.1022,162.9969,44.9013
12.2200,81.2440,87.8974,-136.8038,-0.0891,-25.3926,-8.2801,0.9408,-180.7591,-40.7736,25.1047,162.9944,44.2240
12.2300,81.2431,87.6434,-136.8866,-0.0802,-27.2124,-8.6747,0.8468,-182.9913,-37.9757,25.1069,162.9919,43.5000
12.2400,81.2423,87.3713,-136.9734,-0.0722,-29.0524,-9.0397,0.7621,-184.8126,-34.8480,25.1089,162.9893,42.7295
12.2500,81.2416,87.0808,-137.0638,-0.0650,-30.9086,-9.3717,0.6859,-186.2116,-31.4138,25.1106,162.9867,41.9128
12.2600,81.2409,86.7717,-137.1575,-0.0585,-32.7767,-9.6679,0.6173,-187.1739,-27.6981,25.1121,162.9841,41.0504
12.2700,81.2403,86.4439,-137.2542,-0.0526,-34.6521,-9.9257,0.5556,-187.6827,-23.7280,25.1133,162.9814,40.1431
12.2800,81.2398,86.0974,-137.3534,-0.0474,-36.5303,-10.1425,0.5001,-187.7189,-19.5320,25.1145,162.9787,39.1916
12.2900,81.2393,85.7321,-137.4549,-0.0426,-38.4065,-10.3163,0.4501,-187.2620,-15.1404,25.1154,162.9759,38.1968
12.3000,81.2389,85.3480,-137.5580,-0.0384,-40.2755,-10.4453,0.4051,-186.2903,-10.5850,25.1162,162.9730,37.1599
12.3100,81.2385,84.9453,-137.6625,-0.0345,-42.1323,-10.5280,0.3646,-184.7814,-5.8987,25.1169,162.9701,36.0820
12.3200,81.2382,84.5240,-137.7677,-0.0311,-43.9712,-10.5633,0.3281,-182.7132,-1.1156,25.1174,162.9671,34.9645
12.3300,81.2379,84.0842,-137.8734,-0.0280,-45.7865,-10.5503,0.2953,-180.0639,3.7293,25.1179,162.9641,33.8087
12.3400,81.2376,83.6264,-137.9789,-0.0252,-47.5725,-10.4887,0.2658,-176.8132,8.6003,25.1182,162.9610,32.6162
12.3500,81.2373,83.1507,-138.0838,-0.0227,-49.3228,-10.3783,0.2392,-172.9424,13.4611,25.1185,162.9579,31.3886
12.3600,81.2371,82.6574,-138.1876,-0.0204,-51.0313,-10.2195,0.2153,-168.4354,18.2753,25.1186,162.9548,30.1277
12.3700,81.2369,82.1471,-138.2897,-0.0184,-52.6915,-10.0128,0.1938,-163.2793,23.0066,25.1187,162.9517,28.8351
12.3800,81.2367,81.6202,-138.3899,-0.0165,-54.2969,-9.7593,0.1744,-157.4646,27.6189,25.1188,162.9486,27.5129
12.3900,81.2366,81.0772,-138.4875,-0.0149,-55.8408,-9.4604,0.1569,-150.9863,32.0767,25.1188,162.9455,26.1629
12.4000,81.2364,80.5188,-138.5821,-0.0134,-57.3166,-9.1178,0.1413,-143.8439,36.3454,25.1188,162.9424,24.7873
12.4100,81.2363,79.9457,-138.6733,-0.0120,-58.7177,-8.7335,0.1271,-136.0420,40.3917,25.1187,162.9394,23.3881
12.4200,81.2362,79.3585,-138.7606,-0.0108,-60.0375,-8.3100,0.1144,-127.5909,44.1838,25.1186,162.9364,21.9674
12.4300,81.2361,78.7581,-138.8437,-0.0098,-61.2695,-7.8498,0.1030,-118.5066,47.6918,25.1185,162.9335,20.5275
12.4400,81.2360,78.1454,-138.9222,-0.0088,-62.4076,-7.3561,0.0927,-108.8109,50.8879,25.1183,162.9307,19.0706
12.4500,81.2359,77.5213,-138.9957,-0.0079,-63.4457,-6.8321,0.0834,-98.5316,53.7468,25.1182,162.9281,17.5991
12.4600,81.2358,76.8869,-139.0641,-0.0071,-64.3782,-6.2812,0.0751,-87.7025,56.2461,25.1180,162.9255,16.1152
12.4700,81.2357,76.2431,-139.1269,-0.0064,-65.1998,-5.7072,0.0676,-76.3632,58.3662,25.1178,162.9231,14.6213
12.4800,81.2357,75.5911,-139.1840,-0.0058,-65.9055,-5.1139,0.0608,-64.5586,60.0909,25.1177,162.9209,13.1199
12.4900,81.2356,74.9320,-139.2351,-0.0052,-66.4909,-4.5053,0.0547,-52.3388,61.4075,25.1175,162.9188,11.6133
12.5000,81.2355,74.2671,-139.2801,-0.0047,-66.9523,-3.8857,0.0493,-39.7583,62.3068,25.1174,162.9169,10.1039
12.5100,81.2355,73.5976,-139.3190,-0.0042,-67.2861,-3.2592,0.0443,-26.8758,62.7834,25.1172,162.9152,8.5942
12.5200,81.2355,72.9248,-139.3516,-0.0038,-67.4898,-2.6301,0.0399,-13.7532,62.8359,25.1171,162.9136,7.0866
12.5300,81.2354,72.2499,-139.3779,-0.0034,-67.5612,-2.0025,0.0359,-0.4549,62.4665,25.1170,162.9123,5.5835
12.5400,81.2354,71.5742,-139.3979,-0.0031,-67.4989,-1.3807,0.0323,12.9527,61.6815,25.1170,162.9112,4.0873
12.5500,81.2354,70.8993,-139.4117,-0.0028,-67.3021,-0.7689,0.0291,26.4024,60.4908,25.1169,162.9104,2.6005
12.5600,81.2353,70.2262,-139.4194,-0.0025,-66.9708,-0.1709,0.0262,39.8266,58.9081,25.1169,162.9097,1.1254
12.5700,81.2353,69.5565,-139.4211,-0.0022,-66.5056,0.4093,0.0236,53.1581,56.9504,25.1169,162.9093,-0.3356
12.5800,81.2353,68.8915,-139.4170,-0.0020,-65.9077,0.9681,0.0212,66.3313,54.6381,25.1169,162.9091,-1.7803
12.5900,81.2353,68.2324,-139.4074,-0.0018,-65.1790,1.5021,0.0191,79.2821,51.9948,25.1170,162.9091,-3.2063
12.6000,81.2352,67.5806,-139.3923,-0.0016,-64.3220,2.0080,0.0172,91.9490,49.0467,25.1171,162.9094,-4.6114
12.6100,81.2352,66.9374,-139.3722,-0.0015,-63.3400,2.4830,0.0155,104.2735,45.8223,25.1172,162.9099,-5.9935
12.6200,81.2352,66.3040,-139.3474,-0.0013,-62.2366,2.9244,0.0139,116.2005,42.3527,25.1174,162.9106,-7.3504
12.6300,81.2352,65.6816,-139.3182,-0.0012,-61.0160,3.3300,0.0125,127.6784,38.6703,25.1176,162.9116,-8.6801
12.6400,81.2352,65.0715,-139.2849,-0.0011,-59.6830,3.6978,0.0113,138.6597,34.8092,25.1178,162.9127,-9.9806
12.6500,81.2352,64.4746,-139.2479,-0.0010,-58.2428,4.0262,0.0101,149.1005,30.8045,25.1180,162.9141,-11.2499
12.6600,81.2352,63.8922,-139.2076,-0.0009,-56.7010,4.3139,0.0091,158.9613,26.6922,25.1183,162.9156,-12.4863
12.6700,81.2352,63.3252,-139.1645,-0.0008,-55.0636,4.5601,0.0082,168.2061,22.5083,25.1186,162.9173,-13.6880
12.6800,81.2352,62.7746,-139.1189,-0.0007,-53.3368,4.7641,0.0074,176.8029,18.2892,25.1189,162.9192,-14.8534
12.6900,81.2351,62.2412,-139.0713,-0.0006,-51.5275,4.9259,0.0066,184.7228,14.0707,25.1192,162.9212,-15.9809
12.7000,81.2351,61.7259,-139.0220,-0.0006,-49.6424,5.0455,0.0060,191.9406,9.8884,25.1196,162.9234,-17.0690
12.7100,81.2351,61.2295,-138.9715,-0.0005,-47.6887,5.1236,0.0054,198.4334,5.7765,25.1199,162.9257,-18.1165
12.7200,81.2351,60.7526,-138.9203,-0.0005,-45.6737,5.1610,0.0048,204.1813,1.7684,25.1203,162.9281,-19.1221
12.7300,81.2351,60.2959,-138.8687,-0.0004,-43.6051,5.1590,0.0044,209.1660,-2.1041,25.1207,162.9307,-20.0847
12.7400,81.2351,59.8598,-138.8171,-0.0004,-41.4904,5.1190,0.0039,213.3714,-5.8106,25.1211,162.9332,-21.0033
12.7500,81.2351,59.4449,-138.7659,-0.0003,-39.3376,5.0428,0.0035,216.7821,-9.3229,25.1216,162.9359,-21.8772
12.7600,81.2351,59.0515,-138.7155,-0.0003,-37.1548,4.9325,0.0032,219.3841,-12.6145,25.1220,162.9386,-22.7056
12.7700,81.2351,58.6800,-138.6662,-0.0003,-34.9499,4.7905,0.0029,221.1638,-15.6613,25.1224,162.9413,-23.4879
12.7800,81.2351,58.3305,-138.6183,-0.0002,-32.7315,4.6193,0.0026,222.1075,-18.4415,25.1228,162.9440,-24.2238
12.7900,81.2351,58.0032,-138.5721,-0.0002,-30.5078,4.4217,0.0023,222.2017,-20.9356,25.1233,162.9467,-24.9131
12.8000,81.2351,57.6981,-138.5278,-0.0002,-28.2875,4.2006,0.0021,221.4323,-23.1267,25.1237,162.9494,-25.5555
12.8100,81.2351,57.4152,-138.4858,-0.0002,-26.0792,3.9591,0.0019,219.7846,-25.0006,25.1241,162.9521,-26.1513
12.8200,81.2351,57.1544,-138.4462,-0.0002,-23.8918,3.7006,0.0017,217.2428,-26.5457,25.1245,162.9547,-26.7006
12.8300,81.2351,56.9155,-138.4092,-0.0001,-21.7343,3.4282,0.0015,213.7902,-27.7530,25.1249,162.9572,-27.2040
12.8400,81.2351,56.6982,-138.3750,-0.0001,-19.6160,3.1455,0.0014,209.4090,-28.6163,25.1253,162.9596,-27.6619
12.8500,81.2351,56.5020,-138.3435,-0.0001,-17.5461,2.8559,0.0012,204.0799,-29.1321,25.1256,162.9620,-28.0753
12.8600,81.2351,56.3265,-138.3149,-0.0001,-15.5344,2.5629,0.0011,197.7823,-29.2993,25.1260,162.9642,-28.4452
12.8700,81.2351,56.1712,-138.2893,-0.0001,-13.5905,2.2699,0.0010,190.4943,-29.1196,25.1263,162.9664,-28.7727
12.8800,81.2351,56.0353,-138.2666,-0.0001,-11.7245,1.9805,0.0009,182.1929,-28.5969,25.1266,162.9684,-29.0592
12.8900,81.2351,55.9180,-138.2468,-0.0001,-9.9466,1.6980,0.0008,172.8534,-27.7373,25.1269,162.9703,-29.3064
12.9000,81.2351,55.8186,-138.2298,-0.0001,-8.2674,1.4257,0.0007,162.4503,-26.5492,25.1272,162.9721,-29.5162
12.9100,81.2351,55.7359,-138.2156,-0.0001,-6.6976,1.1670,0.0007,150.9570,-25.0426,25.1275,162.9738,-29.6905
12.9200,81.2351,55.6689,-138.2039,-0.0001,-5.2483,0.9249,0.0006,138.3458,-23.2289,25.1277,162.9753,-29.8317
12.9300,81.2351,55.6165,-138.1947,-0.0001,-3.9307,0.7024,0.0005,124.5886,-21.1206,25.1279,162.9768,-29.9424
12.9400,81.2351,55.5771,-138.1876,-0.0000,-2.7565,0.5025,0.0005,109.6564,-18.7310,25.1281,162.9781,-30.0252
12.9500,81.2351,55.5496,-138.1826,-0.0000,-1.7376,0.3278,0.0004,93.5202,-16.0735,25.1283,162.9792,-30.0833
12.9600,81.2351,55.5322,-138.1793,-0.0000,-0.8861,0.1810,0.0004,76.1504,-13.1609,25.1285,162.9803,-30.1198
12.9700,81.2351,55.5233,-138.1775,-0.0000,-0.2146,0.0646,0.0003,57.5177,-10.0049,25.1286,162.9813,-30.1384
12.9800,81.2351,55.5212,-138.1769,-0.0000,0.2643,-0.0191,0.0003,37.5928,-6.6155,25.1288,162.9821,-30.1428
12.9900,81.2351,55.5238,-138.1771,-0.0000,0.5373,-0.0677,0.0001,13.6518,-2.4317,25.1289,162.9829,-30.1371
13.0000,81.2351,55.5292,-138.1777,-0.0000,0.5373,-0.0677,0.0000,0.0000,0.0000,25.1290,162.9836,-30.1257
13.0100,81.2351,55.5351,-138.1785,-0.0000,0.6472,-0.0906,0.0002,17.1029,-3.0755,25.1291,162.9843,-30.1131
13.0200,81.2351,55.5416,-138.1794,-0.0000,0.9333,-0.1406,0.0002,39.3385,-6.7990,25.1292,162.9848,-30.0994
13.0300,81.2351,55.5509,-138.1808,-0.0000,1.4339,-0.2265,0.0002,60.0489,-10.2538,25.1293,162.9854,-30.0796
13.0400,81.2351,55.5653,-138.1831,-0.0000,2.1342,-0.3457,0.0002,79.2858,-13.4389,25.1294,162.9858,-30.0493
13.0500,81.2351,55.5866,-138.1866,-0.0000,3.0197,-0.4953,0.0001,97.0988,-16.3493,25.1294,162.9862,-30.0041
13.0600,81.2351,55.6168,-138.1915,-0.0000,4.0762,-0.6727,0.0001,113.5359,-18.9771,25.1295,162.9866,-29.9403
13.0700,81.2351,55.6576,-138.1983,-0.0000,5.2904,-0.8749,0.0001,128.6428,-21.3128,25.1295,162.9869,-29.8542
13.0800,81.2351,55.7105,-138.2070,-0.0000,6.6491,-1.0989,0.0001,142.4637,-23.3461,25.1296,162.9872,-29.7424
13.0900,81.2351,55.7770,-138.2180,-0.0000,8.1397,-1.3418,0.0001,155.0408,-25.0663,25.1296,162.9874,-29.6020
13.1000,81.2351,55.8584,-138.2314,-0.0000,9.7499,-1.6003,0.0001,166.4142,-26.4632,25.1296,162.9875,-29.4301
13.1100,81.2351,55.9559,-138.2474,-0.0000,11.4679,-1.8711,0.0001,176.6223,-27.5276,25.1296,162.9876,-29.2242
13.1200,81.2351,56.0705,-138.2661,-0.0000,13.2823,-2.1508,0.0001,185.7014,-28.2515,25.1296,162.9876,-28.9822
13.1300,81.2351,56.2034,-138.2876,-0.0000,15.1820,-2.4361,0.0001,193.6857,-28.6289,25.1296,162.9875,-28.7018
13.1400,81.2351,56.3552,-138.3120,-0.0000,17.1560,-2.7234,0.0001,200.6075,-28.6555,25.1296,162.9874,-28.3815
13.1500,81.2351,56.5267,-138.3392,-0.0000,19.1941,-3.0092,0.0001,206.4969,-28.3295,25.1296,162.9871,-28.0195
13.1600,81.2351,56.7187,-138.3693,-0.0000,21.2860,-3.2900,0.0000,211.3822,-27.6513,25.1295,162.9867,-27.6146
13.1700,81.2351,56.9315,-138.4022,-0.0000,23.4218,-3.5622,0.0000,215.2896,-26.6240,25.1294,162.9863,-27.1658
13.1800,81.2351,57.1658,-138.4378,-0.0000,25.5918,-3.8225,0.0000,218.2434,-25.2529,25.1293,162.9857,-26.6719
13.1900,81.2351,57.4217,-138.4761,-0.0000,27.7866,-4.0673,0.0000,220.2664,-23.5465,25.1292,162.9850,-26.1324
13.2000,81.2351,57.6995,-138.5167,-0.0000,29.9971,-4.2934,0.0000,221.3795,-21.5156,25.1291,162.9841,-25.5468
13.2100,81.2351,57.9995,-138.5597,-0.0000,32.2142,-4.4976,0.0000,221.6023,-19.1736,25.1289,162.9831,-24.9146
13.2200,81.2351,58.3217,-138.6046,-0.0000,34.4292,-4.6769,0.0000,220.9534,-16.5368,25.1288,162.9820,-24.2359
13.2300,81.2351,58.6659,-138.6514,-0.0000,36.6333,-4.8283,0.0000,219.4501,-13.6238,25.1286,162.9807,-23.5105
13.2400,81.2351,59.0323,-138.6997,-0.0000,38.8182,-4.9493,0.0000,217.1095,-10.4556,25.1283,162.9792,-22.7387
13.2500,81.2351,59.4205,-138.7492,-0.0000,40.9755,-5.0374,0.0000,213.9480,-7.0557,25.1281,162.9777,-21.9208
13.2600,81.2351,59.8302,-138.7996,-0.0000,43.0971,-5.0905,0.0000,209.9823,-3.4498,25.1278,162.9759,-21.0573
13.2700,81.2351,60.2612,-138.8505,-0.0000,45.1751,-5.1064,0.0000,205.2295,0.3345,25.1275,162.9741,-20.1489
13.2800,81.2351,60.7129,-138.9015,-0.0000,47.2017,-5.0838,0.0000,199.7073,4.2676,25.1272,162.9721,-19.1964
13.2900,81.2351,61.1850,-138.9524,-0.0000,49.1693,-5.0211,0.0000,193.4348,8.3183,25.1269,162.9699,-18.2008
13.3000,81.2351,61.6767,-139.0026,-0.0000,51.0704,-4.9174,0.0000,186.4328,12.4538,25.1266,162.9677,-17.1630
13.3100,81.2351,62.1874,-139.0518,-0.0000,52.8979,-4.7720,0.0000,178.7240,16.6402,25.1262,162.9653,-16.0842
13.3200,81.2351,62.7163,-139.0995,-0.0000,54.6449,-4.5846,0.0000,170.3335,20.8425,25.1258,162.9628,-14.9659
13.3300,81.2351,63.2628,-139.1453,-0.0000,56.3046,-4.3552,0.0000,161.2892,25.0251,25.1254,162.9602,-13.8093
13.3400,81.2351,63.8258,-139.1889,-0.0000,57.8707,-4.0841,0.0000,151.6221,29.1520,25.1250,162.9575,-12.6160
13.3500,81.2351,64.4045,-139.2297,-0.0000,59.3370,-3.7721,0.0000,141.3667,33.1870,25.1246,162.9548,-11.3877
13.3600,81.2351,64.9979,-139.2674,-0.0000,60.6980,-3.4204,0.0000,130.5610,37.0942,25.1241,162.9520,-10.1260
13.3700,81.2351,65.6049,-139.3016,-0.0000,61.9483,-3.0302,0.0000,119.2467,40.8383,25.1237,162.9492,-8.8327
13.3800,81.2351,66.2244,-139.3319,-0.0000,63.0829,-2.6036,0.0000,107.4693,44.3848,25.1233,162.9463,-7.5097
13.3900,81.2351,66.8552,-139.3580,-0.0000,64.0976,-2.1425,0.0000,95.2782,47.7006,25.1228,162.9435,-6.1591
13.4000,81.2351,67.4962,-139.3794,-0.0000,64.9885,-1.6496,0.0000,82.7263,50.7542,25.1224,162.9406,-4.7827
13.4100,81.2351,68.1461,-139.3959,-0.0000,65.7522,-1.1275,0.0000,69.8702,53.5158,25.1220,162.9378,-3.3828
13.4200,81.2351,68.8036,-139.4072,-0.0000,66.3859,-0.5793,0.0000,56.7694,55.9583,25.1215,162.9350,-1.9615
13.4300,81.2351,69.4674,-139.4130,-0.0000,66.8876,-0.0083,0.0000,43.4862,58.0568,25.1211,162.9323,-0.5209
13.4400,81.2351,70.1363,-139.4130,-0.0000,67.2556,0.5819,0.0000,30.0851,59.7896,25.1207,162.9297,0.9366
13.4500,81.2351,70.8089,-139.4072,-0.0000,67.4893,1.1875,0.0000,16.6321,61.1381,25.1203,162.9271,2.4087
13.4600,81.2351,71.4838,-139.3954,-0.0000,67.5883,1.8046,0.0000,3.1943,62.0868,25.1199,162.9247,3.8932
13.4700,81.2351,72.1596,-139.3773,-0.0000,67.5531,2.4292,0.0000,-10.1611,62.6242,25.1196,162.9224,5.3876
13.4800,81.2351,72.8352,-139.3530,-0.0000,67.3850,3.0571,0.0000,-23.3672,62.7423,25.1192,162.9202,6.8896
13.4900,81.2351,73.5090,-139.3224,-0.0000,67.0858,3.6841,0.0000,-36.3588,62.4368,25.1189,162.9182,8.3967
13.5000,81.2351,74.1799,-139.2856,-0.0000,66.6579,4.3059,0.0000,-49.0725,61.7076,25.1186,162.9164,9.9065
13.5100,81.2351,74.8465,-139.2425,-0.0000,66.1043,4.9182,0.0000,-61.4478,60.5580,25.1184,162.9147,11.4167
13.5200,81.2351,75.5075,-139.1934,-0.0000,65.4289,5.5170,0.0000,-73.4278,58.9956,25.1182,162.9132,12.9246
13.5300,81.2351,76.1618,-139.1382,-0.0000,64.6358,6.0981,0.0000,-84.9598,57.0314,25.1180,162.9119,14.4280
13.5400,81.2351,76.8082,-139.0772,-0.0000,63.7297,6.6576,0.0000,-95.9959,54.6801,25.1178,162.9109,15.9244
13.5500,81.2351,77.4455,-139.0106,-0.0000,62.7159,7.1917,0.0000,-106.4932,51.9598,25.1177,162.9100,17.4114
13.5600,81.2351,78.0726,-138.9387,-0.0000,61.5998,7.6968,0.0000,-116.4149,48.8917,25.1176,162.9094,18.8867
13.5700,81.2351,78.6886,-138.8617,-0.0000,60.3876,8.1696,0.0000,-125.7295,45.5000,25.1175,162.9090,20.3478
13.5800,81.2351,79.2925,-138.7801,-0.0000,59.0853,8.6068,0.0000,-134.4120,41.8115,25.1175,162.9088,21.7925
13.5900,81.2351,79.8833,-138.6940,-0.0000,57.6993,9.0058,0.0000,-142.4431,37.8553,25.1175,162.9088,23.2185
13.6000,81.2351,80.4603,-138.6039,-0.0000,56.2364,9.3640,0.0000,-149.8095,33.6627,25.1175,162.9091,24.6236
13.6100,81.2351,81.0227,-138.5103,-0.0000,54.7031,9.6791,0.0000,-156.5038,29.2665,25.1176,162.9096,26.0055
13.6200,81.2351,81.5697,-138.4135,-0.0000,53.1063,9.9493,0.0000,-162.5238,24.7008,25.1177,162.9103,27.3623
13.6300,81.2351,82.1008,-138.3140,-0.0000,51.4527,10.1731,0.0000,-167.8726,20.0011,25.1179,162.9113,28.6918
13.6400,81.2351,82.6153,-138.2123,-0.0000,49.7489,10.3493,0.0000,-172.5576,15.2033,25.1180,162.9124,29.9920
13.6500,81.2351,83.1128,-138.1088,-0.0000,48.0015,10.4771,0.0000,-176.5904,10.3438,25.1183,162.9138,31.2610
13.6600,81.2351,83.5928,-138.0040,-0.0000,46.2171,10.5562,0.0000,-179.9862,5.4592,25.1185,162.9153,32.4971
13.6700,81.2351,84.0550,-137.8984,-0.0000,44.4018,10.5863,0.0000,-182.7629,0.5858,25.1188,162.9171,33.6985
13.6800,81.2351,84.4990,-137.7926,-0.0000,42.5618,10.5679,0.0000,-184.9407,-4.2404,25.1190,162.9190,34.8635
13.6900,81.2351,84.9246,-137.6869,-0.0000,40.7030,10.5015,0.0000,-186.5416,-8.9841,25.1194,162.9210,35.9905
13.7000,81.2351,85.3317,-137.5819,-0.0000,38.8310,10.3882,0.0000,-187.5883,-13.6110,25.1197,162.9232,37.0783
13.7100,81.2351,85.7200,-137.4780,-0.0000,36.9512,10.2293,0.0000,-188.1041,-18.0878,25.1201,162.9255,38.1253
13.7200,81.2351,86.0895,-137.3757,-0.0000,35.0689,10.0265,0.0000,-188.1121,-22.3825,25.1204,162.9280,39.1305
13.7300,81.2351,86.4402,-137.2754,-0.0000,33.1890,9.7817,0.0000,-187.6345,-26.4646,25.1208,162.9305,40.0927
13.7400,81.2351,86.7721,-137.1776,-0.0000,31.3162,9.4972,0.0000,-186.6923,-30.3051,25.1212,162.9331,41.0109
13.7500,81.2351,87.0852,-137.0827,-0.0000,29.4551,9.1755,0.0000,-185.3046,-33.8769,25.1216,162.9358,41.8843
13.7600,81.2351,87.3798,-136.9909,-0.0000,27.6101,8.8196,0.0000,-183.4883,-37.1548,25.1221,162.9385,42.7122
13.7700,81.2351,87.6559,-136.9027,-0.0000,25.7854,8.4325,0.0000,-181.2578,-40.1154,25.1225,162.9412,43.4942
13.7800,81.2351,87.9137,-136.8184,-0.0000,23.9850,8.0173,0.0000,-178.6242,-42.7374,25.1229,162.9439,44.2297
13.7900,81.2351,88.1536,-136.7382,-0.0000,22.2129,7.5777,0.0000,-175.5956,-45.0017,25.1233,162.9466,44.9185
13.8000,81.2351,88.3757,-136.6624,-0.0000,20.4730,7.1173,0.0000,-172.1763,-46.8915,25.1237,162.9493,45.5605
13.8100,81.2351,88.5804,-136.5913,-0.0000,18.7693,6.6399,0.0000,-168.3669,-48.3919,25.1241,162.9520,46.1559
13.8200,81.2351,88.7681,-136.5249,-0.0000,17.1057,6.1494,0.0000,-164.1641,-49.4906,25.1245,162.9546,46.7049
13.8300,81.2351,88.9392,-136.4634,-0.0000,15.4861,5.6501,0.0000,-159.5604,-50.1775,25.1249,162.9571,47.2079
13.8400,81.2351,89.0940,-136.4069,-0.0000,13.9145,5.1459,0.0000,-154.5443,-50.4447,25.1253,162.9596,47.6656
13.8500,81.2351,89.2332,-136.3554,-0.0000,12.3952,4.6412,0.0000,-149.1002,-50.2866,25.1257,162.9620,48.0787
13.8600,81.2351,89.3571,-136.3090,-0.0000,10.9325,4.1402,0.0000,-143.2085,-49.6998,25.1260,162.9642,48.4482
13.8700,81.2351,89.4665,-136.2676,-0.0000,9.5310,3.6472,0.0000,-136.8454,-48.6831,25.1264,162.9664,48.7754
13.8800,81.2351,89.5618,-136.2311,-0.0000,8.1956,3.1665,0.0000,-129.9837,-47.2373,25.1267,162.9684,49.0617
13.8900,81.2351,89.6437,-136.1995,-0.0000,6.9313,2.7024,0.0000,-122.5925,-45.3650,25.1270,162.9703,49.3087
13.9000,81.2351,89.7130,-136.1724,-0.0000,5.7437,2.2592,0.0000,-114.6377,-43.0706,25.1272,162.9721,49.5182
13.9100,81.2351,89.7705,-136.1498,-0.0000,4.6386,1.8410,0.0000,-106.0824,-40.3600,25.1275,162.9738,49.6923
13.9200,81.2351,89.8169,-136.1314,-0.0000,3.6221,1.4520,0.0000,-96.8876,-37.2404,25.1277,162.9753,49.8334
13.9300,81.2351,89.8531,-136.1169,-0.0000,2.7008,1.0962,0.0000,-87.0122,-33.7197,25.1280,162.9768,49.9439
13.9400,81.2351,89.8801,-136.1060,-0.0000,1.8818,0.7776,0.0000,-76.4141,-29.8066,25.1282,162.9781,50.0266
13.9500,81.2351,89.8989,-136.0982,-0.0000,1.1726,0.5001,0.0000,-65.0510,-25.5097,25.1283,162.9792,50.0845
13.9600,81.2351,89.9106,-136.0932,-0.0000,0.5808,0.2674,0.0000,-52.8808,-20.8373,25.1285,162.9803,50.1209
13.9700,81.2351,89.9165,-136.0905,-0.0000,0.1149,0.0833,0.0000,-39.8631,-15.7965,25.1287,162.9813,50.1394
13.9800,81.2351,89.9176,-136.0897,-0.0000,-0.2164,-0.0485,0.0000,-25.9596,-10.3928,25.1288,162.9821,50.1437
13.9900,81.2351,89.9154,-136.0902,-0.0000,-0.4043,-0.1245,0.0000,-9.3909,-3.8004,25.1289,162.9829,50.1380
14.0000,81.2351,89.9114,-136.0914,-0.0000,-0.4043,-0.1245,0.0000,0.0000,0.0000,25.1290,162.9836,50.1264
14.0100,81.2351,89.9070,-136.0928,-0.1674,-0.3329,-0.1895,-33.0470,16.4766,-10.9954,25.1291,162.9843,50.1138
14.0200,81.2334,89.9037,-136.0947,-0.6609,-0.1096,-0.3610,-64.5793,27.7933,-22.8935,25.1337,162.9822,50.1024
14.0300,81.2268,89.9026,-136.0983,-1.4590,0.2229,-0.6473,-93.9973,38.3290,-33.9508,25.1514,162.9721,50.0922
14.0400,81.2122,89.9048,-136.1048,-2.5409,0.6570,-1.0400,-121.3951,48.0774,-44.1581,25.1903,162.9493,50.0830
14.0500,81.1868,89.9114,-136.1152,-3.8869,1.1845,-1.5305,-146.8725,57.0232,-53.4952,25.2581,162.9091,50.0747
14.0600,81.1479,89.9232,-136.1305,-5.4783,1.7974,-2.1099,-170.5327,65.1448,-61.9339,25.3617,162.8474,50.0672
14.0700,81.0931,89.9412,-136.1516,-7.2976,2.4874,-2.7692,-192.4793,72.4164,-69.4412,25.5075,162.7603,50.0605
14.0800,81.0202,89.9661,-136.1793,-9.3279,3.2457,-3.4988,-212.8150,78.8094,-75.9815,25.7016,162.6442,50.0544
14.0900,80.9269,89.9985,-136.2143,-11.5539,4.0636,-4.2888,-231.6392,84.2943,-81.5192,25.9494,162.4958,50.0489
14.1000,80.8114,90.0392,-136.2572,-13.9607,4.9316,-5.1291,-249.0464,88.8414,-86.0198,26.2558,162.3121,50.0440
14.1100,80.6717,90.0885,-136.3084,-16.5348,5.8404,-6.0092,-265.1249,92.4216,-89.4518,26.6254,162.0903,50.0395
14.1200,80.5064,90.1469,-136.3685,-19.2632,6.7801,-6.9182,-279.9552,95.0075,-91.7878,27.0621,161.8280,50.0355
14.1300,80.3138,90.2147,-136.4377,-22.1339,7.7405,-7.8450,-293.6094,96.5734,-93.0057,27.5697,161.5231,50.0318
14.1400,80.0924,90.2921,-136.5162,-25.1354,8.7115,-8.7783,-306.1496,97.0962,-93.0891,28.1512,161.1735,50.0285
14.1500,79.8411,90.3792,-136.6040,-28.2569,9.6825,-9.7067,-317.6277,96.5551,-92.0283,28.8095,160.7776,50.0254
14.1600,79.5585,90.4760,-136.7010,-31.4879,10.6426,-10.6189,-328.0843,94.9329,-89.8206,29.5468,160.3339,50.0226
14.1700,79.2436,90.5825,-136.8072,-34.8186,11.5811,-11.5032,-337.5484,92.2156,-86.4709,30.3652,159.8411,50.0200
14.1800,78.8954,90.6983,-136.9222,-38.2389,12.4869,-12.3483,-346.0369,88.3930,-81.9920,31.2663,159.2984,50.0177
14.1900,78.5131,90.8231,-137.0457,-41.7393,13.3490,-13.1430,-353.5546,83.4596,-76.4045,32.2512,158.7049,50.0155
14.2000,78.0957,90.9566,-137.1772,-45.3100,14.1561,-13.8764,-360.0937,77.4145,-69.7373,33.3210,158.0600,50.0134
14.2100,77.6426,91.0982,-137.3159,-48.9412,14.8973,-14.5377,-365.6346,70.2628,-62.0278,34.4761,157.3634,50.0115
14.2200,77.1531,91.2472,-137.4613,-52.6227,15.5614,-15.1169,-370.1452,62.0161,-53.3214,35.7167,156.6149,50.0098
14.2300,76.6269,91.4028,-137.6125,-56.3441,16.1376,-15.6042,-373.5825,52.6933,-43.6724,37.0429,155.8146,50.0081
14.2400,76.0635,91.5641,-137.7685,-60.0943,16.6153,-15.9904,-375.8926,42.3222,-33.1432,38.4542,154.9626,50.0066
14.2500,75.4625,91.7303,-137.9284,-63.8619,16.9840,-16.2670,-377.0119,30.9400,-21.8047,39.9500,154.0594,50.0052
14.2600,74.8239,91.9001,-138.0911,-67.6346,17.2341,-16.4265,-376.8686,18.5953,-9.7359,41.5292,153.1056,50.0039
14.2700,74.1476,92.0725,-138.2553,-71.3993,17.3560,-16.4618,-375.3843,5.3488,2.9761,43.1908,152.1018,50.0027
14.2800,73.4336,92.2460,-138.4200,-75.1423,17.3410,-16.3669,-372.4759,-8.7250,16.2363,44.9333,151.0489,50.0016
14.2900,72.6822,92.4195,-138.5836,-78.8488,17.1815,-16.1370,-368.0580,-23.5367,29.9424,46.7549,149.9481,50.0006
14.3000,71.8937,92.5913,-138.7450,-82.5034,16.8703,-15.7681,-362.0457,-38.9813,43.9850,48.6537,148.8004,49.9997
14.3100,71.0686,92.7600,-138.9027,-86.0897,16.4018,-15.2573,-354.3578,-54.9366,58.2484,50.6276,147.6073,49.9990
14.3200,70.2077,92.9240,-139.0553,-89.5906,15.7716,-14.6031,-344.9199,-71.2638,72.6112,52.6742,146.3701,49.9984
14.3300,69.3118,93.0817,-139.2013,-92.9881,14.9766,-13.8051,-333.6682,-87.8068,86.9469,54.7909,145.0905,49.9978
14.3400,68.3819,93.2315,-139.3393,-96.2639,14.0154,-12.8642,-320.5532,-104.3933,101.1255,56.9750,143.7701,49.9974
14.3500,67.4193,93.3716,-139.4680,-99.3992,12.8887,-11.7826,-305.5437,-120.8358,115.0141,59.2236,142.4108,49.9972
14.3600,66.4253,93.5005,-139.5858,-102.3748,11.5987,-10.5639,-288.6304,-136.9342,128.4784,61.5335,141.0144,49.9970
14.3700,65.4016,93.6165,-139.6914,-105.1718,10.1500,-9.2130,-269.8291,-152.4782,141.3846,63.9015,139.5831,49.9969
14.3800,64.3499,93.7180,-139.7836,-107.7714,8.5492,-7.7362,-249.1838,-167.2514,153.6003,66.3242,138.1190,49.9970
14.3900,63.2721,93.8035,-139.8609,-110.1555,6.8050,-6.1410,-226.7692,-181.0358,164.9967,68.7980,136.6241,49.9971
14.4000,62.1706,93.8715,-139.9223,-112.3068,4.9284,-4.4363,-202.6916,-193.6165,175.4501,71.3193,135.1009,49.9972
14.4100,61.0475,93.9208,-139.9667,-114.2093,2.9326,-2.6320,-177.0899,-204.7878,184.8443,73.8842,133.5517,49.9974
14.4200,59.9054,93.9501,-139.9930,-115.8486,0.8327,-0.7394,-150.1343,-214.3590,193.0717,76.4888,131.9788,49.9977
14.4300,58.7469,93.9585,-140.0004,-117.2120,-1.3545,1.2294,-122.0248,-222.1600,200.0354,79.1290,130.3849,49.9979
14.4400,57.5748,93.9449,-139.9881,-118.2891,-3.6105,3.2613,-92.9877,-228.0470,205.6509,81.8009,128.7724,49.9981
14.4500,56.3919,93.9088,-139.9555,-119.0718,-5.9155,5.3424,-63.2717,-231.9074,209.8476,84.5001,127.1440,49.9983
14.4600,55.2012,93.8497,-139.9021,-119.5545,-8.2487,7.4583,-33.1422,-233.6638,212.5699,87.2224,125.5022,49.9983
14.4700,54.0057,93.7672,-139.8275,-119.7346,-10.5888,9.5938,-2.8754,-233.2766,213.7782,89.9634,123.8497,49.9983
14.4800,52.8083,93.6613,-139.7316,-119.6120,-12.9142,11.7338,27.2487,-230.7459,213.4498,92.7188,122.1893,49.9982
14.4900,51.6122,93.5322,-139.6142,-119.1896,-15.2037,13.8628,56.9528,-226.1109,211.5792,95.4841,120.5236,49.9979
14.5000,50.4203,93.3801,-139.4756,-118.4730,-17.4364,15.9654,85.9692,-219.4488,208.1779,98.2549,118.8555,49.9975
14.5100,49.2356,93.2058,-139.3160,-117.4702,-19.5926,18.0264,114.0467,-210.8718,203.2745,101.0267,117.1875,49.9969
14.5200,48.0609,93.0098,-139.1357,-116.1920,-21.6539,20.0309,140.9557,-200.5231,196.9137,103.7950,115.5226,49.9962
14.5300,46.8989,92.7933,-138.9354,-114.6511,-23.6031,21.9647,166.4931,-188.5717,189.1557,106.5553,113.8633,49.9953
14.5400,45.7524,92.5573,-138.7157,-112.8622,-25.4253,23.8140,190.4864,-175.2067,180.0744,109.3032,112.2124,49.9942
14.5500,44.6238,92.3030,-138.4776,-110.8414,-27.1072,25.5662,212.7953,-160.6314,169.7566,112.0342,110.5726,49.9930
14.5600,43.5154,92.0319,-138.2219,-108.6063,-28.6379,27.2092,233.3138,-145.0570,158.3002,114.7440,108.9466,49.9917
14.5700,42.4293,91.7456,-137.9498,-106.1751,-30.0084,28.7322,251.9693,-128.6972,145.8122,117.4282,107.3370,49.9903
14.5800,41.3676,91.4455,-137.6625,-103.5669,-31.2119,30.1254,268.7221,-111.7624,132.4072,120.0825,105.7463,49.9888
14.5900,40.3319,91.1334,-137.3613,-100.8007,-32.2436,31.3803,283.5628,-94.4555,118.2055,122.7027,104.1771,49.9873
14.6000,39.3239,90.8109,-137.0475,-97.8956,-33.1010,32.4895,296.5100,-76.9681,103.3313,125.2848,102.6317,49.9857
14.6100,38.3450,90.4799,-136.7226,-94.8705,-33.7830,33.4469,307.6063,-59.4778,87.9115,127.8246,101.1128,49.9841
14.6200,37.3963,90.1421,-136.3881,-91.7435,-34.2905,34.2477,316.9152,-42.1458,72.0735,130.3184,99.6224,49.9826
14.6300,36.4788,89.7992,-136.0456,-88.5322,-34.6259,34.8884,324.5168,-25.1163,55.9444,132.7622,98.1629,49.9811
14.6400,35.5935,89.4529,-135.6967,-85.2532,-34.7928,35.3666,330.5039,-8.5160,39.6496,135.1525,96.7364,49.9797
14.6500,34.7410,89.1050,-135.3431,-81.9221,-34.7962,35.6814,334.9785,7.5459,23.3121,137.4857,95.3451,49.9784
14.6600,33.9217,88.7570,-134.9863,-78.5536,-34.6419,35.8329,338.0481,22.9764,7.0510,139.7584,93.9908,49.9773
14.6700,33.1362,88.4106,-134.6279,-75.1611,-34.3367,35.8224,339.8226,37.6982,-9.0184,141.9675,92.6754,49.9762
14.6800,32.3846,88.0672,-134.2697,-71.7571,-33.8880,35.6525,340.4116,51.6474,-24.7855,144.1100,91.4006,49.9754
14.6900,31.6670,87.7284,-133.9132,-68.3529,-33.3037,35.3267,339.9217,64.7727,-40.1447,146.1829,90.1682,49.9747
14.7000,30.9835,87.3953,-133.5599,-64.9587,-32.5925,34.8496,338.4550,77.0336,-54.9958,148.1836,88.9796,49.9742
14.7100,30.3339,87.0694,-133.2114,-61.5838,-31.7631,34.2268,336.1070,88.3982,-69.2438,150.1097,87.8363,49.9739
14.7200,29.7181,86.7518,-132.8691,-58.2366,-30.8245,33.4647,332.9656,98.8426,-82.7996,151.9590,86.7394,49.9738
14.7300,29.1357,86.4435,-132.5345,-54.9245,-29.7862,32.5708,329.1100,108.3485,-95.5794,153.7293,85.6902,49.9738
14.7400,28.5865,86.1457,-132.2088,-51.6544,-28.6576,31.5531,324.6103,116.9029,-107.5053,155.4190,84.6895,49.9740
14.7500,28.0699,85.8591,-131.8933,-48.4323,-27.4482,30.4207,319.5266,124.4962,-118.5050,157.0264,83.7384,49.9744
14.7600,27.5856,85.5846,-131.5891,-45.2638,-26.1677,29.1830,313.9091,131.1216,-128.5119,158.5504,82.8374,49.9749
14.7700,27.1330,85.3229,-131.2972,-42.1541,-24.8257,27.8505,307.7979,136.7745,-137.4650,159.9898,81.9870,49.9755
14.7800,26.7114,85.0747,-131.0187,-39.1079,-23.4322,26.4337,301.2230,141.4516,-145.3092,161.3439,81.1878,49.9763
14.7900,26.3203,84.8403,-130.7544,-36.1296,-21.9967,24.9443,294.2046,145.1504,-151.9950,162.6123,80.4398,49.9772
14.8000,25.9590,84.6204,-130.5049,-33.2238,-20.5292,23.3938,286.7529,147.8693,-157.4788,163.7948,79.7431,49.9782
14.8100,25.6268,84.4151,-130.2710,-30.3946,-19.0393,21.7947,278.8687,149.6069,-161.7226,164.8915,79.0976,49.9792
14.8200,25.3229,84.2247,-130.0531,-27.6464,-17.5370,20.1594,270.5437,150.3618,-164.6944,165.9029,78.5029,49.9803
14.8300,25.0464,84.0493,-129.8515,-24.9837,-16.0321,18.5008,261.7606,150.1331,-166.3679,166.8298,77.9585,49.9815
14.8400,24.7966,83.8890,-129.6664,-22.4112,-14.5344,16.8320,252.4935,148.9198,-166.7227,167.6733,77.4637,49.9826
14.8500,24.5724,83.7437,-129.4981,-19.9338,-13.0537,15.1664,242.7085,146.7212,-165.7439,168.4349,77.0176,49.9838
14.8600,24.3731,83.6131,-129.3465,-17.5570,-11.5999,13.5172,232.3638,143.5366,-163.4227,169.1164,76.6189,49.9850
14.8700,24.1975,83.4971,-129.2113,-15.2866,-10.1830,11.8979,221.4103,139.3659,-159.7555,169.7201,76.2664,49.9861
14.8800,24.0447,83.3953,-129.0923,-13.1288,-8.8126,10.3220,209.7922,134.2089,-154.7438,170.2484,75.9586,49.9872
14.8900,23.9134,83.3072,-128.9891,-11.0907,-7.4988,8.8030,197.4475,128.0662,-148.3944,170.7044,75.6935,49.9883
14.9000,23.8025,83.2322,-128.9011,-9.1799,-6.2513,7.3542,184.3085,120.9384,-140.7184,171.0915,75.4691,49.9893
14.9100,23.7107,83.1697,-128.8275,-7.4046,-5.0800,5.9887,170.3029,112.8267,-131.7308,171.4134,75.2833,49.9903
14.9200,23.6366,83.1189,-128.7676,-5.7738,-3.9948,4.7195,155.3543,103.7325,-121.4499,171.6744,75.1334,49.9912
14.9300,23.5789,83.0789,-128.7204,-4.2975,-3.0054,3.5597,139.3837,93.6571,-109.8965,171.8792,75.0167,49.9920
14.9400,23.5359,83.0489,-128.6848,-2.9861,-2.1216,2.5216,122.3103,82.6019,-97.0924,172.0327,74.9302,49.9928
14.9500,23.5061,83.0276,-128.6596,-1.8513,-1.3533,1.6178,104.0530,70.5675,-83.0598,172.1407,74.8705,49.9935
14.9600,23.4875,83.0141,-128.6434,-0.9051,-0.7103,0.8604,84.5323,57.5539,-67.8196,172.2090,74.8341,49.9942
14.9700,23.4785,83.0070,-128.6348,-0.1606,-0.2022,0.2614,63.6718,43.5591,-51.3895,172.2442,74.8170,49.9947
14.9800,23.4769,83.0050,-128.6322,0.3684,0.1609,-0.1674,41.4006,28.5790,-33.7822,172.2533,74.8152,49.9953
14.9900,23.4806,83.0066,-128.6339,0.6674,0.3693,-0.4142,14.9519,10.4209,-12.3428,172.2438,74.8243,49.9957
15.0000,23.4872,83.0103,-128.6380,0.6674,0.3693,-0.4142,0.0000,0.0000,0.0000,172.2236,74.8393,49.9962
15.0100,23.4945,83.0144,-128.6427,0.6494,0.3009,-0.4481,-6.8452,-17.9102,-0.9824,172.2012,74.8554,49.9965
15.0200,23.5009,83.0174,-128.6472,0.5846,0.0548,-0.4871,-6.1624,-30.8592,-6.6103,172.1811,74.8699,49.9945
15.0300,23.5068,83.0180,-128.6521,0.5262,-0.3163,-0.5803,-5.5476,-42.9544,-11.8349,172.1630,74.8829,49.9852
15.0400,23.5121,83.0148,-128.6579,0.4736,-0.8043,-0.7238,-4.9940,-54.2293,-16.6621,172.1467,74.8946,49.9643
15.0500,23.5168,83.0068,-128.6651,0.4263,-1.4009,-0.9136,-4.4955,-64.7195,-21.0946,172.1320,74.9051,49.9276
15.0600,23.5211,82.9928,-128.6743,0.3837,-2.0986,-1.1457,-4.0468,-74.4627,-25.1324,172.1188,74.9146,49.8715
15.0700,23.5249,82.9718,-128.6857,0.3454,-2.8902,-1.4162,-3.6427,-83.4971,-28.7738,172.1069,74.9231,49.7922
15.0800,23.5283,82.9429,-128.6999,0.3108,-3.7686,-1.7212,-3.2789,-91.8609,-32.0163,172.0962,74.9308,49.6867
15.0900,23.5315,82.9052,-128.7171,0.2798,-4.7274,-2.0565,-2.9514,-99.5917,-34.8569,172.0865,74.9377,49.5518
15.1000,23.5343,82.8579,-128.7376,0.2518,-5.7604,-2.4183,-2.6566,-106.7255,-37.2926,172.0778,74.9439,49.3849
15.1100,23.5368,82.8003,-128.7618,0.2267,-6.8619,-2.8024,-2.3912,-113.2969,-39.3210,172.0699,74.9494,49.1836
15.1200,23.5390,82.7317,-128.7899,0.2040,-8.0264,-3.2047,-2.1523,-119.3381,-40.9409,172.0627,74.9544,48.9456
15.1300,23.5411,82.6514,-128.8219,0.1836,-9.2487,-3.6212,-1.9373,-124.8788,-42.1520,172.0562,74.9589,48.6689
15.1400,23.5429,82.5589,-128.8581,0.1653,-10.5239,-4.0478,-1.7437,-129.9459,-42.9555,172.0502,74.9629,48.3519
15.1500,23.5446,82.4537,-128.8986,0.1487,-11.8476,-4.4803,-1.5694,-134.5633,-43.3543,172.0448,74.9664,47.9929
15.1600,23.5461,82.3352,-128.9434,0.1339,-13.2152,-4.9148,-1.4126,-138.7517,-43.3532,172.0398,74.9695,47.5907
15.1700,23.5474,82.2031,-128.9925,0.1205,-14.6226,-5.3474,-1.2714,-142.5288,-42.9587,172.0352,74.9723,47.1442
15.1800,23.5486,82.0568,-129.0460,0.1084,-16.0658,-5.7740,-1.1443,-145.9087,-42.1794,172.0309,74.9747,46.6526
15.1900,23.5497,81.8962,-129.1038,0.0976,-17.5408,-6.1910,-1.0299,-148.9026,-41.0259,172.0269,74.9769,46.1150
15.2000,23.5507,81.7208,-129.1657,0.0878,-19.0438,-6.5945,-0.9270,-151.5183,-39.5108,172.0232,74.9787,45.5312
15.2100,23.5515,81.5303,-129.2316,0.0791,-20.5712,-6.9812,-0.8343,-153.7605,-37.6486,172.0196,74.9803,44.9006
15.2200,23.5523,81.3246,-129.3014,0.0712,-22.1190,-7.3475,-0.7509,-155.6312,-35.4561,172.0162,74.9816,44.2233
15.2300,23.5530,81.1034,-129.3749,0.0640,-23.6838,-7.6903,-0.6758,-157.1294,-32.9516,172.0129,74.9828,43.4992
15.2400,23.5537,80.8666,-129.4518,0.0576,-25.2616,-8.0065,-0.6083,-158.2518,-30.1556,172.0098,74.9837,42.7286
15.2500,23.5543,80.6140,-129.5319,0.0519,-26.8488,-8.2934,-0.5475,-158.9925,-27.0902,172.0067,74.9844,41.9118
15.2600,23.5548,80.3455,-129.6148,0.0467,-28.4415,-8.5483,-0.4927,-159.3441,-23.7793,172.0037,74.9849,41.0494
15.2700,23.5552,80.0611,-129.7003,0.0420,-30.0357,-8.7690,-0.4435,-159.2970,-20.2481,172.0008,74.9853,40.1419
15.2800,23.5557,79.7607,-129.7880,0.0378,-31.6274,-8.9533,-0.3991,-158.8405,-16.5234,171.9978,74.9855,39.1903
15.2900,23.5560,79.4445,-129.8775,0.0340,-33.2125,-9.0995,-0.3592,-157.9630,-12.6332,171.9950,74.9856,38.1954
15.3000,23.5564,79.1123,-129.9685,0.0306,-34.7867,-9.2060,-0.3233,-156.6521,-8.6068,171.9921,74.9856,37.1584
15.3100,23.5567,78.7645,-130.0606,0.0276,-36.3455,-9.2716,-0.2910,-154.8954,-4.4742,171.9892,74.9855,36.0804
15.3200,23.5570,78.4010,-130.1533,0.0248,-37.8846,-9.2955,-0.2619,-152.6803,-0.2661,171.9864,74.9852,34.9627
15.3300,23.5572,78.0222,-130.2462,0.0223,-39.3992,-9.2769,-0.2357,-149.9953,3.9858,171.9836,74.9849,33.8068
15.3400,23.5574,77.6282,-130.3390,0.0201,-40.8845,-9.2157,-0.2121,-146.8296,8.2499,171.9808,74.9844,32.6141
15.3500,23.5576,77.2193,-130.4312,0.0181,-42.3357,-9.1119,-0.1909,-143.1738,12.4942,171.9780,74.9839,31.3864
15.3600,23.5578,76.7960,-130.5223,0.0163,-43.7480,-8.9659,-0.1718,-139.0204,16.6869,171.9752,74.9834,30.1253
15.3700,23.5580,76.3585,-130.6119,0.0147,-45.1162,-8.7782,-0.1547,-134.3642,20.7964,171.9725,74.9828,28.8326
15.3800,23.5581,75.9073,-130.6997,0.0132,-46.4352,-8.5499,-0.1392,-129.2024,24.7918,171.9697,74.9821,27.5103
15.3900,23.5583,75.4430,-130.7852,0.0119,-47.7002,-8.2824,-0.1253,-123.5350,28.6427,171.9671,74.9814,26.1602
15.4000,23.5584,74.9660,-130.8680,0.0107,-48.9060,-7.9771,-0.1127,-117.3655,32.3201,171.9645,74.9807,24.7844
15.4100,23.5585,74.4769,-130.9478,0.0096,-50.0475,-7.6360,-0.1015,-110.7004,35.7960,171.9619,74.9800,23.3851
15.4200,23.5586,73.9764,-131.0242,0.0087,-51.1200,-7.2612,-0.0913,-103.5500,39.0441,171.9594,74.9792,21.9644
15.4300,23.5587,73.4652,-131.0968,0.0078,-52.1185,-6.8551,-0.0822,-95.9284,42.0398,171.9570,74.9785,20.5244
15.4400,23.5587,72.9441,-131.1653,0.0070,-53.0385,-6.4204,-0.0740,-87.8533,44.7605,171.9547,74.9777,19.0675
15.4500,23.5588,72.4137,-131.2295,0.0063,-53.8756,-5.9599,-0.0666,-79.3465,47.1858,171.9525,74.9770,17.5959
15.4600,23.5589,71.8749,-131.2891,0.0057,-54.6255,-5.4766,-0.0599,-70.4333,49.2976,171.9504,74.9763,16.1120
15.4700,23.5589,71.3287,-131.3439,0.0051,-55.2842,-4.9739,-0.0539,-61.1428,51.0807,171.9484,74.9757,14.6182
15.4800,23.5590,70.7758,-131.3936,0.0046,-55.8483,-4.4550,-0.0485,-51.5076,52.5225,171.9465,74.9750,13.1168
15.4900,23.5590,70.2173,-131.4382,0.0041,-56.3144,-3.9235,-0.0437,-41.5634,53.6130,171.9448,74.9745,11.6102
15.5000,23.5591,69.6542,-131.4774,0.0037,-56.6796,-3.3828,-0.0393,-31.3491,54.3457,171.9433,74.9739,10.1009
15.5100,23.5591,69.0874,-131.5113,0.0034,-56.9414,-2.8365,-0.0354,-20.9059,54.7167,171.9418,74.9734,8.5913
15.5200,23.5591,68.5180,-131.5396,0.0030,-57.0977,-2.2884,-0.0318,-10.2775,54.7256,171.9406,74.9730,7.0838
15.5300,23.5592,67.9470,-131.5625,0.0027,-57.1469,-1.7420,-0.0287,0.4908,54.3748,171.9395,74.9727,5.5809
15.5400,23.5592,67.3755,-131.5799,0.0024,-57.0879,-1.2009,-0.0258,11.3520,53.6700,171.9386,74.9724,4.0849
15.5500,23.5592,66.8047,-131.5919,0.0022,-56.9199,-0.6686,-0.0232,22.2584,52.6199,171.9379,74.9721,2.5983
15.5600,23.5592,66.2355,-131.5986,0.0020,-56.6427,-0.1485,-0.0209,33.1618,51.2359,171.9373,74.9720,1.1234
15.5700,23.5593,65.6690,-131.6001,0.0018,-56.2566,0.3561,-0.0188,44.0137,49.5327,171.9370,74.9719,-0.3375
15.5800,23.5593,65.1065,-131.5965,0.0016,-55.7624,0.8421,-0.0169,54.7663,47.5271,171.9368,74.9719,-1.7819
15.5900,23.5593,64.5488,-131.5881,0.0014,-55.1613,1.3066,-0.0152,65.3721,45.2387,171.9368,74.9719,-3.2077
15.6000,23.5593,63.9972,-131.5751,0.0013,-54.4550,1.7469,-0.0137,75.7849,42.6894,171.9370,74.9721,-4.6126
15.6100,23.5593,63.4527,-131.5576,0.0012,-53.6456,2.1604,-0.0123,85.9600,39.9031,171.9374,74.9723,-5.9945
15.6200,23.5593,62.9162,-131.5360,0.0011,-52.7358,2.5450,-0.0111,95.8541,36.9053,171.9379,74.9726,-7.3512
15.6300,23.5593,62.3889,-131.5105,0.0009,-51.7285,2.8985,-0.0100,105.4259,33.7234,171.9386,74.9729,-8.6807
15.6400,23.5594,61.8716,-131.4815,0.0009,-50.6273,3.2194,-0.0090,114.6362,30.3858,171.9395,74.9733,-9.9809
15.6500,23.5594,61.3653,-131.4494,0.0008,-49.4358,3.5062,-0.0081,123.4475,26.9220,171.9406,74.9738,-11.2501
15.6600,23.5594,60.8709,-131.4143,0.0007,-48.1583,3.7579,-0.0073,131.8251,23.3622,171.9417,74.9744,-12.4863
15.6700,23.5594,60.3894,-131.3767,0.0006,-46.7993,3.9735,-0.0066,139.7359,19.7372,171.9431,74.9750,-13.6878
15.6800,23.5594,59.9214,-131.3370,0.0006,-45.3636,4.1526,-0.0059,147.1493,16.0778,171.9446,74.9756,-14.8530
15.6900,23.5594,59.4677,-131.2955,0.0005,-43.8563,4.2950,-0.0053,154.0366,12.4147,171.9461,74.9763,-15.9804
15.7000,23.5594,59.0292,-131.2525,0.0005,-42.2829,4.4009,-0.0048,160.3712,8.7784,171.9478,74.9771,-17.0684
15.7100,23.5594,58.6063,-131.2085,0.0004,-40.6489,4.4706,-0.0043,166.1282,5.1987,171.9496,74.9779,-18.1158
15.7200,23.5594,58.1998,-131.1638,0.0004,-38.9603,4.5049,-0.0039,171.2842,1.7045,171.9515,74.9787,-19.1213
15.7300,23.5594,57.8102,-131.1187,0.0003,-37.2232,4.5047,-0.0035,175.8176,-1.6761,171.9535,74.9796,-20.0838
15.7400,23.5594,57.4380,-131.0737,0.0003,-35.4440,4.4714,-0.0031,179.7077,-4.9167,171.9555,74.9805,-21.0024
15.7500,23.5594,57.0836,-131.0290,0.0003,-33.6291,4.4064,-0.0028,182.9351,-7.9920,171.9576,74.9814,-21.8762
15.7600,23.5594,56.7473,-130.9849,0.0002,-31.7853,4.3115,-0.0025,185.4811,-10.8785,171.9597,74.9823,-22.7046
15.7700,23.5594,56.4294,-130.9418,0.0002,-29.9194,4.1888,-0.0023,187.3278,-13.5544,171.9618,74.9833,-23.4869
15.7800,23.5594,56.1302,-130.8999,0.0002,-28.0387,4.0404,-0.0021,188.4576,-16.0002,171.9639,74.9842,-24.2228
15.7900,23.5594,55.8498,-130.8595,0.0002,-26.1503,3.8688,-0.0018,188.8533,-18.1981,171.9661,74.9851,-24.9120
15.8000,23.5594,55.5883,-130.8208,0.0002,-24.2616,3.6765,-0.0017,188.4978,-20.1326,171.9682,74.9861,-25.5545
15.8100,23.5594,55.3457,-130.7841,0.0001,-22.3803,3.4661,-0.0015,187.3738,-21.7906,171.9702,74.9870,-26.1503
15.8200,23.5594,55.1219,-130.7494,0.0001,-20.5142,3.2406,-0.0013,185.4641,-23.1613,171.9723,74.9879,-26.6997
15.8300,23.5594,54.9168,-130.7170,0.0001,-18.6711,3.0029,-0.0012,182.7511,-24.2361,171.9743,74.9887,-27.2031
15.8400,23.5594,54.7301,-130.6870,0.0001,-16.8591,2.7559,-0.0011,179.2168,-25.0092,171.9762,74.9896,-27.6611
15.8500,23.5594,54.5615,-130.6594,0.0001,-15.0867,2.5027,-0.0010,174.8430,-25.4769,171.9780,74.9904,-28.0745
15.8600,23.5594,54.4106,-130.6344,0.0001,-13.3623,2.2464,-0.0009,169.6106,-25.6379,171.9798,74.9912,-28.4444
15.8700,23.5594,54.2770,-130.6119,0.0001,-11.6945,1.9900,-0.0008,163.5005,-25.4933,171.9815,74.9919,-28.7719
15.8800,23.5594,54.1600,-130.5920,0.0001,-10.0923,1.7365,-0.0007,156.4928,-25.0464,171.9831,74.9926,-29.0585
15.8900,23.5594,54.0591,-130.5746,0.0001,-8.5647,1.4890,-0.0006,148.5673,-24.3024,171.9846,74.9933,-29.3058
15.9000,23.5594,53.9735,-130.5598,0.0001,-7.1209,1.2505,-0.0006,139.7032,-23.2686,171.9860,74.9939,-29.5156
15.9100,23.5594,53.9023,-130.5472,0.0000,-5.7706,1.0237,-0.0005,129.8794,-21.9537,171.9873,74.9944,-29.6900
15.9200,23.5594,53.8446,-130.5370,0.0000,-4.5233,0.8114,-0.0005,119.0744,-20.3679,171.9885,74.9950,-29.8312
15.9300,23.5594,53.7993,-130.5289,0.0000,-3.3891,0.6163,-0.0004,107.2664,-18.5223,171.9896,74.9955,-29.9419
15.9400,23.5594,53.7654,-130.5227,0.0000,-2.3780,0.4410,-0.0004,94.4333,-16.4288,171.9906,74.9959,-30.0248
15.9500,23.5594,53.7417,-130.5183,0.0000,-1.5004,0.2877,-0.0003,80.5529,-14.0993,171.9916,74.9963,-30.0829
15.9600,23.5594,53.7267,-130.5154,0.0000,-0.7670,0.1590,-0.0003,65.6026,-11.5453,171.9924,74.9967,-30.1195
15.9700,23.5594,53.7190,-130.5139,0.0000,-0.1884,0.0568,-0.0003,49.5598,-8.7774,171.9932,74.9970,-30.1381
15.9800,23.5594,53.7171,-130.5133,0.0000,0.2242,-0.0166,-0.0002,32.4017,-5.8044,171.9938,74.9973,-30.1426
15.9900,23.5594,53.7193,-130.5135,0.0000,0.4597,-0.0593,-0.0001,11.7705,-2.1338,171.9945,74.9976,-30.1369
16.0000,23.5594,53.7239,-130.5140,0.0000,0.4597,-0.0593,0.0000,0.0000,0.0000,171.9950,74.9978,-30.1255
16.0100,23.5594,53.7290,-130.5147,0.0000,0.5548,-0.0793,-0.0002,14.7497,-2.6989,171.9955,74.9980,-30.1130
16.0200,23.5594,53.7346,-130.5155,0.0000,0.8013,-0.1232,-0.0002,33.8901,-5.9645,171.9960,74.9982,-30.0992
16.0300,23.5594,53.7426,-130.5168,0.0000,1.2326,-0.1986,-0.0001,51.7157,-8.9944,171.9964,74.9984,-30.0795
16.0400,23.5594,53.7549,-130.5187,0.0000,1.8357,-0.3031,-0.0001,68.2692,-11.7874,171.9967,74.9986,-30.0491
16.0500,23.5594,53.7732,-130.5218,0.0000,2.5980,-0.4343,-0.0001,83.5913,-14.3389,171.9970,74.9987,-30.0040
16.0600,23.5594,53.7992,-130.5261,0.0000,3.5075,-0.5899,-0.0001,97.7207,-16.6419,171.9973,74.9988,-29.9402
16.0700,23.5594,53.8343,-130.5320,0.0000,4.5524,-0.7672,-0.0001,110.6943,-18.6879,171.9976,74.9989,-29.8541
16.0800,23.5594,53.8798,-130.5397,0.0000,5.7214,-0.9636,-0.0001,122.5472,-20.4674,171.9978,74.9990,-29.7423
16.0900,23.5594,53.9370,-130.5493,0.0000,7.0033,-1.1765,-0.0001,133.3131,-21.9710,171.9979,74.9991,-29.6019
16.1000,23.5594,54.0071,-130.5611,0.0000,8.3876,-1.4031,-0.0001,143.0242,-23.1896,171.9980,74.9991,-29.4300
16.1100,23.5594,54.0909,-130.5751,0.0000,9.8638,-1.6403,-0.0001,151.7115,-24.1151,171.9981,74.9992,-29.2242
16.1200,23.5594,54.1896,-130.5915,0.0000,11.4219,-1.8854,-0.0001,159.4045,-24.7403,171.9981,74.9992,-28.9821
16.1300,23.5594,54.3038,-130.6104,0.0000,13.0519,-2.1351,-0.0001,166.1315,-25.0602,171.9981,74.9992,-28.7017
16.1400,23.5594,54.4343,-130.6317,0.0000,14.7445,-2.3866,-0.0000,171.9197,-25.0710,171.9979,74.9991,-28.3813
16.1500,23.5594,54.5818,-130.6556,0.0000,16.4903,-2.6366,-0.0000,176.7951,-24.7714,171.9977,74.9990,-28.0194
16.1600,23.5594,54.7467,-130.6820,0.0000,18.2804,-2.8820,-0.0000,180.7826,-24.1621,171.9974,74.9989,-27.6145
16.1700,23.5594,54.9295,-130.7108,0.0000,20.1060,-3.1198,-0.0000,183.9061,-23.2462,171.9971,74.9987,-27.1656
16.1800,23.5594,55.1305,-130.7420,0.0000,21.9585,-3.3469,-0.0000,186.1886,-22.0288,171.9966,74.9985,-26.6717
16.1900,23.5594,55.3501,-130.7755,0.0000,23.8297,-3.5604,-0.0000,187.6523,-20.5179,171.9960,74.9983,-26.1322
16.2000,23.5594,55.5884,-130.8111,0.0000,25.7116,-3.7573,-0.0000,188.3186,-18.7236,171.9954,74.9980,-25.5465
16.2100,23.5594,55.8455,-130.8486,0.0000,27.5961,-3.9348,-0.0000,188.2084,-16.6583,171.9946,74.9976,-24.9143
16.2200,23.5594,56.1215,-130.8880,0.0000,29.4757,-4.0904,-0.0000,187.3422,-14.3368,171.9937,74.9972,-24.2355
16.2300,23.5594,56.4163,-130.9289,0.0000,31.3430,-4.2216,-0.0000,185.7401,-11.7760,171.9927,74.9968,-23.5100
16.2400,23.5594,56.7297,-130.9711,0.0000,33.1905,-4.3260,-0.0000,183.4223,-8.9952,171.9915,74.9963,-22.7381
16.2500,23.5594,57.0616,-131.0144,0.0000,35.0114,-4.4015,-0.0000,180.4088,-6.0153,171.9903,74.9958,-21.9202
16.2600,23.5594,57.4117,-131.0584,0.0000,36.7987,-4.4463,-0.0000,176.7202,-2.8594,171.9889,74.9952,-21.0566
16.2700,23.5594,57.7797,-131.1028,0.0000,38.5458,-4.4587,-0.0000,172.3775,0.4480,171.9875,74.9945,-20.1482
16.2800,23.5594,58.1651,-131.1474,0.0000,40.2463,-4.4373,-0.0000,167.4025,3.8806,171.9859,74.9939,-19.1956
16.2900,23.5594,58.5676,-131.1918,0.0000,41.8939,-4.3811,-0.0000,161.8177,7.4110,171.9842,74.9931,-18.1999
16.3000,23.5594,58.9865,-131.2356,0.0000,43.4826,-4.2891,-0.0000,155.6471,11.0106,171.9825,74.9923,-17.1620
16.3100,23.5594,59.4214,-131.2785,0.0000,45.0068,-4.1608,-0.0000,148.9158,14.6498,171.9806,74.9915,-16.0832
16.3200,23.5594,59.8714,-131.3201,0.0000,46.4609,-3.9961,-0.0000,141.6505,18.2985,171.9786,74.9907,-14.9648
16.3300,23.5594,60.3361,-131.3601,0.0000,47.8398,-3.7949,-0.0000,133.8798,21.9259,171.9766,74.9898,-13.8081
16.3400,23.5594,60.8144,-131.3980,0.0000,49.1385,-3.5576,-0.0000,125.6339,25.5012,171.9745,74.9889,-12.6148
16.3500,23.5594,61.3058,-131.4336,0.0000,50.3525,-3.2849,-0.0000,116.9450,28.9937,171.9724,74.9880,-11.3864
16.3600,23.5594,61.8094,-131.4664,0.0000,51.4774,-2.9777,-0.0000,107.8475,32.3729,171.9702,74.9870,-10.1247
16.3700,23.5594,62.3241,-131.4962,0.0000,52.5094,-2.6374,-0.0000,98.3776,35.6092,171.9680,74.9860,-8.8314
16.3800,23.5594,62.8492,-131.5226,0.0000,53.4450,-2.2655,-0.0000,88.5739,38.6734,171.9657,74.9851,-7.5084
16.3900,23.5594,63.3837,-131.5452,0.0000,54.2809,-1.8639,-0.0000,78.4765,41.5380,171.9635,74.9841,-6.1578
16.4000,23.5594,63.9265,-131.5639,0.0000,55.0145,-1.4348,-0.0000,68.1279,44.1765,171.9613,74.9831,-4.7815
16.4100,23.5594,64.4766,-131.5782,0.0000,55.6435,-0.9804,-0.0000,57.5718,46.5643,171.9590,74.9821,-3.3816
16.4200,23.5594,65.0331,-131.5880,0.0000,56.1659,-0.5035,-0.0000,46.8538,48.6788,171.9569,74.9812,-1.9603
16.4300,23.5594,65.5947,-131.5931,0.0000,56.5805,-0.0068,-0.0000,36.0203,50.4993,171.9547,74.9803,-0.5199
16.4400,23.5594,66.1605,-131.5931,0.0000,56.8863,0.5065,-0.0000,25.1190,52.0077,171.9527,74.9794,0.9375
16.4500,23.5594,66.7294,-131.5881,0.0000,57.0829,1.0333,-0.0000,14.1978,53.1884,171.9507,74.9785,2.4096
16.4600,23.5594,67.3002,-131.5777,0.0000,57.1703,1.5703,-0.0000,3.3050,54.0285,171.9488,74.9777,3.8939
16.4700,23.5594,67.8719,-131.5620,0.0000,57.1490,2.1139,-0.0000,-7.5116,54.5182,171.9470,74.9769,5.3882
16.4800,23.5594,68.4434,-131.5409,0.0000,57.0201,2.6606,-0.0000,-18.2046,54.6503,171.9453,74.9761,6.8900
16.4900,23.5594,69.0136,-131.5143,0.0000,56.7849,3.2069,-0.0000,-28.7280,54.4209,171.9437,74.9754,8.3969
16.5000,23.5594,69.5815,-131.4822,0.0000,56.4455,3.7491,-0.0000,-39.0373,53.8293,171.9422,74.9748,9.9065
16.5100,23.5594,70.1459,-131.4447,0.0000,56.0042,4.2835,-0.0000,-49.0899,52.8777,171.9409,74.9742,11.4164
16.5200,23.5594,70.7060,-131.4019,0.0000,55.4637,4.8066,-0.0000,-58.8457,51.5716,171.9398,74.9737,12.9241
16.5300,23.5594,71.2606,-131.3538,0.0000,54.8273,5.3149,-0.0000,-68.2672,49.9193,171.9388,74.9733,14.4273
16.5400,23.5594,71.8089,-131.3007,0.0000,54.0984,5.8050,-0.0000,-77.3203,47.9323,171.9379,74.9729,15.9235
16.5500,23.5594,72.3499,-131.2426,0.0000,53.2809,6.2736,-0.0000,-85.9738,45.6248,171.9372,74.9726,17.4103
16.5600,23.5594,72.8827,-131.1799,0.0000,52.3789,6.7175,-0.0000,-94.2005,43.0136,171.9367,74.9724,18.8853
16.5700,23.5594,73.4065,-131.1127,0.0000,51.3969,7.1338,-0.0000,-101.9766,40.1181,171.9364,74.9723,20.3462
16.5800,23.5594,73.9204,-131.0414,0.0000,50.3394,7.5199,-0.0000,-109.2823,36.9600,171.9363,74.9722,21.7907
16.5900,23.5594,74.4238,-130.9662,0.0000,49.2112,7.8730,-0.0000,-116.1017,33.5632,171.9363,74.9722,23.2165
16.6000,23.5594,74.9159,-130.8875,0.0000,48.0173,8.1911,-0.0000,-122.4225,29.9532,171.9365,74.9723,24.6214
16.6100,23.5594,75.3961,-130.8055,0.0000,46.7628,8.4721,-0.0000,-128.2363,26.1574,171.9369,74.9725,26.0032
16.6200,23.5594,75.8637,-130.7208,0.0000,45.4526,8.7143,-0.0000,-133.5381,22.2045,171.9375,74.9727,27.3598
16.6300,23.5594,76.3183,-130.6337,0.0000,44.0920,8.9162,-0.0000,-138.3263,18.1242,171.9382,74.9731,28.6891
16.6400,23.5594,76.7592,-130.5445,0.0000,42.6861,9.0768,-0.0000,-142.6026,13.9472,171.9391,74.9735,29.9892
16.6500,23.5594,77.1860,-130.4537,0.0000,41.2399,9.1951,-0.0000,-146.3710,9.7048,171.9402,74.9739,31.2582
16.6600,23.5594,77.5984,-130.3618,0.0000,39.7587,9.2709,-0.0000,-149.6384,5.4288,171.9414,74.9744,32.4942
16.6700,23.5594,77.9960,-130.2691,0.0000,38.2472,9.3037,-0.0000,-152.4134,1.1508,171.9427,74.9750,33.6955
16.6800,23.5594,78.3785,-130.1761,0.0000,36.7104,9.2939,-0.0000,-154.7066,-3.0974,171.9442,74.9757,34.8605
16.6900,23.5594,78.7456,-130.0831,0.0000,35.1530,9.2418,-0.0000,-156.5297,-7.2844,171.9458,74.9764,35.9875
16.7000,23.5594,79.0971,-129.9907,0.0000,33.5798,9.1482,-0.0000,-157.8951,-11.3794,171.9475,74.9771,37.0753
16.7100,23.5594,79.4329,-129.8992,0.0000,31.9951,9.0142,-0.0000,-158.8160,-15.3523,171.9493,74.9779,38.1223
16.7200,23.5594,79.7529,-129.8091,0.0000,30.4035,8.8411,-0.0000,-159.3054,-19.1741,171.9512,74.9787,39.1275
16.7300,23.5594,80.0569,-129.7207,0.0000,28.8090,8.6307,-0.0000,-159.3759,-22.8166,171.9532,74.9796,40.0898
16.7400,23.5594,80.3450,-129.6344,0.0000,27.2160,8.3848,-0.0000,-159.0396,-26.2531,171.9553,74.9805,41.0080
16.7500,23.5594,80.6172,-129.5505,0.0000,25.6282,8.1056,-0.0000,-158.3072,-29.4584,171.9573,74.9814,41.8815
16.7600,23.5594,80.8734,-129.4694,0.0000,24.0498,7.7956,-0.0000,-157.1882,-32.4087,171.9595,74.9823,42.7096
16.7700,23.5594,81.1139,-129.3915,0.0000,22.4845,7.4575,-0.0000,-155.6902,-35.0820,171.9616,74.9833,43.4916
16.7800,23.5594,81.3388,-129.3169,0.0000,20.9360,7.0940,-0.0000,-153.8189,-37.4582,171.9637,74.9842,44.2272
16.7900,23.5594,81.5481,-129.2460,0.0000,19.4081,6.7083,-0.0000,-151.5774,-39.5189,171.9659,74.9851,44.9161
16.8000,23.5594,81.7422,-129.1789,0.0000,17.9045,6.3036,-0.0000,-148.9665,-41.2478,171.9680,74.9860,45.5583
16.8100,23.5594,81.9213,-129.1159,0.0000,16.4288,5.8833,-0.0000,-145.9844,-42.6309,171.9701,74.9870,46.1539
16.8200,23.5594,82.0856,-129.0570,0.0000,14.9848,5.4510,-0.0000,-142.6261,-43.6559,171.9721,74.9878,46.7030
16.8300,23.5594,82.2354,-129.0025,0.0000,13.5763,5.0102,-0.0000,-138.8840,-44.3130,171.9741,74.9887,47.2061
16.8400,23.5594,82.3712,-128.9524,0.0000,12.2071,4.5647,-0.0000,-134.7472,-44.5944,171.9760,74.9896,47.6639
16.8500,23.5594,82.4932,-128.9068,0.0000,10.8813,4.1183,-0.0000,-130.2019,-44.4945,171.9779,74.9904,48.0771
16.8600,23.5594,82.6021,-128.8656,0.0000,9.6031,3.6749,-0.0000,-125.2312,-44.0098,171.9797,74.9911,48.4467
16.8700,23.5594,82.6981,-128.8288,0.0000,8.3767,3.2381,-0.0000,-119.8153,-43.1389,171.9814,74.9919,48.7741
16.8800,23.5594,82.7819,-128.7965,0.0000,7.2067,2.8121,-0.0000,-113.9314,-41.8823,171.9830,74.9926,49.0605
16.8900,23.5594,82.8539,-128.7683,0.0000,6.0981,2.4005,-0.0000,-107.5543,-40.2424,171.9845,74.9932,49.3076
16.9000,23.5594,82.9149,-128.7443,0.0000,5.0557,2.0072,-0.0000,-100.6561,-38.2232,171.9859,74.9939,49.5172
16.9100,23.5594,82.9655,-128.7243,0.0000,4.0849,1.6360,-0.0000,-93.2069,-35.8302,171.9872,74.9944,49.6914
16.9200,23.5594,83.0063,-128.7079,0.0000,3.1915,1.2906,-0.0000,-85.1752,-33.0701,171.9884,74.9950,49.8326
16.9300,23.5594,83.0382,-128.6950,0.0000,2.3814,0.9746,-0.0000,-76.5278,-29.9505,171.9896,74.9954,49.9431
16.9400,23.5594,83.0620,-128.6852,0.0000,1.6610,0.6916,-0.0000,-67.2308,-26.4796,171.9906,74.9959,50.0259
16.9500,23.5594,83.0786,-128.6783,0.0000,1.0368,0.4450,-0.0000,-57.2501,-22.6655,171.9915,74.9963,50.0839
16.9600,23.5594,83.0890,-128.6739,0.0000,0.5160,0.2383,-0.0000,-46.5517,-18.5163,171.9924,74.9967,50.1204
16.9700,23.5594,83.0942,-128.6715,0.0000,0.1058,0.0747,-0.0000,-35.1028,-14.0387,171.9931,74.9970,50.1389
16.9800,23.5594,83.0952,-128.6707,0.0000,-0.1861,-0.0425,-0.0000,-22.8725,-9.2383,171.9938,74.9973,50.1433
16.9900,23.5594,83.0934,-128.6712,0.0000,-0.3517,-0.1101,-0.0000,-8.2791,-3.3789,171.9944,74.9976,50.1375
17.0000,23.5594,83.0899,-128.6723,0.0000,-0.3517,-0.1101,0.0000,0.0000,0.0000,171.9950,74.9978,50.1261
17.0100,23.5594,83.0860,-128.6735,0.1071,-0.3060,-0.1575,21.1339,11.2414,-7.7294,171.9955,74.9980,50.1135
17.0200,23.5605,83.0830,-128.6751,0.4227,-0.1579,-0.2794,41.2975,18.1325,-16.3526,171.9933,75.0009,50.1021
17.0300,23.5647,83.0814,-128.6779,0.9330,0.0567,-0.4845,60.1027,24.5555,-24.3727,171.9833,75.0116,50.0919
17.0400,23.5741,83.0820,-128.6827,1.6247,0.3332,-0.7669,77.6024,30.5103,-31.7914,171.9606,75.0351,50.0827
17.0500,23.5903,83.0853,-128.6904,2.4851,0.6669,-1.1204,93.8512,35.9928,-38.6048,171.9209,75.0758,50.0744
17.0600,23.6152,83.0920,-128.7016,3.5018,1.0531,-1.5390,108.9041,40.9960,-44.8051,171.8599,75.1379,50.0670
17.0700,23.6502,83.1025,-128.7170,4.6631,1.4868,-2.0165,122.8160,45.5112,-50.3818,171.7739,75.2254,50.0603
17.0800,23.6968,83.1174,-128.7372,5.9581,1.9633,-2.5466,135.6412,49.5288,-55.3230,171.6593,75.3418,50.0543
17.0900,23.7564,83.1370,-128.7626,7.3760,2.4774,-3.1229,147.4319,53.0392,-59.6166,171.5128,75.4903,50.0488
17.1000,23.8302,83.1618,-128.7939,8.9067,3.0241,-3.7389,158.2387,56.0327,-63.2514,171.3315,75.6740,50.0439
17.1100,23.9192,83.1920,-128.8312,10.5407,3.5981,-4.3880,168.1090,58.5009,-66.2174,171.1128,75.8954,50.0395
17.1200,24.0246,83.2280,-128.8751,12.2689,4.1941,-5.0633,177.0878,60.4363,-68.5066,170.8541,76.1572,50.0355
17.1300,24.1473,83.2699,-128.9258,14.0825,4.8068,-5.7581,185.2161,61.8333,-70.1139,170.5535,76.4614,50.0319
17.1400,24.2881,83.3180,-128.9833,15.9732,5.4307,-6.4656,192.5317,62.6876,-71.0371,170.2088,76.8098,50.0287
17.1500,24.4479,83.3723,-129.0480,17.9331,6.0605,-7.1788,199.0683,62.9975,-71.2771,169.8186,77.2043,50.0257
17.1600,24.6272,83.4329,-129.1198,19.9546,6.6907,-7.8911,204.8555,62.7628,-70.8388,169.3813,77.6461,50.0231
17.1700,24.8268,83.4998,-129.1987,22.0302,7.3158,-8.5956,209.9192,61.9862,-69.7306,168.8959,78.1366,50.0206
17.1800,25.0471,83.5730,-129.2846,24.1530,7.9304,-9.2857,214.2806,60.6723,-67.9648,168.3612,78.6765,50.0184
17.1900,25.2886,83.6523,-129.3775,26.3158,8.5292,-9.9549,217.9572,58.8285,-65.5577,167.7766,79.2668,50.0164
17.2000,25.5517,83.7376,-129.4771,28.5121,9.1070,-10.5969,220.9623,56.4648,-62.5297,167.1416,79.9078,50.0146
17.2100,25.8369,83.8286,-129.5830,30.7351,9.6585,-11.2055,223.3053,53.5936,-58.9049,166.4557,80.6000,50.0129
17.2200,26.1442,83.9252,-129.6951,32.9782,10.1789,-11.7750,224.9919,50.2304,-54.7112,165.7189,81.3435,50.0114
17.2300,26.4740,84.0270,-129.8128,35.2349,10.6631,-12.2997,226.0245,46.3932,-49.9807,164.9311,82.1382,50.0099
17.2400,26.8263,84.1336,-129.9358,37.4987,11.1067,-12.7746,226.4021,42.1032,-44.7486,164.0926,82.9839,50.0086
17.2500,27.2013,84.2447,-130.0636,39.7630,11.5052,-13.1947,226.1210,37.3845,-39.0540,163.2038,83.8802,50.0075
17.2600,27.5990,84.3598,-130.1955,42.0211,11.8544,-13.5557,225.1751,32.2642,-32.9390,162.2653,84.8265,50.0064
17.2700,28.0192,84.4783,-130.3311,44.2665,12.1505,-13.8535,223.5564,26.7725,-26.4490,161.2778,85.8222,50.0053
17.2800,28.4618,84.5998,-130.4696,46.4923,12.3899,-14.0846,221.2554,20.9430,-19.6321,160.2421,86.8662,50.0044
17.2900,28.9268,84.7237,-130.6105,48.6916,12.5693,-14.2461,218.2619,14.8123,-12.5390,159.1593,87.9577,50.0036
17.3000,29.4137,84.8494,-130.7529,50.8575,12.6861,-14.3354,214.5651,8.4202,-5.2228,158.0306,89.0954,50.0028
17.3100,29.9223,84.9763,-130.8963,52.9829,12.7378,-14.3506,210.1549,1.8097,2.2615,156.8572,90.2780,50.0021
17.3200,30.4521,85.1036,-131.0398,55.0606,12.7223,-14.2902,205.0220,-4.9731,9.8572,155.6406,91.5041,50.0014
17.3300,31.0027,85.2309,-131.1827,57.0833,12.6383,-14.1534,199.1591,-11.8792,17.5063,154.3824,92.7722,50.0008
17.3400,31.5735,85.3572,-131.3242,59.0438,12.4847,-13.9401,192.5612,-18.8567,25.1500,153.0842,94.0805,50.0003
17.3500,32.1640,85.4821,-131.4636,60.9346,12.2612,-13.6504,185.2263,-25.8516,32.7290,151.7478,95.4274,49.9999
17.3600,32.7733,85.6047,-131.6001,62.7483,11.9677,-13.2855,177.1565,-32.8074,40.1837,150.3750,96.8110,49.9995
17.3700,33.4008,85.7244,-131.7330,64.4777,11.6050,-12.8468,168.3582,-39.6661,47.4554,148.9680,98.2292,49.9991
17.3800,34.0456,85.8404,-131.8614,66.1155,11.1744,-12.3364,158.8429,-46.3685,54.4858,147.5286,99.6801,49.9989
17.3900,34.7067,85.9522,-131.9848,67.6545,10.6776,-11.7570,148.6277,-52.8548,61.2183,146.0591,101.1615,49.9986
17.4000,35.3833,86.0590,-132.1024,69.0880,10.1173,-11.1120,137.7357,-59.0653,67.5983,144.5617,102.6711,49.9985
17.4100,36.0741,86.1601,-132.2135,70.4093,9.4963,-10.4051,126.1963,-64.9410,73.5734,143.0387,104.2068,49.9983
17.4200,36.7782,86.2551,-132.3175,71.6119,8.8185,-9.6405,114.0456,-70.4246,79.0942,141.4925,105.7661,49.9983
17.4300,37.4944,86.3433,-132.4140,72.6902,8.0878,-8.8232,101.3261,-75.4612,84.1148,139.9254,107.3467,49.9982
17.4400,38.2213,86.4242,-132.5022,73.6385,7.3092,-7.9583,88.0869,-79.9993,88.5933,138.3400,108.9460,49.9982
17.4500,38.9576,86.4972,-132.5818,74.4519,6.4879,-7.0513,74.3833,-83.9914,92.4920,136.7388,110.5616,49.9983
17.4600,39.7022,86.5621,-132.6523,75.1261,5.6294,-6.1084,60.2764,-87.3951,95.7784,135.1243,112.1910,49.9983
17.4700,40.4534,86.6184,-132.7134,75.6574,4.7400,-5.1358,45.8327,-90.1736,98.4248,133.4991,113.8314,49.9984
17.4800,41.2100,86.6658,-132.7647,76.0428,3.8259,-4.1399,31.1232,-92.2968,100.4093,131.8658,115.4804,49.9985
17.4900,41.9704,86.7041,-132.8061,76.2799,2.8940,-3.1276,16.2225,-93.7414,101.7157,130.2271,117.1353,49.9986
17.5000,42.7332,86.7330,-132.8374,76.3672,1.9511,-2.1056,1.2082,-94.4917,102.3339,128.5856,118.7935,49.9987
17.5100,43.4969,86.7525,-132.8585,76.3041,1.0042,-1.0809,-13.8405,-94.5401,102.2600,126.9439,120.4522,49.9988
17.5200,44.2599,86.7626,-132.8693,76.0904,0.0603,-0.0604,-28.8435,-93.8867,101.4961,125.3048,122.1089,49.9990
17.5300,45.0208,86.7632,-132.8699,75.7272,-0.8736,0.9490,-43.7214,-92.5400,100.0508,123.6708,123.7608,49.9991
17.5400,45.7781,86.7544,-132.8604,75.2160,-1.7905,1.9406,-58.3959,-90.5163,97.9386,122.0446,125.4053,49.9992
17.5500,46.5303,86.7365,-132.8410,74.5593,-2.6839,2.9078,-72.7916,-87.8396,95.1800,120.4288,127.0399,49.9992
17.5600,47.2759,86.7097,-132.8119,73.7602,-3.5473,3.8442,-86.8364,-84.5409,91.8012,118.8261,128.6618,49.9993
17.5700,48.0135,86.6742,-132.7735,72.8225,-4.3747,4.7438,-100.4625,-80.6583,87.8337,117.2388,130.2685,49.9993
17.5800,48.7417,86.6305,-132.7260,71.7509,-5.1605,5.6009,-113.6074,-76.2353,83.3142,115.6697,131.8574,49.9993
17.5900,49.4592,86.5789,-132.6700,70.5504,-5.8994,6.4101,-126.2141,-71.3209,78.2838,114.1211,133.4261,49.9993
17.6000,50.1647,86.5199,-132.6059,69.2266,-6.5869,7.1666,-138.2320,-65.9683,72.7878,112.5955,134.9721,49.9993
17.6100,50.8570,86.4540,-132.5342,67.7858,-7.2188,7.8659,-149.6166,-60.2341,66.8753,111.0952,136.4930,49.9993
17.6200,51.5348,86.3818,-132.4556,66.2343,-7.7916,8.5041,-160.3302,-54.1776,60.5982,109.6225,137.9865,49.9992
17.6300,52.1972,86.3039,-132.3705,64.5792,-8.3023,9.0778,-170.3415,-47.8596,54.0111,108.1797,139.4502,49.9991
17.6400,52.8430,86.2209,-132.2798,62.8275,-8.7487,9.5843,-179.6257,-41.3417,47.1708,106.7689,140.8821,49.9990
17.6500,53.4712,86.1334,-132.1839,60.9866,-9.1292,10.0212,-188.1639,-34.6858,40.1352,105.3922,142.2799,49.9989
17.6600,54.0811,86.0421,-132.0837,59.0642,-9.4425,10.3870,-195.9428,-27.9528,32.9635,104.0515,143.6417,49.9988
17.6700,54.6717,85.9477,-131.9798,57.0678,-9.6882,10.6805,-202.9543,-21.2024,25.7149,102.7487,144.9655,49.9987
17.6800,55.2424,85.8508,-131.8730,55.0051,-9.8665,10.9013,-209.1947,-14.4923,18.4487,101.4856,146.2496,49.9985
17.6900,55.7925,85.7521,-131.7640,52.8839,-9.9781,11.0495,-214.6641,-7.8780,11.2238,100.2638,147.4921,49.9984
17.7000,56.3213,85.6523,-131.6535,50.7118,-10.0241,11.1258,-219.3659,-1.4120,4.0976,99.0850,148.6915,49.9983
17.7100,56.8284,85.5521,-131.5423,48.4966,-10.0063,11.1314,-223.3057,4.8560,-2.8738,97.9505,149.8463,49.9982
17.7200,57.3134,85.4520,-131.4309,46.2457,-9.9270,11.0683,-226.4910,10.8800,-9.6360,96.8617,150.9552,49.9981
17.7300,57.7759,85.3528,-131.3203,43.9668,-9.7887,10.9387,-228.9300,16.6173,-16.1372,95.8196,152.0169,49.9980
17.7400,58.2155,85.2549,-131.2109,41.6671,-9.5946,10.7455,-230.6316,22.0287,-22.3280,94.8254,153.0303,49.9980
17.7500,58.6322,85.1589,-131.1034,39.3541,-9.3481,10.4921,-231.6039,27.0787,-28.1620,93.8799,153.9945,49.9979
17.7600,59.0257,85.0655,-130.9985,37.0350,-9.0530,10.1823,-231.8545,31.7355,-33.5959,92.9838,154.9087,49.9979
17.7700,59.3961,84.9749,-130.8967,34.7170,-8.7134,9.8202,-231.3893,35.9711,-38.5899,92.1378,155.7723,49.9979
17.7800,59.7433,84.8878,-130.7985,32.4072,-8.3336,9.4105,-230.2123,39.7607,-43.1078,91.3423,156.5848,49.9979
17.7900,60.0673,84.8045,-130.7044,30.1128,-7.9182,8.9581,-228.3249,43.0832,-47.1173,90.5974,157.3460,49.9979
17.8000,60.3685,84.7253,-130.6148,27.8407,-7.4719,8.4682,-225.7261,45.9211,-50.5900,89.9032,158.0557,49.9980
17.8100,60.6469,84.6506,-130.5301,25.5983,-6.9998,7.9463,-222.4115,48.2599,-53.5018,89.2598,158.7139,49.9980
17.8200,60.9028,84.5806,-130.4506,23.3925,-6.5067,7.3981,-218.3735,50.0887,-55.8325,88.6666,159.3211,49.9981
17.8300,61.1368,84.5155,-130.3767,21.2308,-5.9980,6.8296,-213.6011,51.3993,-57.5663,88.1233,159.8776,49.9982
17.8400,61.3491,84.4555,-130.3084,19.1205,-5.4788,6.2468,-208.0795,52.1868,-58.6918,87.6292,160.3841,49.9982
17.8500,61.5403,84.4007,-130.2459,17.0692,-4.9543,5.6558,-201.7906,52.4492,-59.2016,87.1834,160.8414,49.9983
17.8600,61.7110,84.3512,-130.1893,15.0847,-4.4298,5.0628,-194.7123,52.1871,-59.0925,86.7848,161.2508,49.9984
17.8700,61.8618,84.3069,-130.1387,13.1750,-3.9105,4.4739,-186.8192,51.4038,-58.3655,86.4320,161.6134,49.9985
17.8800,61.9936,84.2678,-130.0940,11.3483,-3.4017,3.8955,-178.0824,50.1050,-57.0253,86.1235,161.9309,49.9986
17.8900,62.1071,84.2338,-130.0550,9.6133,-2.9084,3.3334,-168.4699,48.2987,-55.0801,85.8575,162.2049,49.9988
17.9000,62.2032,84.2047,-130.0217,7.9789,-2.4357,2.7939,-157.9469,45.9950,-52.5415,85.6321,162.4376,49.9989
17.9100,62.2830,84.1803,-129.9937,6.4544,-1.9885,2.2826,-146.4759,43.2055,-49.4240,85.4450,162.6313,49.9990
17.9200,62.3475,84.1604,-129.9709,5.0494,-1.5716,1.8054,-134.0173,39.9434,-45.7442,85.2936,162.7883,49.9990
17.9300,62.3980,84.1447,-129.9529,3.7740,-1.1897,1.3677,-120.5298,36.2228,-41.5206,85.1753,162.9116,49.9991
17.9400,62.4358,84.1328,-129.9392,2.6388,-0.8472,0.9750,-105.9712,32.0585,-36.7729,85.0871,163.0042,49.9992
17.9500,62.4621,84.1244,-129.9294,1.6546,-0.5485,0.6323,-90.2986,27.4650,-31.5208,85.0255,163.0694,49.9993
17.9600,62.4787,84.1189,-129.9231,0.8328,-0.2979,0.3446,-73.4692,22.4562,-25.7833,84.9872,163.1108,49.9994
17.9700,62.4870,84.1159,-129.9197,0.1852,-0.0994,0.1166,-55.4415,17.0445,-19.5776,84.9683,163.1324,49.9994
17.9800,62.4889,84.1149,-129.9185,-0.2760,0.0430,-0.0470,-36.1752,11.2399,-12.9178,84.9647,163.1382,49.9995
17.9900,62.4861,84.1153,-129.9190,-0.5383,0.1254,-0.1418,-13.1138,4.1202,-4.7380,84.9719,163.1329,49.9995
18.0000,62.4807,84.1166,-129.9204,-0.5383,0.1254,-0.1418,0.0000,0.0000,0.0000,84.9852,163.1211,49.9996
18.0100,62.4748,84.1180,-129.9220,-0.5298,0.0572,-0.1749,5.5898,-15.6533,-3.9761,84.9997,163.1080,49.9996
18.0200,62.4695,84.1186,-129.9238,-0.4769,-0.1691,-0.2428,5.0313,-29.1423,-9.4087,85.0127,163.0962,49.9972
18.0300,62.4648,84.1169,-129.9262,-0.4292,-0.5256,-0.3631,4.5286,-41.7314,-14.4600,85.0244,163.0856,49.9877
18.0400,62.4605,84.1116,-129.9298,-0.3863,-1.0037,-0.5320,4.0761,-53.4582,-19.1333,85.0350,163.0760,49.9665
18.0500,62.4566,84.1016,-129.9352,-0.3477,-1.5948,-0.7457,3.6688,-64.3624,-23.4287,85.0445,163.0674,49.9297
18.0600,62.4531,84.0857,-129.9426,-0.3129,-2.2909,-1.0006,3.3021,-74.4852,-27.3440,85.0530,163.0596,49.8733
18.0700,62.4500,84.0627,-129.9526,-0.2816,-3.0845,-1.2926,2.9721,-83.8683,-30.8757,85.0607,163.0527,49.7939
18.0800,62.4472,84.0319,-129.9655,-0.2535,-3.9683,-1.6181,2.6750,-92.5530,-34.0192,85.0676,163.0464,49.6881
18.0900,62.4447,83.9922,-129.9817,-0.2281,-4.9356,-1.9730,2.4076,-100.5796,-36.7698,85.0738,163.0407,49.5531
18.1000,62.4424,83.9429,-130.0015,-0.2053,-5.9799,-2.3535,2.1670,-107.9872,-39.1230,85.0794,163.0355,49.3861
18.1100,62.4403,83.8831,-130.0250,-0.1848,-7.0953,-2.7555,1.9503,-114.8123,-41.0751,85.0844,163.0308,49.1847
18.1200,62.4385,83.8121,-130.0525,-0.1663,-8.2761,-3.1750,1.7554,-121.0896,-42.6235,85.0889,163.0266,48.9466
18.1300,62.4368,83.7294,-130.0843,-0.1497,-9.5171,-3.6079,1.5799,-126.8506,-43.7667,85.0929,163.0227,48.6698
18.1400,62.4353,83.6342,-130.1204,-0.1347,-10.8132,-4.0503,1.4219,-132.1239,-44.5050,85.0964,163.0191,48.3526
18.1500,62.4340,83.5260,-130.1609,-0.1213,-12.1596,-4.4980,1.2798,-136.9348,-44.8405,85.0996,163.0158,47.9936
18.1600,62.4328,83.4045,-130.2059,-0.1091,-13.5519,-4.9471,1.1518,-141.3055,-44.7769,85.1023,163.0127,47.5913
18.1700,62.4317,83.2689,-130.2553,-0.0982,-14.9857,-5.3936,1.0367,-145.2544,-44.3202,85.1048,163.0098,47.1448
18.1800,62.4307,83.1191,-130.3093,-0.0884,-16.4569,-5.8335,0.9330,-148.7967,-43.4782,85.1069,163.0071,46.6531
18.1900,62.4298,82.9545,-130.3676,-0.0796,-17.9616,-6.2631,0.8397,-151.9439,-42.2611,85.1088,163.0045,46.1155
18.2000,62.4290,82.7749,-130.4302,-0.0716,-19.4958,-6.6787,0.7558,-154.7045,-40.6809,85.1103,163.0020,45.5316
18.2100,62.4283,82.5799,-130.4970,-0.0644,-21.0557,-7.0768,0.6802,-157.0833,-38.7519,85.1116,162.9995,44.9010
18.2200,62.4276,82.3694,-130.5678,-0.0580,-22.6375,-7.4538,0.6122,-159.0822,-36.4904,85.1127,162.9972,44.2237
18.2300,62.4271,82.1430,-130.6423,-0.0522,-24.2374,-7.8066,0.5510,-160.7002,-33.9145,85.1136,162.9948,43.4996
18.2400,62.4265,81.9006,-130.7204,-0.0470,-25.8515,-8.1321,0.4959,-161.9336,-31.0446,85.1143,162.9925,42.7290
18.2500,62.4261,81.6421,-130.8017,-0.0423,-27.4760,-8.4275,0.4463,-162.7761,-27.9026,85.1148,162.9902,41.9122
18.2600,62.4257,81.3674,-130.8860,-0.0381,-29.1070,-8.6901,0.4017,-163.2196,-24.5122,85.1151,162.9878,41.0497
18.2700,62.4253,81.0763,-130.9729,-0.0343,-30.7404,-8.9177,0.3615,-163.2538,-20.8990,85.1152,162.9855,40.1423
18.2800,62.4249,80.7689,-131.0621,-0.0308,-32.3721,-9.1081,0.3254,-162.8672,-17.0897,85.1152,162.9831,39.1906
18.2900,62.4246,80.4452,-131.1531,-0.0277,-33.9978,-9.2595,0.2928,-162.0472,-13.1124,85.1151,162.9807,38.1958
18.3000,62.4243,80.1052,-131.2457,-0.0250,-35.6130,-9.3704,0.2636,-160.7804,-8.9967,85.1149,162.9783,37.1587
18.3100,62.4241,79.7491,-131.3394,-0.0225,-37.2134,-9.4394,0.2372,-159.0533,-4.7727,85.1145,162.9759,36.0807
18.3200,62.4239,79.3769,-131.4338,-0.0202,-38.7941,-9.4658,0.2135,-156.8523,-0.4719,85.1140,162.9734,34.9630
18.3300,62.4237,78.9890,-131.5285,-0.0182,-40.3504,-9.4489,0.1921,-154.1647,3.8742,85.1134,162.9709,33.8071
18.3400,62.4235,78.5855,-131.6230,-0.0164,-41.8774,-9.3883,0.1729,-150.9787,8.2331,85.1128,162.9684,32.6145
18.3500,62.4233,78.1667,-131.7169,-0.0147,-43.3700,-9.2842,0.1556,-147.2840,12.5725,85.1121,162.9659,31.3868
18.3600,62.4232,77.7330,-131.8097,-0.0133,-44.8231,-9.1369,0.1401,-143.0722,16.8599,85.1113,162.9634,30.1257
18.3700,62.4230,77.2848,-131.9011,-0.0119,-46.2314,-8.9470,0.1261,-138.3371,21.0632,85.1104,162.9608,28.8330
18.3800,62.4229,76.8225,-131.9906,-0.0107,-47.5898,-8.7156,0.1135,-133.0753,25.1507,85.1096,162.9583,27.5107
18.3900,62.4228,76.3466,-132.0777,-0.0097,-48.8929,-8.4440,0.1021,-127.2866,29.0916,85.1087,162.9559,26.1606
18.4000,62.4227,75.8576,-132.1621,-0.0087,-50.1355,-8.1338,0.0919,-120.9738,32.8560,85.1077,162.9534,24.7849
18.4100,62.4226,75.3563,-132.2435,-0.0078,-51.3124,-7.7869,0.0827,-114.1436,36.4154,85.1068,162.9510,23.3855
18.4200,62.4226,74.8431,-132.3214,-0.0071,-52.4184,-7.4055,0.0744,-106.8064,39.7426,85.1059,162.9487,21.9648
18.4300,62.4225,74.3190,-132.3954,-0.0063,-53.4485,-6.9920,0.0670,-98.9767,42.8125,85.1049,162.9464,20.5248
18.4400,62.4224,73.7845,-132.4653,-0.0057,-54.3979,-6.5492,0.0603,-90.6728,45.6017,85.1040,162.9442,19.0679
18.4500,62.4224,73.2405,-132.5308,-0.0051,-55.2620,-6.0800,0.0543,-81.9174,48.0893,85.1031,162.9421,17.5964
18.4600,62.4223,72.6879,-132.5916,-0.0046,-56.0363,-5.5874,0.0488,-72.7371,50.2566,85.1022,162.9400,16.1125
18.4700,62.4223,72.1275,-132.6475,-0.0042,-56.7167,-5.0749,0.0440,-63.1623,52.0879,85.1014,162.9382,14.6186
18.4800,62.4222,71.5603,-132.6982,-0.0037,-57.2995,-4.5457,0.0396,-53.2273,53.5701,85.1006,162.9364,13.1172
18.4900,62.4222,70.9874,-132.7437,-0.0034,-57.7813,-4.0035,0.0356,-42.9697,54.6929,85.0999,162.9347,11.6106
18.5000,62.4221,70.4095,-132.7837,-0.0030,-58.1589,-3.4518,0.0320,-32.4303,55.4495,85.0993,162.9332,10.1013
18.5100,62.4221,69.8279,-132.8183,-0.0027,-58.4299,-2.8945,0.0288,-21.6527,55.8359,85.0987,162.9319,8.5917
18.5200,62.4221,69.2437,-132.8472,-0.0025,-58.5920,-2.3351,0.0260,-10.6828,55.8514,85.0981,162.9307,7.0842
18.5300,62.4221,68.6577,-132.8705,-0.0022,-58.6435,-1.7774,0.0234,0.4315,55.4985,85.0977,162.9296,5.5812
18.5400,62.4220,68.0713,-132.8883,-0.0020,-58.5834,-1.2251,0.0210,11.6409,54.7831,85.0973,162.9288,4.0852
18.5500,62.4220,67.4855,-132.9006,-0.0018,-58.4107,-0.6818,0.0189,22.8952,53.7139,85.0970,162.9281,2.5986
18.5600,62.4220,66.9014,-132.9074,-0.0016,-58.1255,-0.1509,0.0170,34.1437,52.3029,85.0968,162.9276,1.1236
18.5700,62.4220,66.3201,-132.9089,-0.0015,-57.7279,0.3643,0.0153,45.3356,50.5647,85.0967,162.9272,-0.3372
18.5800,62.4220,65.7428,-132.9053,-0.0013,-57.2187,0.8604,0.0138,56.4206,48.5170,85.0967,162.9271,-1.7817
18.5900,62.4220,65.1706,-132.8967,-0.0012,-56.5994,1.3346,0.0124,67.3493,46.1798,85.0967,162.9271,-3.2075
18.6000,62.4220,64.6046,-132.8833,-0.0011,-55.8718,1.7840,0.0112,78.0735,43.5756,85.0969,162.9273,-4.6125
18.6100,62.4219,64.0459,-132.8655,-0.0010,-55.0380,2.2061,0.0101,88.5466,40.7288,85.0971,162.9277,-5.9944
18.6200,62.4219,63.4955,-132.8434,-0.0009,-54.1008,2.5986,0.0090,98.7238,37.6659,85.0974,162.9283,-7.3511
18.6300,62.4219,62.9545,-132.8174,-0.0008,-53.0635,2.9594,0.0081,108.5624,34.4148,85.0979,162.9290,-8.6806
18.6400,62.4219,62.4239,-132.7878,-0.0007,-51.9296,3.2869,0.0073,118.0219,31.0047,85.0983,162.9299,-9.9809
18.6500,62.4219,61.9046,-132.7550,-0.0006,-50.7031,3.5795,0.0066,127.0641,27.4659,85.0989,162.9309,-11.2501
18.6600,62.4219,61.3976,-132.7192,-0.0006,-49.3883,3.8362,0.0059,135.6533,23.8294,85.0996,162.9321,-12.4863
18.6700,62.4219,60.9037,-132.6808,-0.0005,-47.9900,4.0561,0.0053,143.7562,20.1266,85.1003,162.9334,-13.6879
18.6800,62.4219,60.4238,-132.6402,-0.0005,-46.5132,4.2388,0.0048,151.3417,16.3892,85.1011,162.9349,-14.8531
18.6900,62.4219,59.9587,-132.5979,-0.0004,-44.9632,4.3839,0.0043,158.3810,12.6487,85.1019,162.9365,-15.9804
18.7000,62.4219,59.5090,-132.5540,-0.0004,-43.3456,4.4917,0.0039,164.8474,8.9361,85.1028,162.9382,-17.0685
18.7100,62.4219,59.0756,-132.5091,-0.0003,-41.6662,4.5626,0.0035,170.7162,5.2818,85.1038,162.9400,-18.1159
18.7200,62.4219,58.6589,-132.4635,-0.0003,-39.9312,4.5974,0.0032,175.9644,1.7156,85.1047,162.9419,-19.1214
18.7300,62.4219,58.2596,-132.4175,-0.0003,-38.1469,4.5969,0.0028,180.5704,-1.7341,85.1058,162.9438,-20.0839
18.7400,62.4219,57.8781,-132.3715,-0.0002,-36.3198,4.5627,0.0026,184.5142,-5.0403,85.1068,162.9458,-21.0025
18.7500,62.4219,57.5149,-132.3259,-0.0002,-34.4566,4.4961,0.0023,187.7767,-8.1771,85.1079,162.9479,-21.8763
18.7600,62.4219,57.1704,-132.2809,-0.0002,-32.5643,4.3991,0.0021,190.3396,-11.1208,85.1090,162.9500,-22.7047
18.7700,62.4219,56.8447,-132.2369,-0.0002,-30.6498,4.2737,0.0019,192.1855,-13.8493,85.1101,162.9521,-23.4870
18.7800,62.4219,56.5382,-132.1942,-0.0002,-28.7206,4.1222,0.0017,193.2972,-16.3425,85.1112,162.9542,-24.2229
18.7900,62.4219,56.2510,-132.1530,-0.0001,-26.7839,3.9469,0.0015,193.6579,-18.5824,85.1123,162.9563,-24.9122
18.8000,62.4219,55.9832,-132.1135,-0.0001,-24.8474,3.7505,0.0014,193.2506,-20.5535,85.1134,162.9584,-25.5546
18.8100,62.4219,55.7347,-132.0760,-0.0001,-22.9189,3.5358,0.0012,192.0585,-22.2423,85.1145,162.9605,-26.1504
18.8200,62.4219,55.5055,-132.0407,-0.0001,-21.0062,3.3057,0.0011,190.0644,-23.6379,85.1156,162.9625,-26.6998
18.8300,62.4219,55.2955,-132.0076,-0.0001,-19.1176,3.0630,0.0010,187.2506,-24.7319,85.1166,162.9644,-27.2032
18.8400,62.4219,55.1043,-131.9770,-0.0001,-17.2612,2.8110,0.0009,183.5993,-25.5180,85.1176,162.9664,-27.6612
18.8500,62.4219,54.9317,-131.9489,-0.0001,-15.4456,2.5527,0.0008,179.0919,-25.9928,85.1186,162.9682,-28.0746
18.8600,62.4219,54.7772,-131.9233,-0.0001,-13.6794,2.2912,0.0007,173.7092,-26.1550,85.1195,162.9699,-28.4445
18.8700,62.4219,54.6404,-131.9004,-0.0001,-11.9714,2.0296,0.0006,167.4315,-26.0057,85.1204,162.9716,-28.7720
18.8800,62.4219,54.5207,-131.8801,-0.0001,-10.3308,1.7711,0.0006,160.2386,-25.5483,85.1212,162.9732,-29.0586
18.8900,62.4219,54.4174,-131.8624,-0.0000,-8.7667,1.5186,0.0005,152.1097,-24.7881,85.1220,162.9747,-29.3059
18.9000,62.4218,54.3297,-131.8472,-0.0000,-7.2886,1.2753,0.0005,143.0233,-23.7326,85.1227,162.9761,-29.5157
18.9100,62.4218,54.2568,-131.8345,-0.0000,-5.9062,1.0440,0.0004,132.9575,-22.3907,85.1234,162.9774,-29.6900
18.9200,62.4218,54.1978,-131.8240,-0.0000,-4.6294,0.8275,0.0004,121.8900,-20.7727,85.1240,162.9786,-29.8313
18.9300,62.4218,54.1515,-131.8158,-0.0000,-3.4684,0.6285,0.0003,109.7981,-18.8901,85.1246,162.9797,-29.9420
18.9400,62.4218,54.1168,-131.8095,-0.0000,-2.4335,0.4497,0.0003,96.6589,-16.7547,85.1251,162.9807,-30.0249
18.9500,62.4218,54.0925,-131.8050,-0.0000,-1.5352,0.2934,0.0003,82.4491,-14.3788,85.1256,162.9816,-30.0830
18.9600,62.4218,54.0771,-131.8020,-0.0000,-0.7845,0.1621,0.0003,67.1453,-11.7741,85.1260,162.9825,-30.1196
18.9700,62.4218,54.0693,-131.8004,-0.0000,-0.1923,0.0579,0.0002,50.7239,-8.9513,85.1264,162.9832,-30.1382
18.9800,62.4218,54.0673,-131.7998,-0.0000,0.2300,-0.0169,0.0002,33.1614,-5.9193,85.1268,162.9839,-30.1426
18.9900,62.4218,54.0696,-131.8000,-0.0000,0.4709,-0.0604,0.0001,12.0459,-2.1760,85.1271,162.9845,-30.1370
19.0000,62.4218,54.0744,-131.8006,-0.0000,0.4709,-0.0604,0.0000,0.0000,0.0000,85.1274,162.9850,-30.1255
19.0100,62.4218,54.0795,-131.8013,-0.0000,0.5682,-0.0809,0.0001,15.0943,-2.7523,85.1277,162.9855,-30.1130
19.0200,62.4218,54.0852,-131.8021,-0.0000,0.8206,-0.1257,0.0001,34.6870,-6.0827,85.1279,162.9860,-30.0992
19.0300,62.4218,54.0934,-131.8034,-0.0000,1.2620,-0.2025,0.0001,52.9340,-9.1727,85.1281,162.9864,-30.0795
19.0400,62.4218,54.1060,-131.8054,-0.0000,1.8792,-0.3091,0.0001,69.8795,-12.0211,85.1283,162.9867,-30.0491
19.0500,62.4218,54.1248,-131.8085,-0.0000,2.6596,-0.4430,0.0001,85.5653,-14.6234,85.1285,162.9871,-30.0040
19.0600,62.4218,54.1514,-131.8129,-0.0000,3.5905,-0.6016,0.0001,100.0313,-16.9723,85.1286,162.9873,-29.9402
19.0700,62.4218,54.1873,-131.8189,-0.0000,4.6602,-0.7824,0.0001,113.3157,-19.0592,85.1287,162.9876,-29.8541
19.0800,62.4218,54.2339,-131.8268,-0.0000,5.8569,-0.9828,0.0001,125.4549,-20.8746,85.1288,162.9878,-29.7423
19.0900,62.4218,54.2925,-131.8366,-0.0000,7.1693,-1.1999,0.0001,136.4838,-22.4087,85.1289,162.9879,-29.6019
19.1000,62.4218,54.3642,-131.8486,-0.0000,8.5865,-1.4309,0.0001,146.4356,-23.6524,85.1290,162.9881,-29.4300
19.1100,62.4218,54.4501,-131.8629,-0.0000,10.0980,-1.6729,0.0001,155.3423,-24.5973,85.1290,162.9881,-29.2242
19.1200,62.4218,54.5510,-131.8796,-0.0000,11.6934,-1.9229,0.0000,163.2344,-25.2363,85.1290,162.9881,-28.9821
19.1300,62.4218,54.6680,-131.8989,-0.0000,13.3627,-2.1777,0.0000,170.1411,-25.5640,85.1290,162.9881,-28.7017
19.1400,62.4218,54.8016,-131.9206,-0.0000,15.0962,-2.4342,0.0000,176.0901,-25.5768,85.1289,162.9879,-28.3814
19.1500,62.4218,54.9526,-131.9450,-0.0000,16.8845,-2.6892,0.0000,181.1082,-25.2732,85.1288,162.9877,-28.0194
19.1600,62.4218,55.1214,-131.9719,-0.0000,18.7184,-2.9396,0.0000,185.2207,-24.6538,85.1287,162.9875,-27.6145
19.1700,62.4218,55.3086,-132.0013,-0.0000,20.5889,-3.1823,0.0000,188.4520,-23.7217,85.1285,162.9871,-27.1656
19.1800,62.4218,55.5145,-132.0331,-0.0000,22.4874,-3.4141,0.0000,190.8252,-22.4823,85.1282,162.9866,-26.6717
19.1900,62.4218,55.7394,-132.0672,-0.0000,24.4054,-3.6319,0.0000,192.3627,-20.9434,85.1279,162.9861,-26.1322
19.2000,62.4218,55.9834,-132.1036,-0.0000,26.3347,-3.8329,0.0000,193.0860,-19.1153,85.1276,162.9854,-25.5465
19.2100,62.4218,56.2468,-132.1419,-0.0000,28.2671,-4.0142,0.0000,193.0159,-17.0106,85.1272,162.9846,-24.9143
19.2200,62.4218,56.5294,-132.1820,-0.0000,30.1950,-4.1731,0.0000,192.1726,-14.6442,85.1267,162.9837,-24.2355
19.2300,62.4218,56.8314,-132.2238,-0.0000,32.1106,-4.3071,0.0000,190.5762,-12.0335,85.1262,162.9827,-23.5101
19.2400,62.4218,57.1525,-132.2668,-0.0000,34.0065,-4.4138,0.0000,188.2463,-9.1978,85.1256,162.9816,-22.7382
19.2500,62.4218,57.4926,-132.3110,-0.0000,35.8755,-4.4911,0.0000,185.2029,-6.1585,85.1250,162.9804,-21.9202
19.2600,62.4218,57.8513,-132.3559,-0.0000,37.7106,-4.5370,0.0000,181.4660,-2.9390,85.1243,162.9790,-21.0567
19.2700,62.4218,58.2284,-132.4013,-0.0000,39.5048,-4.5499,0.0000,177.0563,0.4356,85.1235,162.9776,-20.1483
19.2800,62.4218,58.6235,-132.4467,-0.0000,41.2517,-4.5283,0.0000,171.9951,3.9387,85.1227,162.9760,-19.1957
19.2900,62.4218,59.0360,-132.4920,-0.0000,42.9447,-4.4711,0.0000,166.3049,7.5422,85.1218,162.9744,-18.2000
19.3000,62.4218,59.4654,-132.5367,-0.0000,44.5778,-4.3774,0.0000,160.0091,11.2170,85.1209,162.9726,-17.1621
19.3100,62.4218,59.9112,-132.5805,-0.0000,46.1449,-4.2467,0.0000,153.1329,14.9329,85.1199,162.9707,-16.0833
19.3200,62.4218,60.3727,-132.6230,-0.0000,47.6404,-4.0788,0.0000,145.7029,18.6590,85.1189,162.9688,-14.9649
19.3300,62.4218,60.8491,-132.6638,-0.0000,49.0590,-3.8736,0.0000,137.7476,22.3640,85.1179,162.9668,-13.8083
19.3400,62.4218,61.3396,-132.7025,-0.0000,50.3954,-3.6315,0.0000,129.2975,26.0163,85.1168,162.9647,-12.6150
19.3500,62.4218,61.8436,-132.7388,-0.0000,51.6449,-3.3532,0.0000,120.3854,29.5844,85.1157,162.9626,-11.3866
19.3600,62.4218,62.3601,-132.7724,-0.0000,52.8031,-3.0398,0.0000,111.0461,33.0373,85.1145,162.9604,-10.1248
19.3700,62.4218,62.8881,-132.8028,-0.0000,53.8658,-2.6925,0.0000,101.3168,36.3442,85.1134,162.9582,-8.8316
19.3800,62.4218,63.4267,-132.8297,-0.0000,54.8294,-2.3129,0.0000,91.2368,39.4756,85.1122,162.9560,-7.5086
19.3900,62.4218,63.9750,-132.8528,-0.0000,55.6906,-1.9030,0.0000,80.8478,42.4030,85.1111,162.9538,-6.1580
19.4000,62.4218,64.5319,-132.8718,-0.0000,56.4464,-1.4649,0.0000,70.1935,45.0992,85.1099,162.9516,-4.7816
19.4100,62.4218,65.0964,-132.8865,-0.0000,57.0944,-1.0010,0.0000,59.3194,47.5391,85.1088,162.9494,-3.3818
19.4200,62.4218,65.6674,-132.8965,-0.0000,57.6328,-0.5141,0.0000,48.2727,49.6993,85.1076,162.9472,-1.9605
19.4300,62.4218,66.2437,-132.9016,-0.0000,58.0599,-0.0070,0.0000,37.1022,51.5587,85.1065,162.9451,-0.5200
19.4400,62.4218,66.8243,-132.9017,-0.0000,58.3748,0.5171,0.0000,25.8574,53.0986,85.1055,162.9430,0.9374
19.4500,62.4218,67.4080,-132.8965,-0.0000,58.5770,1.0550,0.0000,14.5888,54.3030,85.1044,162.9411,2.4095
19.4600,62.4218,67.9938,-132.8860,-0.0000,58.6666,1.6032,0.0000,3.3469,55.1587,85.1034,162.9392,3.8938
19.4700,62.4218,68.5805,-132.8700,-0.0000,58.6440,2.1581,0.0000,-7.8180,55.6555,85.1025,162.9374,5.3881
19.4800,62.4218,69.1669,-132.8484,-0.0000,58.5102,2.7163,0.0000,-18.8561,55.7863,85.1016,162.9357,6.8899
19.4900,62.4218,69.7520,-132.8212,-0.0000,58.2669,3.2739,0.0000,-29.7189,55.5472,85.1008,162.9341,8.3969
19.5000,62.4218,70.3347,-132.7885,-0.0000,57.9159,3.8272,0.0000,-40.3594,54.9373,85.1001,162.9327,9.9065
19.5100,62.4218,70.9138,-132.7502,-0.0000,57.4597,4.3726,0.0000,-50.7330,53.9590,85.0994,162.9314,11.4164
19.5200,62.4218,71.4884,-132.7065,-0.0000,56.9012,4.9064,0.0000,-60.7972,52.6182,85.0988,162.9302,12.9242
19.5300,62.4218,72.0574,-132.6574,-0.0000,56.2437,5.4250,0.0000,-70.5128,50.9235,85.0983,162.9292,14.4274
19.5400,62.4218,72.6199,-132.6032,-0.0000,55.4909,5.9249,0.0000,-79.8436,48.8867,85.0978,162.9284,15.9236
19.5500,62.4218,73.1748,-132.5439,-0.0000,54.6469,6.4027,0.0000,-88.7572,46.5226,85.0975,162.9277,17.4104
19.5600,62.4218,73.7213,-132.4799,-0.0000,53.7158,6.8553,0.0000,-97.2248,43.8486,85.0972,162.9272,18.8855
19.5700,62.4218,74.2584,-132.4113,-0.0000,52.7024,7.2797,0.0000,-105.2218,40.8847,85.0971,162.9269,20.3464
19.5800,62.4218,74.7854,-132.3385,-0.0000,51.6114,7.6730,0.0000,-112.7275,37.6533,85.0970,162.9268,21.7909
19.5900,62.4218,75.3016,-132.2618,-0.0000,50.4478,8.0327,0.0000,-119.7255,34.1789,85.0970,162.9268,23.2168
19.6000,62.4218,75.8060,-132.1815,-0.0000,49.2169,8.3566,0.0000,-126.2033,30.4879,85.0971,162.9270,24.6217
19.6100,62.4218,76.2982,-132.0979,-0.0000,47.9237,8.6425,0.0000,-132.1524,26.6084,85.0973,162.9274,26.0035
19.6200,62.4218,76.7774,-132.0115,-0.0000,46.5738,8.8887,0.0000,-137.5681,22.5698,85.0976,162.9280,27.3601
19.6300,62.4218,77.2432,-131.9226,-0.0000,45.1724,9.0939,0.0000,-142.4493,18.4027,85.0980,162.9287,28.6895
19.6400,62.4218,77.6949,-131.8317,-0.0000,43.7248,9.2568,0.0000,-146.7981,14.1384,85.0984,162.9296,29.9896
19.6500,62.4218,78.1321,-131.7391,-0.0000,42.2364,9.3767,0.0000,-150.6196,9.8090,85.0990,162.9306,31.2586
19.6600,62.4218,78.5545,-131.6453,-0.0000,40.7124,9.4530,0.0000,-153.9215,5.4469,85.0996,162.9318,32.4946
19.6700,62.4218,78.9616,-131.5508,-0.0000,39.1580,9.4856,0.0000,-156.7136,1.0844,85.1003,162.9332,33.6959
19.6800,62.4218,79.3532,-131.4559,-0.0000,37.5782,9.4747,0.0000,-159.0075,-3.2460,85.1011,162.9346,34.8609
19.6900,62.4218,79.7290,-131.3612,-0.0000,35.9778,9.4207,0.0000,-160.8162,-7.5125,85.1019,162.9362,35.9879
19.7000,62.4218,80.0888,-131.2670,-0.0000,34.3618,9.3244,0.0000,-162.1533,-11.6837,85.1028,162.9379,37.0757
19.7100,62.4218,80.4324,-131.1737,-0.0000,32.7348,9.1870,0.0000,-163.0333,-15.7291,85.1038,162.9397,38.1227
19.7200,62.4218,80.7597,-131.0819,-0.0000,31.1012,9.0098,0.0000,-163.4703,-19.6190,85.1047,162.9416,39.1279
19.7300,62.4218,81.0708,-130.9918,-0.0000,29.4654,8.7946,0.0000,-163.4783,-23.3251,85.1058,162.9436,40.0901
19.7400,62.4218,81.3654,-130.9038,-0.0000,27.8316,8.5433,0.0000,-163.0704,-26.8202,85.1068,162.9456,41.0084
19.7500,62.4218,81.6437,-130.8184,-0.0000,26.2040,8.2582,0.0000,-162.2583,-30.0789,85.1079,162.9477,41.8819
19.7600,62.4218,81.9058,-130.7358,-0.0000,24.5864,7.9418,0.0000,-161.0526,-33.0772,85.1090,162.9498,42.7100
19.7700,62.4218,82.1516,-130.6564,-0.0000,22.9829,7.5967,0.0000,-159.4616,-35.7927,85.1101,162.9519,43.4920
19.7800,62.4218,82.3815,-130.5804,-0.0000,21.3972,7.2259,0.0000,-157.4917,-38.2052,85.1112,162.9540,44.2275
19.7900,62.4218,82.5954,-130.5082,-0.0000,19.8331,6.8326,0.0000,-155.1468,-40.2962,85.1123,162.9562,44.9165
19.8000,62.4218,82.7938,-130.4398,-0.0000,18.2943,6.4200,0.0000,-152.4280,-42.0493,85.1134,162.9583,45.5586
19.8100,62.4218,82.9767,-130.3756,-0.0000,16.7845,5.9916,0.0000,-149.3338,-43.4502,85.1145,162.9603,46.1541
19.8200,62.4218,83.1445,-130.3157,-0.0000,15.3076,5.5510,0.0000,-145.8595,-44.4868,85.1156,162.9624,46.7032
19.8300,62.4218,83.2976,-130.2602,-0.0000,13.8673,5.1018,0.0000,-141.9974,-45.1492,85.1166,162.9643,47.2063
19.8400,62.4218,83.4363,-130.2092,-0.0000,12.4676,4.6480,0.0000,-137.7366,-45.4294,85.1176,162.9662,47.6641
19.8500,62.4218,83.5610,-130.1627,-0.0000,11.1126,4.1933,0.0000,-133.0630,-45.3220,85.1186,162.9681,48.0773
19.8600,62.4218,83.6721,-130.1208,-0.0000,9.8064,3.7416,0.0000,-127.9593,-44.8234,85.1195,162.9699,48.4470
19.8700,62.4218,83.7702,-130.0834,-0.0000,8.5534,3.2968,0.0000,-122.4051,-43.9322,85.1204,162.9715,48.7743
19.8800,62.4218,83.8557,-130.0504,-0.0000,7.3583,2.8629,0.0000,-116.3771,-42.6490,85.1212,162.9731,49.0606
19.8900,62.4218,83.9293,-130.0218,-0.0000,6.2259,2.4438,0.0000,-109.8493,-40.9762,85.1220,162.9746,49.3077
19.9000,62.4218,83.9915,-129.9973,-0.0000,5.1613,2.0434,0.0000,-102.7928,-38.9179,85.1227,162.9760,49.5173
19.9100,62.4218,84.0431,-129.9769,-0.0000,4.1700,1.6655,0.0000,-95.1770,-36.4796,85.1234,162.9773,49.6916
19.9200,62.4218,84.0848,-129.9602,-0.0000,3.2578,1.3138,0.0000,-86.9691,-33.6682,85.1240,162.9785,49.8327
19.9300,62.4218,84.1174,-129.9471,-0.0000,2.4306,0.9921,0.0000,-78.1349,-30.4912,85.1246,162.9796,49.9432
19.9400,62.4218,84.1417,-129.9372,-0.0000,1.6951,0.7040,0.0000,-68.6394,-26.9569,85.1251,162.9807,50.0260
19.9500,62.4218,84.1587,-129.9302,-0.0000,1.0578,0.4530,0.0000,-58.4473,-23.0737,85.1256,162.9816,50.0840
19.9600,62.4218,84.1693,-129.9256,-0.0000,0.5261,0.2425,0.0000,-47.5235,-18.8494,85.1260,162.9824,50.1205
19.9700,62.4218,84.1745,-129.9232,-0.0000,0.1074,0.0760,0.0000,-35.8342,-14.2910,85.1264,162.9832,50.1390
19.9800,62.4218,84.1756,-129.9224,-0.0000,-0.1906,-0.0433,0.0000,-23.3473,-9.4040,85.1268,162.9839,50.1433
19.9900,62.4218,84.1737,-129.9229,-0.0000,-0.3596,-0.1121,0.0000,-8.4503,-3.4395,85.1271,162.9845,50.1376
20.0000,62.4218,84.1701,-129.9240,-0.0000,-0.3596,-0.1121,0.0000,0.0000,0.0000,85.1274,162.9850,50.1261
20.0100,62.4218,84.1662,-129.9253,-0.0964,-0.1240,-0.1720,-19.0289,48.7496,-10.1526,85.1277,162.9855,50.1135
20.0200,62.4209,84.1649,-129.9270,-0.3806,0.5837,-0.3302,-37.1877,91.3439,-21.1067,85.1291,162.9816,50.1066
20.0300,62.4171,84.1708,-129.9303,-0.8401,1.7029,-0.5941,-54.1363,131.0605,-31.2681,85.1341,162.9649,50.1140
20.0400,62.4087,84.1878,-129.9362,-1.4633,3.2050,-0.9556,-69.9373,167.9795,-40.5975,85.1449,162.9273,50.1438
20.0500,62.3940,84.2199,-129.9458,-2.2389,5.0625,-1.4060,-84.6592,202.1763,-49.0373,85.1636,162.8616,50.2033
20.0600,62.3717,84.2705,-129.9598,-3.1565,7.2485,-1.9363,-98.3743,233.7225,-56.5175,85.1920,162.7610,50.2994
20.0700,62.3401,84.3430,-129.9792,-4.2064,9.7369,-2.5364,-111.1568,262.6853,-62.9604,85.2318,162.6191,50.4387
20.0800,62.2980,84.4403,-130.0046,-5.3796,12.5022,-3.1955,-123.0813,289.1269,-68.2851,85.2848,162.4300,50.6268
20.0900,62.2442,84.5654,-130.0365,-6.6680,15.5194,-3.9021,-134.2215,313.1044,-72.4107,85.3524,162.1885,50.8693
20.1000,62.1775,84.7206,-130.0755,-8.0641,18.7643,-4.6437,-144.6491,334.6687,-75.2597,85.4358,161.8896,51.1710
20.1100,62.0969,84.9082,-130.1220,-9.5610,22.2128,-5.4073,-154.4331,353.8636,-76.7603,85.5363,161.5290,51.5364
20.1200,62.0013,85.1303,-130.1761,-11.1527,25.8416,-6.1789,-163.6389,370.7249,-76.8486,85.6551,161.1025,51.9695
20.1300,61.8898,85.3887,-130.2378,-12.8338,29.6273,-6.9443,-172.3279,385.2794,-75.4704,85.7929,160.6068,52.4738
20.1400,61.7614,85.6850,-130.3073,-14.5993,33.5471,-7.6884,-180.5573,397.5442,-72.5828,85.9507,160.0386,53.0524
20.1500,61.6154,86.0205,-130.3842,-16.4449,37.5782,-8.3959,-188.3792,407.5261,-68.1550,86.1291,159.3952,53.7081
20.1600,61.4510,86.3963,-130.4681,-18.3669,41.6977,-9.0515,-195.8409,415.2207,-62.1699,86.3289,158.6742,54.4433
20.1700,61.2673,86.8132,-130.5586,-20.3617,45.8826,-9.6393,-202.9843,420.6124,-54.6248,86.5504,157.8737,55.2597
20.1800,61.0637,87.2721,-130.6550,-22.4265,50.1099,-10.1439,-209.8460,423.6744,-45.5319,86.7940,156.9920,56.1592
20.1900,60.8394,87.7732,-130.7565,-24.5586,54.3561,-10.5500,-216.4572,424.3694,-34.9195,87.0602,156.0280,57.1427
20.2000,60.5939,88.3167,-130.8620,-26.7557,58.5973,-10.8423,-222.8431,422.6500,-22.8322,87.3490,154.9806,58.2113
20.2100,60.3263,88.9027,-130.9704,-29.0155,62.8091,-11.0066,-229.0233,418.4606,-9.3318,87.6606,153.8495,59.3655
20.2200,60.0361,89.5308,-131.0805,-31.3362,66.9665,-11.0290,-235.0114,411.7391,5.5026,87.9950,152.6342,60.6055
20.2300,59.7228,90.2005,-131.1908,-33.7157,71.0439,-10.8965,-240.8148,402.4201,21.5740,88.3522,151.3348,61.9313
20.2400,59.3856,90.9109,-131.2997,-36.1524,75.0149,-10.5975,-246.4348,390.4376,38.7671,88.7320,149.9518,63.3424
20.2500,59.0241,91.6610,-131.4057,-38.6444,78.8526,-10.1212,-251.8662,375.7298,56.9488,89.1343,148.4857,64.8383
20.2600,58.6377,92.4496,-131.5069,-41.1898,82.5295,-9.4585,-257.0969,358.2436,75.9675,89.5586,146.9376,66.4179
20.2700,58.2258,93.2749,-131.6015,-43.7864,86.0175,-8.6019,-262.1083,337.9404,95.6543,90.0047,145.3085,68.0802
20.2800,57.7879,94.1350,-131.6875,-46.4319,89.2883,-7.5454,-266.8746,314.8019,115.8234,90.4722,143.6000,69.8236
20.2900,57.3236,95.0279,-131.7630,-49.1239,92.3135,-6.2854,-271.3626,288.8369,136.2734,90.9605,141.8138,71.6466
20.3000,56.8323,95.9511,-131.8258,-51.8592,95.0651,-4.8200,-275.5320,260.0875,156.7887,91.4691,139.9517,73.5472
20.3100,56.3137,96.9017,-131.8740,-54.6345,97.5153,-3.1496,-279.3345,228.6361,177.1423,91.9974,138.0160,75.5232
20.3200,55.7674,97.8769,-131.9055,-57.4459,99.6378,-1.2771,-282.7146,194.6111,197.0977,92.5448,136.0091,77.5723
20.3300,55.1929,98.8732,-131.9183,-60.2888,101.4075,0.7923,-285.6087,158.1915,216.4132,93.1106,133.9334,79.6921
20.3400,54.5900,99.8873,-131.9104,-63.1581,102.8016,3.0511,-287.9461,119.6113,234.8449,93.6940,131.7918,81.8797
20.3500,53.9585,100.9153,-131.8799,-66.0477,103.7997,5.4892,-289.6484,79.1603,252.1518,94.2942,129.5872,84.1322
20.3600,53.2980,101.9533,-131.8250,-68.9510,104.3848,8.0942,-290.6306,37.1843,268.0999,94.9104,127.3228,86.4465
20.3700,52.6085,102.9972,-131.7440,-71.8603,104.5434,10.8512,-290.8011,-5.9182,282.4674,95.5418,125.0018,88.8193
20.3800,51.8899,104.0426,-131.6355,-74.7670,104.2664,13.7435,-290.0633,-49.7013,295.0498,96.1874,122.6277,91.2473
20.3900,51.1422,105.0853,-131.4981,-77.6616,103.5494,16.7522,-288.3158,-93.6804,305.6645,96.8464,120.2042,93.7268
20.4000,50.3656,106.1208,-131.3305,-80.5334,102.3928,19.8568,-285.4549,-137.3427,314.1549,97.5178,117.7348,96.2541
20.4100,49.5603,107.1447,-131.1320,-83.3707,100.8025,23.0353,-281.3754,-180.1593,320.3947,98.2007,115.2235,98.8253
20.4200,48.7266,108.1527,-130.9016,-86.1609,98.7897,26.2647,-275.9734,-221.6001,324.2905,98.8941,112.6741,101.4365
20.4300,47.8649,109.1406,-130.6390,-88.8902,96.3705,29.5211,-269.1484,-261.1479,325.7836,99.5971,110.0908,104.0836
20.4400,46.9760,110.1043,-130.3438,-91.5438,93.5667,32.7804,-260.8062,-298.3131,324.8508,100.3085,107.4776,106.7623
20.4500,46.0606,111.0400,-130.0160,-94.1063,90.4043,36.0182,-250.8619,-332.6476,321.5043,101.0275,104.8388,109.4685
20.4600,45.1195,111.9440,-129.6558,-96.5611,86.9137,39.2105,-239.2433,-363.7567,315.7901,101.7530,102.1785,112.1978
20.4700,44.1539,112.8132,-129.2637,-98.8912,83.1291,42.3340,-225.8940,-391.3087,307.7856,102.4840,99.5012,114.9457
20.4800,43.1650,113.6445,-128.8403,-101.0790,79.0876,45.3662,-210.7771,-415.0424,297.5961,103.2195,96.8111,117.7078
20.4900,42.1542,114.4353,-128.3867,-103.1067,74.8283,48.2859,-193.8785,-434.7708,285.3514,103.9584,94.1125,120.4796
20.5000,41.1232,115.1836,-127.9038,-104.9565,70.3922,51.0732,-175.2094,-450.3829,271.2006,104.6997,91.4100,123.2566
20.5100,40.0736,115.8875,-127.3931,-106.6109,65.8206,53.7099,-154.8095,-461.8417,255.3082,105.4424,88.7077,126.0342
20.5200,39.0075,116.5458,-126.8560,-108.0527,61.1553,56.1794,-132.7483,-469.1805,237.8494,106.1852,86.0101,128.8080
20.5300,37.9270,117.1573,-126.2942,-109.2658,56.4370,58.4669,-109.1264,-472.4973,219.0054,106.9273,83.3215,131.5733
20.5400,36.8343,117.7217,-125.7095,-110.2352,51.7054,60.5595,-84.0756,-471.9471,198.9599,107.6675,80.6461,134.3258
20.5500,35.7319,118.2387,-125.1039,-110.9474,46.9981,62.4461,-57.7581,-467.7340,177.8956,108.4047,77.9883,137.0610
20.5600,34.6225,118.7087,-124.4795,-111.3904,42.3507,64.1174,-30.3644,-460.1024,155.9910,109.1377,75.3523,139.7744
20.5700,33.5086,119.1322,-123.8383,-111.5547,37.7960,65.5659,-2.1103,-449.3279,133.4187,109.8656,72.7421,142.4618
20.5800,32.3930,119.5102,-123.1826,-111.4326,33.3641,66.7858,26.7674,-435.7096,110.3432,110.5871,70.1618,145.1188
20.5900,31.2787,119.8438,-122.5148,-111.0193,29.0819,67.7728,56.0155,-419.5616,86.9204,111.3011,67.6154,147.7413
20.6000,30.1685,120.1346,-121.8371,-110.3123,24.9729,68.5242,85.3702,-401.2062,63.2969,112.0065,65.1069,150.3252
20.6100,29.0654,120.3844,-121.1518,-109.3119,21.0577,69.0387,114.5635,-380.9675,39.6100,112.7022,62.6401,152.8664
20.6200,27.9723,120.5949,-120.4614,-108.0210,17.3535,69.3164,143.3288,-359.1663,15.9880,113.3870,60.2186,155.3611
20.6300,26.8921,120.7685,-119.7683,-106.4453,13.8744,69.3585,171.4075,-336.1150,-7.4493,114.0599,57.8460,157.8056
20.6400,25.8276,120.9072,-119.0747,-104.5929,10.6312,69.1674,198.5545,-312.1149,-30.5891,114.7198,55.5259,160.1962
20.6500,24.7817,121.0135,-118.3830,-102.4742,7.6321,68.7467,224.5435,-287.4523,-53.3255,115.3656,53.2616,162.5294
20.6600,23.7569,121.0899,-117.6955,-100.1020,4.8822,68.1009,249.1705,-262.3975,-75.5577,115.9963,51.0563,164.8019
20.6700,22.7559,121.1387,-117.0145,-97.4908,2.3842,67.2355,272.2577,-237.2021,-97.1893,116.6108,48.9131,167.0105
20.6800,21.7810,121.1625,-116.3422,-94.6569,0.1382,66.1571,293.6550,-212.0991,-118.1275,117.2083,46.8349,169.1523
20.6900,20.8344,121.1639,-115.6806,-91.6177,-1.8578,64.8730,313.2411,-187.3018,-138.2819,117.7878,44.8244,171.2243
20.7000,19.9183,121.1453,-115.0319,-88.3920,-3.6079,63.3915,330.9232,-163.0040,-157.5638,118.3483,42.8842,173.2240
20.7100,19.0343,121.1092,-114.3980,-84.9993,-5.1179,61.7217,346.6362,-139.3800,-175.8860,118.8893,41.0166,175.1490
20.7200,18.1843,121.0581,-113.7807,-81.4593,-6.3955,59.8737,360.3399,-116.5854,-193.1620,119.4097,39.2238,176.9971
20.7300,17.3697,120.9941,-113.1820,-77.7925,-7.4496,57.8585,372.0171,-94.7575,-209.3062,119.9091,37.5077,178.7661
20.7400,16.5918,120.9196,-112.6034,-74.0190,-8.2906,55.6876,381.6700,-74.0160,-224.2335,120.3867,35.8701,180.4545
20.7500,15.8516,120.8367,-112.0465,-70.1591,-8.9299,53.3738,389.3166,-54.4644,-237.8601,120.8421,34.3125,182.0606
20.7600,15.1500,120.7474,-111.5128,-66.2326,-9.3799,50.9304,394.9875,-36.1900,-250.1030,121.2747,32.8361,183.5833
20.7700,14.4877,120.6536,-111.0035,-62.2593,-9.6537,48.3717,398.7217,-19.2657,-260.8815,121.6841,31.4418,185.0214
20.7800,13.8651,120.5571,-110.5198,-58.2582,-9.7652,45.7128,400.5636,-3.7503,-270.1169,122.0701,30.1305,186.3742
20.7900,13.2825,120.4594,-110.0627,-54.2480,-9.7287,42.9694,400.5593,10.3108,-277.7339,122.4324,28.9024,187.6414
20.8000,12.7401,120.3621,-109.6330,-50.2470,-9.5590,40.1581,398.7541,22.8845,-283.6607,122.7710,27.7578,188.8227
20.8100,12.2376,120.2665,-109.2314,-46.2730,-9.2710,37.2962,395.1894,33.9498,-287.8304,123.0857,26.6966,189.9183
20.8200,11.7749,120.1738,-108.8584,-42.3432,-8.8800,34.4015,389.9013,43.4969,-290.1815,123.3766,25.7182,190.9286
20.8300,11.3514,120.0850,-108.5144,-38.4749,-8.4011,31.4925,382.9181,51.5271,-290.6585,123.6439,24.8219,191.8545
20.8400,10.9667,120.0010,-108.1995,-34.6849,-7.8495,28.5883,374.2597,58.0518,-289.2125,123.8878,24.0066,192.6970
20.8500,10.6198,119.9225,-107.9136,-30.9897,-7.2401,25.7083,363.9360,63.0929,-285.8022,124.1088,23.2708,193.4577
20.8600,10.3099,119.8501,-107.6565,-27.4062,-6.5876,22.8723,351.9471,66.6817,-280.3935,124.3072,22.6127,194.1383
20.8700,10.0359,119.7843,-107.4278,-23.9508,-5.9064,20.1004,338.2825,68.8586,-272.9605,124.4836,22.0302,194.7411
20.8800,9.7964,119.7252,-107.2268,-20.6405,-5.2104,17.4131,322.9219,69.6730,-263.4847,124.6388,21.5207,195.2687
20.8900,9.5900,119.6731,-107.0526,-17.4924,-4.5130,14.8307,305.8352,69.1822,-251.9554,124.7735,21.0814,195.7240
20.9000,9.4150,119.6280,-106.9043,-14.5238,-3.8268,12.3740,286.9833,67.4506,-238.3689,124.8887,20.7089,196.1104
20.9100,9.2698,119.5897,-106.7806,-11.7527,-3.1640,10.0634,266.3191,64.5493,-222.7278,124.9854,20.3995,196.4316
20.9200,9.1523,119.5580,-106.6800,-9.1974,-2.5358,7.9194,243.7890,60.5542,-205.0403,125.0648,20.1492,196.6920
20.9300,9.0603,119.5327,-106.6008,-6.8769,-1.9529,5.9625,219.3333,55.5450,-185.3185,125.1281,19.9533,196.8962
20.9400,8.9915,119.5132,-106.5411,-4.8108,-1.4249,4.2130,192.8887,49.6032,-163.5774,125.1768,19.8071,197.0492
20.9500,8.9434,119.4989,-106.4990,-3.0191,-0.9608,2.6910,164.3887,42.8095,-139.8329,125.2124,19.7050,197.1566
20.9600,8.9132,119.4893,-106.4721,-1.5230,-0.5687,1.4164,133.7658,35.2418,-114.0998,125.2366,19.6412,197.2244
20.9700,8.8980,119.4836,-106.4579,-0.3438,-0.2560,0.4090,100.9526,26.9715,-86.3895,125.2513,19.6093,197.2591
20.9800,8.8946,119.4811,-106.4539,0.4961,-0.0293,-0.3114,65.8835,18.0599,-56.7073,125.2583,19.6027,197.2678
20.9900,8.8995,119.4808,-106.4570,0.9738,0.1052,-0.7251,23.8884,6.7253,-20.6867,125.2598,19.6141,197.2578
21.0000,8.9093,119.4818,-106.4642,0.9738,0.1052,-0.7251,0.0000,0.0000,0.0000,125.2580,19.6356,197.2372
21.0100,8.9199,119.4832,-106.4723,0.9594,0.1274,-0.7310,-10.1281,-1.3651,7.7286,125.2552,19.6591,197.2145
21.0200,8.9295,119.4845,-106.4797,0.8634,0.1145,-0.6578,-9.1151,-1.2249,6.9536,125.2526,19.6801,197.1940
21.0300,8.9381,119.4856,-106.4862,0.7771,0.1029,-0.5920,-8.2034,-1.0995,6.2565,125.2504,19.6991,197.1756
21.0400,8.9459,119.4867,-106.4922,0.6994,0.0925,-0.5327,-7.3829,-0.9871,5.6294,125.2483,19.7162,197.1591
21.0500,8.9529,119.4876,-106.4975,0.6294,0.0832,-0.4794,-6.6445,-0.8865,5.0653,125.2465,19.7316,197.1442
21.0600,8.9592,119.4884,-106.5023,0.5665,0.0748,-0.4314,-5.9799,-0.7963,4.5579,125.2448,19.7454,197.1307
21.0700,8.9649,119.4892,-106.5066,0.5098,0.0672,-0.3882,-5.3818,-0.7154,4.1013,125.2434,19.7579,197.1187
21.0800,8.9700,119.4899,-106.5105,0.4588,0.0605,-0.3494,-4.8436,-0.6428,3.6906,125.2420,19.7691,197.1078
21.0900,8.9746,119.4905,-106.5140,0.4130,0.0544,-0.3144,-4.3592,-0.5777,3.3210,125.2408,19.7792,197.0980
21.1000,8.9787,119.4910,-106.5171,0.3717,0.0489,-0.2830,-3.9232,-0.5193,2.9885,125.2397,19.7883,197.0892
21.1100,8.9824,119.4915,-106.5199,0.3345,0.0440,-0.2546,-3.5309,-0.4668,2.6894,125.2388,19.7964,197.0813
21.1200,8.9857,119.4919,-106.5225,0.3010,0.0396,-0.2292,-3.1777,-0.4197,2.4202,125.2379,19.8038,197.0742
21.1300,8.9888,119.4923,-106.5248,0.2709,0.0356,-0.2062,-2.8599,-0.3773,2.1779,125.2371,19.8104,197.0677
21.1400,8.9915,119.4927,-106.5268,0.2438,0.0320,-0.1856,-2.5739,-0.3393,1.9600,125.2364,19.8164,197.0620
21.1500,8.9939,119.4930,-106.5287,0.2195,0.0288,-0.1670,-2.3165,-0.3051,1.7638,125.2357,19.8217,197.0568
21.1600,8.9961,119.4933,-106.5304,0.1975,0.0259,-0.1503,-2.0849,-0.2744,1.5873,125.2352,19.8266,197.0521
21.1700,8.9981,119.4935,-106.5319,0.1778,0.0233,-0.1353,-1.8764,-0.2468,1.4285,125.2347,19.8309,197.0479
21.1800,8.9999,119.4938,-106.5332,0.1600,0.0210,-0.1218,-1.6887,-0.2220,1.2856,125.2342,19.8348,197.0441
21.1900,9.0015,119.4940,-106.5344,0.1440,0.0189,-0.1096,-1.5198,-0.1997,1.1570,125.2338,19.8383,197.0407
21.2000,9.0029,119.4942,-106.5355,0.1296,0.0170,-0.0986,-1.3678,-0.1797,1.0412,125.2334,19.8415,197.0376
21.2100,9.0042,119.4944,-106.5365,0.1166,0.0153,-0.0888,-1.2311,-0.1616,0.9371,125.2331,19.8444,197.0349
21.2200,9.0054,119.4945,-106.5374,0.1050,0.0138,-0.0799,-1.1079,-0.1454,0.8433,125.2327,19.8469,197.0324
21.2300,9.0064,119.4946,-106.5382,0.0945,0.0124,-0.0719,-0.9971,-0.1308,0.7590,125.2325,19.8492,197.0301
21.2400,9.0073,119.4948,-106.5389,0.0850,0.0111,-0.0647,-0.8974,-0.1177,0.6830,125.2322,19.8513,197.0281
21.2500,9.0082,119.4949,-106.5396,0.0765,0.0100,-0.0582,-0.8077,-0.1059,0.6147,125.2320,19.8532,197.0263
21.2600,9.0090,119.4950,-106.5402,0.0689,0.0090,-0.0524,-0.7269,-0.0953,0.5532,125.2318,19.8549,197.0247
21.2700,9.0097,119.4951,-106.5407,0.0620,0.0081,-0.0472,-0.6542,-0.0858,0.4979,125.2316,19.8564,197.0232
21.2800,9.0103,119.4951,-106.5412,0.0558,0.0073,-0.0424,-0.5888,-0.0772,0.4481,125.2315,19.8577,197.0219
21.2900,9.0108,119.4952,-106.5416,0.0502,0.0066,-0.0382,-0.5299,-0.0694,0.4033,125.2313,19.8590,197.0207
21.3000,9.0113,119.4953,-106.5420,0.0452,0.0059,-0.0344,-0.4769,-0.0625,0.3630,125.2312,19.8601,197.0196
21.3100,9.0118,119.4953,-106.5423,0.0407,0.0053,-0.0309,-0.4292,-0.0562,0.3267,125.2311,19.8611,197.0187
21.3200,9.0122,119.4954,-106.5426,0.0366,0.0048,-0.0278,-0.3863,-0.0506,0.2940,125.2310,19.8620,197.0178
21.3300,9.0126,119.4954,-106.5429,0.0329,0.0043,-0.0251,-0.3477,-0.0455,0.2646,125.2309,19.8628,197.0170
21.3400,9.0129,119.4955,-106.5431,0.0296,0.0039,-0.0226,-0.3129,-0.0410,0.2381,125.2308,19.8635,197.0163
21.3500,9.0132,119.4955,-106.5434,0.0267,0.0035,-0.0203,-0.2816,-0.0369,0.2143,125.2307,19.8641,197.0157
21.3600,9.0135,119.4956,-106.5436,0.0240,0.0031,-0.0183,-0.2535,-0.0332,0.1929,125.2306,19.8647,197.0151
21.3700,9.0137,119.4956,-106.5438,0.0216,0.0028,-0.0164,-0.2281,-0.0299,0.1736,125.2306,19.8652,197.0146
21.3800,9.0139,119.4956,-106.5439,0.0194,0.0025,-0.0148,-0.2053,-0.0269,0.1562,125.2305,19.8657,197.0141
21.3900,9.0141,119.4956,-106.5441,0.0175,0.0023,-0.0133,-0.1848,-0.0242,0.1406,125.2305,19.8662,197.0137
21.4000,9.0143,119.4957,-106.5442,0.0158,0.0021,-0.0120,-0.1663,-0.0218,0.1265,125.2304,19.8665,197.0134
21.4100,9.0144,119.4957,-106.5443,0.0142,0.0019,-0.0108,-0.1497,-0.0196,0.1139,125.2304,19.8669,197.0130
21.4200,9.0146,119.4957,-106.5444,0.0128,0.0017,-0.0097,-0.1347,-0.0176,0.1025,125.2303,19.8672,197.0127
21.4300,9.0147,119.4957,-106.5445,0.0115,0.0015,-0.0087,-0.1212,-0.0159,0.0922,125.2303,19.8675,197.0124
21.4400,9.0148,119.4957,-106.5446,0.0103,0.0014,-0.0079,-0.1091,-0.0143,0.0830,125.2303,19.8677,197.0122
21.4500,9.0149,119.4958,-106.5447,0.0093,0.0012,-0.0071,-0.0982,-0.0128,0.0747,125.2302,19.8680,197.0120
21.4600,9.0150,119.4958,-106.5448,0.0084,0.0011,-0.0064,-0.0884,-0.0116,0.0672,125.2302,19.8682,197.0118
21.4700,9.0151,119.4958,-106.5448,0.0075,0.0010,-0.0057,-0.0795,-0.0104,0.0605,125.2302,19.8683,197.0116
21.4800,9.0152,119.4958,-106.5449,0.0068,0.0009,-0.0052,-0.0716,-0.0094,0.0545,125.2302,19.8685,197.0114
21.4900,9.0152,119.4958,-106.5449,0.0061,0.0008,-0.0046,-0.0644,-0.0084,0.0490,125.2302,19.8687,197.0113
21.5000,9.0153,119.4958,-106.5450,0.0055,0.0007,-0.0042,-0.0580,-0.0076,0.0441,125.2301,19.8688,197.0112
21.5100,9.0154,119.4958,-106.5450,0.0049,0.0006,-0.0038,-0.0522,-0.0068,0.0397,125.2301,19.8689,197.0111
21.5200,9.0154,119.4958,-106.5451,0.0044,0.0006,-0.0034,-0.0470,-0.0061,0.0357,125.2301,19.8690,197.0109
21.5300,9.0155,119.4958,-106.5451,0.0040,0.0005,-0.0030,-0.0423,-0.0055,0.0322,125.2301,19.8691,197.0109
21.5400,9.0155,119.4958,-106.5451,0.0036,0.0005,-0.0027,-0.0380,-0.0050,0.0289,125.2301,19.8692,197.0108
21.5500,9.0155,119.4958,-106.5451,0.0032,0.0004,-0.0025,-0.0342,-0.0045,0.0261,125.2301,19.8693,197.0107
21.5600,9.0156,119.4958,-106.5452,0.0029,0.0004,-0.0022,-0.0308,-0.0040,0.0234,125.2301,19.8694,197.0106
21.5700,9.0156,119.4958,-106.5452,0.0026,0.0003,-0.0020,-0.0277,-0.0036,0.0211,125.2301,19.8694,197.0106
21.5800,9.0156,119.4958,-106.5452,0.0024,0.0003,-0.0018,-0.0250,-0.0033,0.0190,125.2301,19.8695,197.0105
21.5900,9.0156,119.4959,-106.5452,0.0021,0.0003,-0.0016,-0.0225,-0.0029,0.0171,125.2301,19.8695,197.0105
21.6000,9.0157,119.4959,-106.5452,0.0019,0.0003,-0.0015,-0.0202,-0.0026,0.0154,125.2301,19.8696,197.0104
21.6100,9.0157,119.4959,-106.5453,0.0017,0.0002,-0.0013,-0.0182,-0.0024,0.0138,125.2300,19.8696,197.0104
21.6200,9.0157,119.4959,-106.5453,0.0016,0.0002,-0.0012,-0.0164,-0.0021,0.0125,125.2300,19.8697,197.0103
21.6300,9.0157,119.4959,-106.5453,0.0014,0.0002,-0.0011,-0.0147,-0.0019,0.0112,125.2300,19.8697,197.0103
21.6400,9.0157,119.4959,-106.5453,0.0013,0.0002,-0.0010,-0.0133,-0.0017,0.0101,125.2300,19.8697,197.0103
21.6500,9.0157,119.4959,-106.5453,0.0011,0.0001,-0.0009,-0.0119,-0.0016,0.0091,125.2300,19.8698,197.0102
21.6600,9.0157,119.4959,-106.5453,0.0010,0.0001,-0.0008,-0.0107,-0.0014,0.0082,125.2300,19.8698,197.0102
21.6700,9.0158,119.4959,-106.5453,0.0009,0.0001,-0.0007,-0.0097,-0.0013,0.0074,125.2300,19.8698,197.0102
21.6800,9.0158,119.4959,-106.5453,0.0008,0.0001,-0.0006,-0.0087,-0.0011,0.0066,125.2300,19.8698,197.0102
21.6900,9.0158,119.4959,-106.5453,0.0007,0.0001,-0.0006,-0.0078,-0.0010,0.0060,125.2300,19.8698,197.0102
21.7000,9.0158,119.4959,-106.5453,0.0007,0.0001,-0.0005,-0.0070,-0.0009,0.0054,125.2300,19.8699,197.0101
21.7100,9.0158,119.4959,-106.5453,0.0006,0.0001,-0.0005,-0.0063,-0.0008,0.0048,125.2300,19.8699,197.0101
21.7200,9.0158,119.4959,-106.5454,0.0005,0.0001,-0.0004,-0.0057,-0.0007,0.0043,125.2300,19.8699,197.0101
21.7300,9.0158,119.4959,-106.5454,0.0005,0.0001,-0.0004,-0.0051,-0.0007,0.0039,125.2300,19.8699,197.0101
21.7400,9.0158,119.4959,-106.5454,0.0004,0.0001,-0.0003,-0.0046,-0.0006,0.0035,125.2300,19.8699,197.0101
21.7500,9.0158,119.4959,-106.5454,0.0004,0.0001,-0.0003,-0.0042,-0.0005,0.0032,125.2300,19.8699,197.0101
21.7600,9.0158,119.4959,-106.5454,0.0004,0.0000,-0.0003,-0.0037,-0.0005,0.0029,125.2300,19.8699,197.0101
21.7700,9.0158,119.4959,-106.5454,0.0003,0.0000,-0.0002,-0.0034,-0.0004,0.0026,125.2300,19.8699,197.0101
21.7800,9.0158,119.4959,-106.5454,0.0003,0.0000,-0.0002,-0.0030,-0.0004,0.0023,125.2300,19.8699,197.0101
21.7900,9.0158,119.4959,-106.5454,0.0003,0.0000,-0.0002,-0.0027,-0.0004,0.0021,125.2300,19.8699,197.0101
21.8000,9.0158,119.4959,-106.5454,0.0002,0.0000,-0.0002,-0.0025,-0.0003,0.0019,125.2300,19.8699,197.0100
21.8100,9.0158,119.4959,-106.5454,0.0002,0.0000,-0.0002,-0.0022,-0.0003,0.0017,125.2300,19.8700,197.0100
21.8200,9.0158,119.4959,-106.5454,0.0002,0.0000,-0.0001,-0.0020,-0.0003,0.0015,125.2300,19.8700,197.0100
21.8300,9.0158,119.4959,-106.5454,0.0002,0.0000,-0.0001,-0.0018,-0.0002,0.0014,125.2300,19.8700,197.0100
21.8400,9.0158,119.4959,-106.5454,0.0002,0.0000,-0.0001,-0.0016,-0.0002,0.0012,125.2300,19.8700,197.0100
21.8500,9.0158,119.4959,-106.5454,0.0001,0.0000,-0.0001,-0.0015,-0.0002,0.0011,125.2300,19.8700,197.0100
21.8600,9.0158,119.4959,-106.5454,0.0001,0.0000,-0.0001,-0.0013,-0.0002,0.0010,125.2300,19.8700,197.0100
21.8700,9.0158,119.4959,-106.5454,0.0001,0.0000,-0.0001,-0.0012,-0.0002,0.0009,125.2300,19.8700,197.0100
21.8800,9.0158,119.4959,-106.5454,0.0001,0.0000,-0.0001,-0.0011,-0.0001,0.0008,125.2300,19.8700,197.0100
21.8900,9.0158,119.4959,-106.5454,0.0001,0.0000,-0.0001,-0.0010,-0.0001,0.0007,125.2300,19.8700,197.0100
21.9000,9.0158,119.4959,-106.5454,0.0001,0.0000,-0.0001,-0.0009,-0.0001,0.0007,125.2300,19.8700,197.0100
21.9100,9.0158,119.4959,-106.5454,0.0001,0.0000,-0.0001,-0.0008,-0.0001,0.0006,125.2300,19.8700,197.0100
21.9200,9.0158,119.4959,-106.5454,0.0001,0.0000,-0.0001,-0.0007,-0.0001,0.0005,125.2300,19.8700,197.0100
21.9300,9.0158,119.4959,-106.5454,0.0001,0.0000,-0.0000,-0.0006,-0.0001,0.0005,125.2300,19.8700,197.0100
21.9400,9.0158,119.4959,-106.5454,0.0001,0.0000,-0.0000,-0.0006,-0.0001,0.0004,125.2300,19.8700,197.0100
21.9500,9.0158,119.4959,-106.5454,0.0000,0.0000,-0.0000,-0.0005,-0.0001,0.0004,125.2300,19.8700,197.0100
21.9600,9.0158,119.4959,-106.5454,0.0000,0.0000,-0.0000,-0.0005,-0.0001,0.0003,125.2300,19.8700,197.0100
21.9700,9.0158,119.4959,-106.5454,0.0000,0.0000,-0.0000,-0.0004,-0.0001,0.0003,125.2300,19.8700,197.0100
21.9800,9.0158,119.4959,-106.5454,0.0000,0.0000,-0.0000,-0.0004,-0.0000,0.0003,125.2300,19.8700,197.0100
21.9900,9.0158,119.4959,-106.5454,0.0000,0.0000,-0.0000,-0.0002,-0.0000,0.0001,125.2300,19.8700,197.0100
22.0000,9.0158,119.4959,-106.5454,0.0000,0.0000,-0.0000,0.0000,0.0000,0.0000,125.2300,19.8700,197.0100
