q1_rad,q2_rad,q3_rad
0,"2,10234856779453","-2,36008831975354"
"1,74532925199433E-06","2,10234856779453","-2,36008482909504"
"1,22173047639603E-05","2,10233809581902","-2,36006039448551"
"4,01425727958696E-05","2,10231366120949","-2,35999581730319"
"9,42477796076938E-05","2,10226653731969","-2,35987364425555"
"0,00018151424220741","2,10219148816185","-2,35967642205007"
"0,000310668606854991","2,10207978708973","-2,35938844272349"
"0,000485201532054424","2,1019279434448","-2,35899399831254"
"0,000712094334813687","2,10172897591008","-2,35848087151246"
"0,000998328332140757","2,10148113915629","-2,35783684501847"
"0,00134739418253962","2,10117745186645","-2,35704970152582"
"0,00176452787376627","2,10081442338203","-2,35610722372975"
"0,00225322006432468","2,10038856304454","-2,35500417564249"
"0,00281870674197084","2,09989812552473","-2,35373008528853"
"0,00346273323595675","2,09933787483484","-2,35227797135087"
"0,0041870448755344","2,09870606564562","-2,3506408525125"
"0,00499687764845977","2,09800095262782","-2,34881349278566"
"0,00589397688398485","2,09722079045217","-2,3467906561826"
"0,00687834258210965","2,0963655791187","-2,34457059737406"
"0,00794997474283417","2,09543182796888","-2,34214982570155"
"0,00911410935391439","2,09441953700272","-2,33952485050655"
"0,0103672557568463","2,09332870622023","-2,33669567178906"
"0,0117129046101339","2,09215759029214","-2,3336622895491"
"0,0131475652552733","2,09090967987696","-2,3304229584574"
"0,0146729830215163","2,0895814843162","-2,32698116917246"
"0,0162891579088631","2,08817649426834","-2,3233369216943"
"0,0179925992588095","2,0866947097334","-2,31949370668141"
"0,0197833070713557","2,08513613071137","-2,31545326946304"
"0,0216595360172496","2,0835025025315","-2,3112191006977"
"0,0236195407672393","2,0817973158523","-2,30679643637315"
"0,0256615759920726","2,08002057067377","-2,30219051247714"
"0,0277821510332457","2,07817575765441","-2,29740481966817"
"0,0299812658907586","2,07626287679423","-2,29244633926325"
"0,0322519392476032","2,07428716408097","-2,28732030725014"
"0,0345941711037796","2,07224861951464","-2,28203545027511"
"0,0370062161300358","2,07015073375374","-2,27659525899664"
"0,0394810930093637","2,06799874278603","-2,27101195071951"
"0,0420153110832595","2,06579090128226","-2,26529076143147"
"0,0446088703517231","2,06353593588868","-2,25944041777879"
"0,0472547894977465","2,06123210127605","-2,25346964640771"
"0,0499513231920777","2,05888812409062","-2,24738717396451"
"0,0526914901177088","2,05650225900315","-2,2412034724247"
"0,0554752902746398","2,05408148733063","-2,23492552310527"
"0,0582939970166106","2,05162929973158","-2,22856554331101"
"0,0611441196851173","2,04914744153524","-2,22213225968816"
"0,064023912950908","2,04664289405863","-2,21563614421223"
"0,0669263954969746","2,04411740263099","-2,20908766885875"
"0,0698480766648131","2,04157445791084","-2,20249556027397"
"0,0727837204666675","2,03902104121517","-2,1958737810919"
"0,075728090914782","2,03645889787324","-2,18922931262956"
"0,0786776973506524","2,03389151854356","-2,18257437219171"
"0,0816273037865228","2,03132588454313","-2,17591943175385"
"0,0845734195638892","2,0287637412012","-2,16927496329151"
"0,0875090633657437","2,02620857917628","-2,16265143878019"
"0,0904289992043302","2,02366737978538","-2,15605933019541"
"0,0933314817503968","2,02114188835774","-2,14951085484192"
"0,0962112750161874","2,01863734088113","-2,143014739366"
"0,0990631430139461","2,01615548268479","-2,13658145574315"
"0,101881849755917","2,01370329508574","-2,13022147594888"
"0,104663904583596","2,01128252341323","-2,12394352662946"
"0,107405816838479","2,00889665832575","-2,11775982508964"
"0,110100605203558","2,00655093581107","-2,11167735264644"
"0,112746524349582","2,00424884652769","-2,10570658127537"
"0,115340083618045","2,00199213580486","-2,09985623762269"
"0,117876047021193","1,99978603963034","-2,09413504833465"
"0,120350923900521","1,99763404866263","-2,08855174005752"
"0,122761223597525","1,99553616290173","-2,0831132941083"
"0,125103455453702","1,9934976183354","-2,07782669180401"
"0,127375874139798","1,99152016029289","-2,07270240512016"
"0,129573243668059","1,98960902476196","-2,06774217938599"
"0,131693818709232","1,98776246641335","-2,06295823190627"
"0,133735853934066","1,98598746656407","-2,05835056268101"
"0,135695858684055","1,98428053455562","-2,05392789835646"
"0,137572087629949","1,98264865170501","-2,04969547492037"
"0,139364540771747","1,98109007268298","-2,045655037702"
"0,141067982121694","1,97960828814803","-2,04181007735986"
"0,142682411679788","1,97820329810018","-2,03816582988169"
"0,144207829446031","1,97687510253941","-2,03472404059676"
"0,145644235420423","1,97562544679498","-2,03148470950506"
"0,146988138944458","1,97445607619615","-2,02845132726509"
"0,148243030676642","1,97336524541365","-2,02562214854761"
"0,149405419958471","1,97235295444749","-2,02299891868186"
"0,150478797448447","1,97141920329768","-2,0205764016801"
"0,151463163146572","1,9705639919642","-2,01835634287156"
"0,152358517052845","1,96978382978856","-2,01633525159775"
"0,15316834982577","1,96907871677075","-2,01450789187091"
"0,1538944067946","1,96844690758153","-2,01287077303254"
"0,154538433288586","1,96788665689164","-2,01141691376563"
"0,155103919966232","1,96739621937183","-2,01014282341167"
"0,155592612156791","1,96697035903434","-2,00903977532441"
"0,156009745848017","1,96660733054993","-2,00809904285759"
"0,156358811698416","1,96630364326008","-2,00731015403569"
"0,156645045695743","1,96605406117704","-2,0066661275417"
"0,156871938498502","1,96585683897157","-2,00615300074161"
"0,157046471423702","1,96570499532665","-2,00575855633066"
"0,157173880459097","1,96559329425452","-2,00547057700408"
"0,157261146921697","1,96551824509668","-2,00527335479861"
"0,157315252128509","1,96547112120688","-2,00515118175097"
"0,157344922725793","1,96544668659735","-2,00508660456865"
"0,157355394701305","1,96543621462184","-2,00506216995912"
"0,157357140030557","1,96543446929259","-2,00505867930061"
"0,157357140030557","1,96543446929259","-2,00505867930061"
"0,157357140030557","1,96543446929259","-2,00505867930061"
"0,157357140030557","1,96543446929259","-2,00505867930061"
"0,157357140030557","1,96543446929259","-2,00505867930061"
"0,157357140030557","1,96543446929259","-2,00505867930061"
"0,157357140030557","1,96543446929259","-2,00505867930061"
"0,157357140030557","1,96543446929259","-2,00505867930061"
"0,157357140030557","1,96543446929259","-2,00505867930061"
"0,157357140030557","1,96543446929259","-2,00505867930061"
"0,157357140030557","1,96543446929259","-2,00505867930061"
"0,157357140030557","1,96543446929259","-2,00505867930061"
"0,157357140030557","1,96543446929259","-2,00505867930061"
"0,157357140030557","1,96543446929259","-2,00505867930061"
"0,157357140030557","1,96543446929259","-2,00505867930061"
"0,157357140030557","1,96543446929259","-2,00505867930061"
"0,157357140030557","1,96543446929259","-2,00505867930061"
"0,157357140030557","1,96543446929259","-2,00505867930061"
"0,157357140030557","1,96543446929259","-2,00505867930061"
"0,157357140030557","1,96543446929259","-2,00505867930061"
"0,157357140030557","1,96543446929259","-2,00505867930061"
"0,157357140030557","1,96543446929259","-2,00505867930061"
"0,157357140030557","1,96543446929259","-2,00505867930061"
"0,157357140030557","1,96543446929259","-2,00505867930061"
"0,157357140030557","1,96543446929259","-2,00505867930061"
"0,157357140030557","1,96543446929259","-2,00505867930061"
"0,157357140030557","1,96543446929259","-2,00505867930061"
"0,157357140030557","1,96543446929259","-2,00505867930061"
"0,157357140030557","1,96543446929259","-2,00505867930061"
"0,157357140030557","1,96543446929259","-2,00505867930061"
"0,157357140030557","1,96543446929259","-2,00505867930061"
"0,157357140030557","1,96543446929259","-2,00505867930061"
"0,157357140030557","1,96543446929259","-2,00505867930061"
"0,157357140030557","1,96543446929259","-2,00505867930061"
"0,157357140030557","1,96543446929259","-2,00505867930061"
"0,157357140030557","1,96543446929259","-2,00505867930061"
"0,157357140030557","1,96543446929259","-2,00505867930061"
"0,157357140030557","1,96543446929259","-2,00505867930061"
"0,157357140030557","1,96543446929259","-2,00505867930061"
"0,157357140030557","1,96543446929259","-2,00505867930061"
"0,157357140030557","1,96543446929259","-2,00505867930061"
"0,157357140030557","1,96543446929259","-2,00505867930061"
"0,157357140030557","1,96543446929259","-2,00505867930061"
"0,157357140030557","1,96543446929259","-2,00505867930061"
"0,157357140030557","1,96543446929259","-2,00505867930061"
"0,157357140030557","1,96543446929259","-2,00505867930061"
"0,157357140030557","1,96543446929259","-2,00505867930061"
"0,157357140030557","1,96543446929259","-2,00505867930061"
"0,157357140030557","1,96543446929259","-2,00505867930061"
"0,157357140030557","1,96543446929259","-2,00505867930061"
"0,157357140030557","1,96543446929259","-2,00505867930061"
"0,157357140030557","1,96543446929259","-2,00505867930061"
"0,157357140030557","1,96543446929259","-2,00505867930061"
"0,157357140030557","1,96543446929259","-2,00505867930061"
"0,157357140030557","1,96543446929259","-2,00505867930061"
"0,157357140030557","1,96543446929259","-2,00505867930061"
"0,157357140030557","1,96543446929259","-2,00505867930061"
"0,157357140030557","1,96543446929259","-2,00505867930061"
"0,157357140030557","1,96543446929259","-2,00505867930061"
"0,157357140030557","1,96543446929259","-2,00505867930061"
"0,157357140030557","1,96543446929259","-2,00505867930061"
"0,157357140030557","1,96543446929259","-2,00505867930061"
"0,157357140030557","1,96543446929259","-2,00505867930061"
"0,157357140030557","1,96543446929259","-2,00505867930061"
"0,157357140030557","1,96543446929259","-2,00505867930061"
"0,157357140030557","1,96543446929259","-2,00505867930061"
"0,157357140030557","1,96543446929259","-2,00505867930061"
"0,157357140030557","1,96543446929259","-2,00505867930061"
"0,157357140030557","1,96543446929259","-2,00505867930061"
"0,157357140030557","1,96543446929259","-2,00505867930061"
"0,157357140030557","1,96543446929259","-2,00505867930061"
"0,157357140030557","1,96543446929259","-2,00505867930061"
"0,157357140030557","1,96543446929259","-2,00505867930061"
"0,157357140030557","1,96543446929259","-2,00505867930061"
"0,157357140030557","1,96543446929259","-2,00505867930061"
"0,157357140030557","1,96543446929259","-2,00505867930061"
"0,157357140030557","1,96543446929259","-2,00505867930061"
"0,157357140030557","1,96543446929259","-2,00505867930061"
"0,157357140030557","1,96543446929259","-2,00505867930061"
"0,157357140030557","1,96543446929259","-2,00505867930061"
"0,157357140030557","1,96543446929259","-2,00505867930061"
"0,157357140030557","1,96543446929259","-2,00505867930061"
"0,157357140030557","1,96543446929259","-2,00505867930061"
"0,157357140030557","1,96543446929259","-2,00505867930061"
"0,157357140030557","1,96543446929259","-2,00505867930061"
"0,157357140030557","1,96543446929259","-2,00505867930061"
"0,157357140030557","1,96543446929259","-2,00505867930061"
"0,157357140030557","1,96543446929259","-2,00505867930061"
"0,157357140030557","1,96543446929259","-2,00505867930061"
"0,157357140030557","1,96543446929259","-2,00505867930061"
"0,157357140030557","1,96543446929259","-2,00505867930061"
"0,157357140030557","1,96543446929259","-2,00505867930061"
"0,157357140030557","1,96543446929259","-2,00505867930061"
"0,157357140030557","1,96543446929259","-2,00505867930061"
"0,157357140030557","1,96543446929259","-2,00505867930061"
"0,157357140030557","1,96543446929259","-2,00505867930061"
"0,157357140030557","1,96543446929259","-2,00505867930061"
"0,157357140030557","1,96543446929259","-2,00505867930061"
"0,157357140030557","1,96543446929259","-2,00505867930061"
"0,157357140030557","1,96543446929259","-2,00505867930061"
"0,157357140030557","1,96543446929259","-2,00505867930061"
"0,157358885359809","1,96542748797558","-2,00506391528837"
"0,157376338652329","1,96537687342727","-2,00509358588565"
"0,157421717212881","1,96524248307487","-2,00517212570199"
"0,15750898367548","1,96498417434557","-2,00532222401767"
"0,157650355344892","1,9645687859836","-2,00556657011294"
"0,157856304196627","1,9639614114039","-2,0059208719511"
"0,158137302206198","1,96313063467995","-2,00640607348315"
"0,158505566678369","1,96205027587297","-2,00703788267238"
"0,158966333600896","1,96069240971492","-2,00783200748203"
"0,159528329620038","1,95903260159627","-2,00880241054614"
"0,160202026711308","1,95704990756601","-2,00996130916947"
"0,160990915533209","1,95472512900235","-2,01132092065677"
"0,16190197740275","1,95203906728353","-2,01288997165431"
"0,162940448307687","1,94897950510478","-2,01467893413761"
"0,164111564235775","1,94552898917359","-2,01669653475291"
"0,165417070516267","1,94167879284369","-2,01894626415873"
"0,16686394846617","1,93742018946883","-2,02143684900133"
"0,168450452756233","1,93274096174423","-2,0241717799392"
"0,170181819374211","1,9276411096699","-2,02715454763086"
"0,172058048320105","1,92211016127033","-2,03038689740556"
"0,174080884923166","1,91614986187477","-2,03387057459254"
"0,176250329183395","1,90975846615397","-2,03760732452106"
"0,178566381100792","1,90293422877867","-2,04159714719111"
"0,181027295346104","1,89568238573663","-2,04583655194421"
"0,183631326590079","1,88800468235711","-2,05032553878034"
"0,18638022016197","1,87990635462786","-2,05505887171175"
"0,189268740074021","1,87139263853663","-2,06003655073844"
"0,192295140996979","1,86247400605894","-2,06524984921414"
"0,195457677601593","1,85315569318254","-2,07069702180962"
"0,198751113900106","1,8434499172122","-2,07637108720785"
"0,202173704563267","1,83336715012343","-2,08226680942109"
"0,205718468274068","1,82291960922099","-2,08837371647381"
"0,209383659703256","1,8121212571389","-2,09468657237828"
"0,213162297533823","1,80098605651118","-2,10119665048822"
"0,217050891107267","1,78952622464258","-2,10789522415737"
"0,221042459106578","1,77776270548414","-2,11477356673948"
"0,225133510873253","1,76570771634062","-2,12181946092978"
"0,229315319761031","1,75338220116303","-2,12902592541127"
"0,233584395111409","1,74080186791466","-2,13637899754992"
"0,237933755607379","1,72798766054651","-2,14387169602873"
"0,242354674602681","1,71495703235112","-2,15148831288443"
"0,24684366143881","1,70173267260876","-2,15922012147077"
"0,251390244140255","1,68833203461195","-2,16705315915372"
"0,25598918671926","1,67477780764096","-2,17497695395777"
"0,260633507858817","1,66109093564682","-2,18297928857817"
"0,265316226241918","1,64729410790981","-2,19104445505163"
"0,270028615222303","1,63340652305169","-2,19916372673191"
"0,274763693482963","1,61945261568199","-2,20732139565573"
"0,279514479706892","1,60545332975175","-2,21550524451833"
"0,284272247247828","1,59143135454123","-2,2237013106857"
"0,289031760118017","1,57741112465996","-2,23189912218232"
"0,293780801012694","1,56341183872971","-2,24008297104492"
"0,298517624602606","1,54945793136001","-2,24824063996874"
"0,303230013582991","1,5355703465019","-2,25635816631977"
"0,30791098663684","1,52177177343563","-2,26442507812248"
"0,312557053105649","1,50808490144149","-2,27242566741363"
"0,317155995684654","1,4945306744705","-2,28034946221768"
"0,321702578386099","1,48113003647369","-2,28818424522988"
"0,326191565222228","1,46790567673133","-2,29591605381622"
"0,33061248421753","1,45487504853594","-2,30353267067192"
"0,3349618447135","1,44206084116779","-2,31102362382148"
"0,339230920063878","1,42948050791942","-2,31837844128938"
"0,343412728951656","1,41715499274184","-2,32558316044162"
"0,347503780718331","1,40510174892756","-2,33263079996117"
"0,351495348717642","1,39333648443987","-2,33950739721403"
"0,355383942291085","1,38187839790053","-2,34620597088318"
"0,359162580121653","1,37074145194355","-2,35271779432237"
"0,362827771550841","1,35994309986146","-2,35903065022684"
"0,366372535261642","1,34949555895902","-2,36513755727956"
"0,369795125924803","1,33941279187025","-2,37103153416355"
"0,373088562223316","1,32970701589991","-2,37670559956178"
"0,376249353498678","1,32039044835277","-2,38215277215726"
"0,379277499750888","1,31147007054582","-2,38736781596222"
"0,382166019662938","1,30295635445459","-2,39234374965965"
"0,384914913234829","1,29485802672534","-2,39707882792031"
"0,387518944478805","1,28718032334582","-2,40156606942719"
"0,389979858724117","1,27992848030378","-2,40580721950954"
"0,392295910641514","1,27310424292848","-2,40979529685034"
"0,394465354901742","1,26671284720768","-2,41353204677886"
"0,396488191504804","1,26075254781212","-2,4170174692951"
"0,398364420450698","1,2552233447418","-2,42024981906979"
"0,400095787068676","1,25012174733822","-2,4232308414322"
"0,401682291358739","1,24544426494288","-2,42596577237007"
"0,403129169308642","1,24118391623876","-2,42845635721267"
"0,404434675589134","1,23733371990886","-2,43070783194774"
"0,405605791517222","1,23388494930692","-2,43272368723379"
"0,406644262422159","1,23082364179892","-2,43451264971709"
"0,4075553242917","1,22813932540935","-2,43608344604388"
"0,408344213113601","1,22581280151645","-2,43744131220193"
"0,409016164875619","1,22383185281543","-2,43860021082526"
"0,409579906224013","1,22217204469679","-2,43957061388937"
"0,41004067314654","1,22081243320948","-2,44036473869902"
"0,410407192289459","1,2197320744025","-2,44099654788825"
"0,410689935628282","1,21890129767855","-2,44148349474955"
"0,410895884480017","1,21829392309885","-2,44183779658771"
"0,411037256149429","1,21787853473688","-2,44208039735373"
"0,411124522612028","1,21762022600758","-2,44223224099866"
"0,41116990117258","1,21748583565518","-2,442310780815"
"0,4111873544651","1,21743522110687","-2,44234045141228"
"0,411189099794352","1,21742823978986","-2,44234394207079"
"0,411189099794352","1,21742300380211","-2,44234394207079"
"0,411189099794352","1,21738635188782","-2,44234743272929"
"0,411189099794352","1,21729210410821","-2,4423544140463"
"0,411189099794352","1,217110589866","-2,44236663135106"
"0,411189099794352","1,21681737455167","-2,44238757530208"
"0,411189099794352","1,21638976888493","-2,44241724589937"
"0,411189099794352","1,21580508358551","-2,44245913380142"
"0,411189099794352","1,21504412003164","-2,44251323900823"
"0,411189099794352","1,2140859342723","-2,44258130684906"
"0,411189099794352","1,21291656367346","-2,4426633373239"
"0,411189099794352","1,21152030027186","-2,44276282109126"
"0,411189099794352","1,20988318143349","-2,4428780128219"
"0,411189099794352","1,20799124452433","-2,4430124031743"
"0,411189099794352","1,20583401756887","-2,44316424681922"
"0,411189099794352","1,20340451925009","-2,44333703441517"
"0,411189099794352","1,20069227759249","-2,44352902063289"
"0,411189099794352","1,19769031127906","-2,44374020547238"
"0,411189099794352","1,1943951296513","-2,44397407959215"
"0,411189099794352","1,19080149672144","-2,44422889766294"
"0,411189099794352","1,18690592183099","-2,4445029143555"
"0,411189099794352","1,18270665965069","-2,44480136565759"
"0,411189099794352","1,17820371018054","-2,44511901558146"
"0,411189099794352","1,17339707342055","-2,44545935478559"
"0,411189099794352","1,16828674937071","-2,44582063794076"
"0,411189099794352","1,16287797401878","-2,4462046103762"
"0,411189099794352","1,15717249269401","-2,44660778143341"
"0,411189099794352","1,15117554138416","-2,44703189644164"
"0,411189099794352","1,14489235607698","-2,4474769554009"
"0,411189099794352","1,13832817276023","-2,44794121298193"
"0,411189099794352","1,13148997275092","-2,44842466918473"
"0,411189099794352","1,1243864826953","-2,44892732400931"
"0,411189099794352","1,11702642923964","-2,4494474321264"
"0,411189099794352","1,1094185390302","-2,44998673886527"
"0,411189099794352","1,10157328404248","-2,4505417535674"
"0,411189099794352","1,09350113625201","-2,4511124762328"
"0,411189099794352","1,08521256763429","-2,45169890686147"
"0,411189099794352","1,07671979549408","-2,45229930012416"
"0,411189099794352","1,06803678246541","-2,45291365602086"
"0,411189099794352","1,05917400052378","-2,45354197455158"
"0,411189099794352","1,05014715763247","-2,45418076505781"
"0,411189099794352","1,04096672576698","-2,45483002753955"
"0,411189099794352","1,03165015821983","-2,45548801666755"
"0,411189099794352","1,0222096722958","-2,45615647777107"
"0,411189099794352","1,01266097595813","-2,45683192019159"
"0,411189099794352","1,00301803184087","-2,45751434392912"
"0,411189099794352","0,993296547907257","-2,45820200365441"
"0,411189099794352","0,983513977449829","-2,45889489936745"
"0,411189099794352","0,973682537773345","-2,45958954040974"
"0,411189099794352","0,963821427499577","-2,46028767211054"
"0,411189099794352","0,953942863933289","-2,46098754914059"
"0,411189099794352","0,944064300367001","-2,46168568084139"
"0,411189099794352","0,934203190093233","-2,46238381254218"
"0,411189099794352","0,924371750416749","-2,46307845358448"
"0,411189099794352","0,914587434630069","-2,46377134929752"
"0,411189099794352","0,904867696025712","-2,46445900902281"
"0,411189099794352","0,895224751908443","-2,46514143276034"
"0,411189099794352","0,885676055570782","-2,46581687518086"
"0,411189099794352","0,876235569646745","-2,46648533628437"
"0,411189099794352","0,8669190020996","-2,46714332541237"
"0,411189099794352","0,857738570234109","-2,46779433322337"
"0,411189099794352","0,848711727342795","-2,4684331237296"
"0,411189099794352","0,839848945401167","-2,46905969693106"
"0,411189099794352","0,831164187043244","-2,46967405282776"
"0,411189099794352","0,822673160232291","-2,47027444609045"
"0,411189099794352","0,81438459161457","-2,47086087671912"
"0,411189099794352","0,806312443824096","-2,47143159938452"
"0,411189099794352","0,798467188836382","-2,47198661408666"
"0,411189099794352","0,790859298626939","-2,47252592082552"
"0,411189099794352","0,783499245171278","-2,47304602894262"
"0,411189099794352","0,776395755115662","-2,47354868376719"
"0,411189099794352","0,769557555106348","-2,47403213996999"
"0,411189099794352","0,762993371789597","-2,47449639755102"
"0,411189099794352","0,756710186482418","-2,47494145651028"
"0,411189099794352","0,750713235172565","-2,47536557151852"
"0,411189099794352","0,745007753847796","-2,47577048790498"
"0,411189099794352","0,739597233166613","-2,47615271501117"
"0,411189099794352","0,734488654446026","-2,47651399816633"
"0,411189099794352","0,729682017686033","-2,47685433737047"
"0,411189099794352","0,725179068215888","-2,47717198729433"
"0,411189099794352","0,72097980603559","-2,47747043859642"
"0,411189099794352","0,717084231145138","-2,47774620061824"
"0,411189099794352","0,713490598215282","-2,47799927335978"
"0,411189099794352","0,710193671258265","-2,47823314747954"
"0,411189099794352","0,707193450274086","-2,47844607764829"
"0,411189099794352","0,704481208616487","-2,47863806386601"
"0,411189099794352","0,702049964968459","-2,4788091061327"
"0,411189099794352","0,699894483342246","-2,47896094977763"
"0,411189099794352","0,698002546433084","-2,47909534013003"
"0,411189099794352","0,696365427594714","-2,47921227718991"
"0,411189099794352","0,694967418863866","-2,47931001562803"
"0,411189099794352","0,69379804826503","-2,47939379143212"
"0,411189099794352","0,692841607834937","-2,4794601139437"
"0,411189099794352","0,692080644281067","-2,47951421915051"
"0,411189099794352","0,691495958981649","-2,47955610705256"
"0,411189099794352","0,691068353314911","-2,47958577764984"
"0,411189099794352","0,690775138000576","-2,47960672160086"
"0,411189099794352","0,690593623758368","-2,47962068423488"
"0,411189099794352","0,690497630649509","-2,47962592022264"
"0,411189099794352","0,690462724064469","-2,47962941088114"
"0,411189099794352","0,690457488076713","-2,47962941088114"
"0,411189099794352","0,690462724064469","-2,47962941088114"
"0,411189099794352","0,690497630649509","-2,47962592022264"
"0,411189099794352","0,690593623758368","-2,47962068423488"
"0,411189099794352","0,690775138000576","-2,47960672160086"
"0,411189099794352","0,691068353314911","-2,47958577764984"
"0,411189099794352","0,691495958981649","-2,47955610705256"
"0,411189099794352","0,692080644281067","-2,47951421915051"
"0,411189099794352","0,692841607834937","-2,4794601139437"
"0,411189099794352","0,69379804826503","-2,47939379143212"
"0,411189099794352","0,694967418863866","-2,47931001562803"
"0,411189099794352","0,696365427594714","-2,47921227718991"
"0,411189099794352","0,698002546433084","-2,47909534013003"
"0,411189099794352","0,699894483342246","-2,47896094977763"
"0,411189099794352","0,702049964968459","-2,4788091061327"
"0,411189099794352","0,704481208616487","-2,47863806386601"
"0,411189099794352","0,707193450274086","-2,47844607764829"
"0,411189099794352","0,710193671258265","-2,47823314747954"
"0,411189099794352","0,713490598215282","-2,47799927335978"
"0,411189099794352","0,717084231145138","-2,47774620061824"
"0,411189099794352","0,72097980603559","-2,47747043859642"
"0,411189099794352","0,725179068215888","-2,47717198729433"
"0,411189099794352","0,729682017686033","-2,47685433737047"
"0,411189099794352","0,734488654446026","-2,47651399816633"
"0,411189099794352","0,739597233166613","-2,47615271501117"
"0,411189099794352","0,745007753847796","-2,47577048790498"
"0,411189099794352","0,750713235172565","-2,47536557151852"
"0,411189099794352","0,756710186482418","-2,47494145651028"
"0,411189099794352","0,762993371789597","-2,47449639755102"
"0,411189099794352","0,769557555106348","-2,47403213996999"
"0,411189099794352","0,776395755115662","-2,47354868376719"
"0,411189099794352","0,783499245171278","-2,47304602894262"
"0,411189099794352","0,790859298626939","-2,47252592082552"
"0,411189099794352","0,798467188836382","-2,47198661408666"
"0,411189099794352","0,806312443824096","-2,47143159938452"
"0,411189099794352","0,81438459161457","-2,47086087671912"
"0,411189099794352","0,822673160232291","-2,47027444609045"
"0,411189099794352","0,831164187043244","-2,46967405282776"
"0,411189099794352","0,839848945401167","-2,46905969693106"
"0,411189099794352","0,848711727342795","-2,4684331237296"
"0,411189099794352","0,857738570234109","-2,46779433322337"
"0,411189099794352","0,8669190020996","-2,46714332541237"
"0,411189099794352","0,876235569646745","-2,46648533628437"
"0,411189099794352","0,885676055570782","-2,46581687518086"
"0,411189099794352","0,895224751908443","-2,46514143276034"
"0,411189099794352","0,904867696025712","-2,46445900902281"
"0,411189099794352","0,914587434630069","-2,46377134929752"
"0,411189099794352","0,924371750416749","-2,46307845358448"
"0,411189099794352","0,934203190093233","-2,46238381254218"
"0,411189099794352","0,944064300367001","-2,46168568084139"
"0,411189099794352","0,953942863933289","-2,46098754914059"
"0,411189099794352","0,963821427499577","-2,46028767211054"
"0,411189099794352","0,973682537773345","-2,45958954040974"
"0,411189099794352","0,983513977449829","-2,45889489936745"
"0,411189099794352","0,993296547907257","-2,45820200365441"
"0,411189099794352","1,00301803184087","-2,45751434392912"
"0,411189099794352","1,01266097595813","-2,45683192019159"
"0,411189099794352","1,0222096722958","-2,45615647777107"
"0,411189099794352","1,03165015821983","-2,45548801666755"
"0,411189099794352","1,04096672576698","-2,45483002753955"
"0,411189099794352","1,05014715763247","-2,45418076505781"
"0,411189099794352","1,05917400052378","-2,45354197455158"
"0,411189099794352","1,06803678246541","-2,45291365602086"
"0,411189099794352","1,07671979549408","-2,45229930012416"
"0,411189099794352","1,08521256763429","-2,45169890686147"
"0,411189099794352","1,09350113625201","-2,4511124762328"
"0,411189099794352","1,10157328404248","-2,4505417535674"
"0,411189099794352","1,1094185390302","-2,44998673886527"
"0,411189099794352","1,11702642923964","-2,4494474321264"
"0,411189099794352","1,1243864826953","-2,44892732400931"
"0,411189099794352","1,13148997275092","-2,44842466918473"
"0,411189099794352","1,13832817276023","-2,44794121298193"
"0,411189099794352","1,14489235607698","-2,4474769554009"
"0,411189099794352","1,15117554138416","-2,44703189644164"
"0,411189099794352","1,15717249269401","-2,44660778143341"
"0,411189099794352","1,16287797401878","-2,4462046103762"
"0,411189099794352","1,16828674937071","-2,44582063794076"
"0,411189099794352","1,17339707342055","-2,44545935478559"
"0,411189099794352","1,17820371018054","-2,44511901558146"
"0,411189099794352","1,18270665965069","-2,44480136565759"
"0,411189099794352","1,18690592183099","-2,4445029143555"
"0,411189099794352","1,19080149672144","-2,44422889766294"
"0,411189099794352","1,1943951296513","-2,44397407959215"
"0,411189099794352","1,19769031127906","-2,44374020547238"
"0,411189099794352","1,20069227759249","-2,44352902063289"
"0,411189099794352","1,20340451925009","-2,44333703441517"
"0,411189099794352","1,20583401756887","-2,44316424681922"
"0,411189099794352","1,20799124452433","-2,4430124031743"
"0,411189099794352","1,20988318143349","-2,4428780128219"
"0,411189099794352","1,21152030027186","-2,44276282109126"
"0,411189099794352","1,21291656367346","-2,4426633373239"
"0,411189099794352","1,2140859342723","-2,44258130684906"
"0,411189099794352","1,21504412003164","-2,44251323900823"
"0,411189099794352","1,21580508358551","-2,44245913380142"
"0,411189099794352","1,21638976888493","-2,44241724589937"
"0,411189099794352","1,21681737455167","-2,44238757530208"
"0,411189099794352","1,217110589866","-2,44236663135106"
"0,411189099794352","1,21729210410821","-2,4423544140463"
"0,411189099794352","1,21738635188782","-2,44234743272929"
"0,411189099794352","1,21742300380211","-2,44234394207079"
"0,411189099794352","1,21742823978986","-2,44234394207079"
"0,411203062428368","1,21742823978986","-2,44234568740004"
"0,411295564878724","1,21743173044837","-2,4423544140463"
"0,411543401632507","1,21743871176538","-2,44238059398508"
"0,412014640530545","1,21745092907014","-2,44242946320413"
"0,412777349413667","1,21747361835042","-2,44250800302047"
"0,413889124147187","1,21750503427695","-2,44262144942185"
"0,415411051254926","1,21754866750825","-2,44277852905453"
"0,417390254626688","1,21760451804432","-2,44298273257702"
"0,419879094140032","1,2176743312144","-2,44323755064781"
"0,422919457697006","1,217761597677","-2,44355170991317"
"0,426551487870406","1,21786457210286","-2,44392521037309"
"0,430811836574524","1,21798499982125","-2,44436328801534"
"0,435731919735896","1,21812462616141","-2,44486943349842"
"0,441337917293302","1,21828345112334","-2,44544539215158"
"0,447657754514774","1,2184632200363","-2,44609639996257"
"0,454710630022083","1,21866393290028","-2,44682071160215"
"0,462515742437001","1,21888558971528","-2,44762356305807"
"0,471085309064293","1,21912819048131","-2,44850495433033"
"0,480431547208723","1,21939348052761","-2,44946663074817"
"0,490561438187298","1,21968145985419","-2,45050859231161"
"0,501481963317027","1,21999212846104","-2,4516325843499"
"0,513191377268657","1,22032374101892","-2,45283686153378"
"0,52569142537144","1,22067978818633","-2,45412316919249"
"0,538978616966873","1,22105677930476","-2,45548976199681"
"0,553044225408695","1,22145645970347","-2,45693663994671"
"0,567881269379899","1,2218770840532","-2,4584638030422"
"0,58347753157572","1,2223203976832","-2,46006776062479"
"0,599817304032891","1,22278465526424","-2,46174851269446"
"0,616888369446648","1,22326985679629","-2,46350431392196"
"0,634669783865966","1,22377425695012","-2,46533341897805"
"0,653140603339822","1,22429785572571","-2,46723408253348"
"0,672281629246444","1,22484239845234","-2,46920281392973"
"0,6920649363178","1,22540439447148","-2,47123786783755"
"0,712466089944361","1,22598384378314","-2,4733374989277"
"0,733458910187349","1,22657900105807","-2,47549647121242"
"0,755011981120227","1,22719161162552","-2,47771303936245"
"0,777095632145711","1,22781818482699","-2,47998545804855"
"0,799676702008014","1,22845872066247","-2,48230849128295"
"0,822723774780599","1,22911321913197","-2,48467864840716"
"0,846200198549175","1,22977993490623","-2,48709418409192"
"0,870071066728701","1,23045886798525","-2,48954986234948"
"0,894299727404887","1,23114652771054","-2,49204219252132"
"0,918849528663439","1,23184291408209","-2,49456768394896"
"0,943682073260814","1,23254802709989","-2,49712284597388"
"0,968755473294965","1,23326012143471","-2,49970069727907"
"0,99403482218085","1,23397745175727","-2,50230123786455"
"1,01947648668717","1,2347000180676","-2,50491923174254"
"1,04504032424113","1,23542607503643","-2,50754944292529"
"1,07068619226994","1,23615562266376","-2,51018663542506"
"1,09637394820079","1,23688342496185","-2,51282906391258"
"1,12206170413164","1,23761297258918","-2,5154714924001"
"1,14770757216045","1,23834252021651","-2,51811043022911"
"1,17327315504366","1,23906857718534","-2,52074064141187"
"1,19871481954998","1,23978939816642","-2,52335688996061"
"1,22399242310662","1,24050847381824","-2,52595743054608"
"1,24906756847002","1,24122056815305","-2,52853702718053"
"1,27389836773814","1,24192568117086","-2,53109218920544"
"1,29844816899669","1,2426220675424","-2,53361768063308"
"1,32267682967288","1,24330972726769","-2,53611001080493"
"1,34654944318166","1,24398866034671","-2,53856568906248"
"1,37002586695023","1,24465537612098","-2,54098122474724"
"1,39307119439357","1,24530987459047","-2,54335138187145"
"1,41565400958512","1,24595041042596","-2,54567441510586"
"1,43773591528135","1,24657698362742","-2,54794683379195"
"1,45928898621423","1,24718959419487","-2,55016340194199"
"1,48028180645722","1,2477847514698","-2,5523223742267"
"1,50068296008378","1,24836420078146","-2,55442200531685"
"1,52046801248439","1,24892619680061","-2,55645705922468"
"1,53960729306176","1,24947073952723","-2,55842579062093"
"1,55807811253561","1,24999433830283","-2,56032645417635"
"1,57585952695493","1,25049873845665","-2,56215555923244"
"1,59293059236869","1,25098393998871","-2,56391136045995"
"1,60927211015511","1,25144819756974","-2,56559211252962"
"1,62486662702168","1,25189151119974","-2,5671960701122"
"1,63970367099288","1,25231213554948","-2,56872323320769"
"1,65376927943471","1,25271181594818","-2,5701701111576"
"1,66705647103014","1,25308880706661","-2,57153670396191"
"1,67955651913292","1,25344310890477","-2,57282301162063"
"1,69126767841381","1,2537764667919","-2,57402728880451"
"1,70218645821428","1,25408713539875","-2,57514953551354"
"1,71231809452211","1,25437336939608","-2,57619324240623"
"1,72166258733729","1,25464040477164","-2,57715317349483"
"1,73023389929383","1,25488300553766","-2,57803456476708"
"1,7380372663795","1,25510466235267","-2,578837416223"
"1,74509014188681","1,25530537521665","-2,57956347319183"
"1,75140997910828","1,25548339880035","-2,58021448100283"
"1,75701772199494","1,25564396909153","-2,58079043965598"
"1,76193605982706","1,25578359543169","-2,58129658513906"
"1,76619640853117","1,25590402315008","-2,58173466278131"
"1,76982843870457","1,25600699757595","-2,58210816324124"
"1,77286880226155","1,25609426403855","-2,58242057717735"
"1,77535764177489","1,25616407720863","-2,58267714057739"
"1,77733859047591","1,25621992774469","-2,58288134409987"
"1,77885877225439","1,25626356097599","-2,5830366784033"
"1,77997229231717","1,25629497690253","-2,58315187013393"
"1,78073325587103","1,2563176661828","-2,58323040995027"
"1,78120449476907","1,25632988348757","-2,58327927916933"
"1,78145233152286","1,25633686480457","-2,58330371377886"
"1,78154483397321","1,25634035546308","-2,58331418575437"
"1,78155879660723","1,25634035546308","-2,58331593108362"
"1,78155879660723","1,25633337414607","-2,58331593108362"
"1,78155879660723","1,25629148624402","-2,58331942174212"
"1,78155879660723","1,25618153050115","-2,58332640305913"
"1,78155879660723","1,25596685500315","-2,5833421110224"
"1,78155879660723","1,25562302514051","-2,58336480030267"
"1,78155879660723","1,25512037031593","-2,58340145221697"
"1,78155879660723","1,2544344559199","-2,58344857610677"
"1,78155879660723","1,25354084734288","-2,58351140795984"
"1,78155879660723","1,2524168553046","-2,58359169310543"
"1,78155879660723","1,25104328118328","-2,58368768621429"
"1,78155879660723","1,2494026716864","-2,58380287794493"
"1,78155879660723","1,2474793188507","-2,58393726829733"
"1,78155879660723","1,24525926004217","-2,58409434793001"
"1,78155879660723","1,24272678729752","-2,58427062618446"
"1,78155879660723","1,23987317397051","-2,58447133904844"
"1,78155879660723","1,23668794808562","-2,58469474119269"
"1,78155879660723","1,23316412832585","-2,58494257794648"
"1,78155879660723","1,22929473337417","-2,58521484930979"
"1,78155879660723","1,22507452724285","-2,58551155528263"
"1,78155879660723","1,22050001927337","-2,58583269586499"
"1,78155879660723","1,21556771880724","-2,58617827105689"
"1,78155879660723","1,21028111650295","-2,58655002618756"
"1,78155879660723","1,204636721702","-2,58694621592777"
"1,78155879660723","1,19863627973364","-2,5873668402775"
"1,78155879660723","1,19228502658563","-2,58781364456601"
"1,78155879660723","1,18558470758723","-2,58828488346405"
"1,78155879660723","1,17854230405543","-2,58877881164236"
"1,78155879660723","1,171163051978","-2,5892971744302"
"1,78155879660723","1,16345567800119","-2,58983822649832"
"1,78155879660723","1,15542541811277","-2,59040196784672"
"1,78155879660723","1,14708448961749","-2,59098839847539"
"1,78155879660723","1,13844161916161","-2,59159402772583"
"1,78155879660723","1,1295090240499","-2,59222234625655"
"1,78155879660723","1,12029543092862","-2,59286986340904"
"1,78155879660723","1,11081654776104","-2,59353483385405"
"1,78155879660723","1,10108459185192","-2,59421900292083"
"1,78155879660723","1,09111178050603","-2,59491887995088"
"1,78155879660723","1,08091556701588","-2,59563446494419"
"1,78155879660723","1,07050816868623","-2,59636575790078"
"1,78155879660723","1,05990703880962","-2,59710926816213"
"1,78155879660723","1,0491278853493","-2,5978667410575"
"1,78155879660723","1,0381881615978","-2,59863468592837"
"1,78155879660723","1,02710183018914","-2,59941310277476"
"1,78155879660723","1,01588983507432","-2,60020024626741"
"1,78155879660723","1,00456613888738","-2,60099611640632"
"1,78155879660723","0,993151685579341","-2,60179722253299"
"1,78155879660723","0,981663928442715","-2,60260530997666"
"1,78155879660723","0,970120320770024","-2,60341514274959"
"1,78155879660723","0,95853831585379","-2,60422846618102"
"1,78155879660723","0,946938857645036","-2,6050435349417"
"1,78155879660723","0,935339399436281","-2,60585685837313"
"1,78155879660723","0,923759139849299","-2,60667018180456"
"1,78155879660723","0,912215532176608","-2,60748175990673"
"1,78155879660723","0,90072602971073","-2,60828810202115"
"1,78155879660723","0,889311576402687","-2,60908920814782"
"1,78155879660723","0,877989625545","-2,60988507828673"
"1,78155879660723","0,866775885100936","-2,61067222177938"
"1,78155879660723","0,85569129902152","-2,61145063862577"
"1,78155879660723","0,844749829940767","-2,61221858349664"
"1,78155879660723","0,83397067648045","-2,61297605639201"
"1,78155879660723","0,823369546603837","-2,61372131198261"
"1,78155879660723","0,812962148274195","-2,61445085960995"
"1,78155879660723","0,802765934784044","-2,61516818993252"
"1,78155879660723","0,792793123438148","-2,61586806696257"
"1,78155879660723","0,783061167529028","-2,61655223602935"
"1,78155879660723","0,773582284361447","-2,61721720647436"
"1,78155879660723","0,764370436569421","-2,61786472362685"
"1,78155879660723","0,755436096128462","-2,61849129682831"
"1,78155879660723","0,746793225672586","-2,61909867140801"
"1,78155879660723","0,738452297177305","-2,61968510203668"
"1,78155879660723","0,730423782618131","-2,62024884338507"
"1,78155879660723","0,722714663312072","-2,62078989545319"
"1,78155879660723","0,71533541123464","-2,62130825824103"
"1,78155879660723","0,708293007702843","-2,62180218641935"
"1,78155879660723","0,701594434033689","-2,62227342531738"
"1,78155879660723","0,695241435556429","-2,62271848427664"
"1,78155879660723","0,689242738917325","-2,62314085395563"
"1,78155879660723","0,683598344116375","-2,62353704369583"
"1,78155879660723","0,678309996482832","-2,62390705349725"
"1,78155879660723","0,673379441345948","-2,6242543740184"
"1,78155879660723","0,668804933376471","-2,62457551460077"
"1,78155879660723","0,664584727245149","-2,6248722205736"
"1,78155879660723","0,660713586964225","-2,62514274660766"
"1,78155879660723","0,657189767204449","-2,62539058336145"
"1,78155879660723","0,654006286648811","-2,6256139855057"
"1,78155879660723","0,651150927992549","-2,62581469836968"
"1,78155879660723","0,648620200577157","-2,62599272195338"
"1,78155879660723","0,646398396439368","-2,62614805625681"
"1,78155879660723","0,64447504360367","-2,62628419193847"
"1,78155879660723","0,642834434106795","-2,6263993836691"
"1,78155879660723","0,641462605314728","-2,62649537677796"
"1,78155879660723","0,640338613276444","-2,6265739165943"
"1,78155879660723","0,639443259370171","-2,62663674844737"
"1,78155879660723","0,638757344974137","-2,62668561766643"
"1,78155879660723","0,638254690149562","-2,62672052425147"
"1,78155879660723","0,63791086028692","-2,62674495886099"
"1,78155879660723","0,637697930118176","-2,62675892149501"
"1,78155879660723","0,637586229046048","-2,62676764814127"
"1,78155879660723","0,637544341144001","-2,62677113879977"
"1,78155879660723","0,637537359826993","-2,62677113879977"
"1,78155879660723","0,637544341144001","-2,62677113879977"
"1,78155879660723","0,637586229046048","-2,62676764814127"
"1,78155879660723","0,637697930118176","-2,62675892149501"
"1,78155879660723","0,63791086028692","-2,62674495886099"
"1,78155879660723","0,638254690149562","-2,62672052425147"
"1,78155879660723","0,638757344974137","-2,62668561766643"
"1,78155879660723","0,639443259370171","-2,62663674844737"
"1,78155879660723","0,640338613276444","-2,6265739165943"
"1,78155879660723","0,641462605314728","-2,62649537677796"
"1,78155879660723","0,642834434106795","-2,6263993836691"
"1,78155879660723","0,64447504360367","-2,62628419193847"
"1,78155879660723","0,646398396439368","-2,62614805625681"
"1,78155879660723","0,648620200577157","-2,62599272195338"
"1,78155879660723","0,651150927992549","-2,62581469836968"
"1,78155879660723","0,654006286648811","-2,6256139855057"
"1,78155879660723","0,657189767204449","-2,62539058336145"
"1,78155879660723","0,660713586964225","-2,62514274660766"
"1,78155879660723","0,664584727245149","-2,6248722205736"
"1,78155879660723","0,668804933376471","-2,62457551460077"
"1,78155879660723","0,673379441345948","-2,6242543740184"
"1,78155879660723","0,678309996482832","-2,62390705349725"
"1,78155879660723","0,683598344116375","-2,62353704369583"
"1,78155879660723","0,689242738917325","-2,62314085395563"
"1,78155879660723","0,695241435556429","-2,62271848427664"
"1,78155879660723","0,701594434033689","-2,62227342531738"
"1,78155879660723","0,708293007702843","-2,62180218641935"
"1,78155879660723","0,71533541123464","-2,62130825824103"
"1,78155879660723","0,722714663312072","-2,62078989545319"
"1,78155879660723","0,730423782618131","-2,62024884338507"
"1,78155879660723","0,738452297177305","-2,61968510203668"
"1,78155879660723","0,746793225672586","-2,61909867140801"
"1,78155879660723","0,755436096128462","-2,61849129682831"
"1,78155879660723","0,764370436569421","-2,61786472362685"
"1,78155879660723","0,773582284361447","-2,61721720647436"
"1,78155879660723","0,783061167529028","-2,61655223602935"
"1,78155879660723","0,792793123438148","-2,61586806696257"
"1,78155879660723","0,802765934784044","-2,61516818993252"
"1,78155879660723","0,812962148274195","-2,61445085960995"
"1,78155879660723","0,823369546603837","-2,61372131198261"
"1,78155879660723","0,83397067648045","-2,61297605639201"
"1,78155879660723","0,844749829940767","-2,61221858349664"
"1,78155879660723","0,85569129902152","-2,61145063862577"
"1,78155879660723","0,866775885100936","-2,61067222177938"
"1,78155879660723","0,877989625545","-2,60988507828673"
"1,78155879660723","0,889311576402687","-2,60908920814782"
"1,78155879660723","0,90072602971073","-2,60828810202115"
"1,78155879660723","0,912215532176608","-2,60748175990673"
"1,78155879660723","0,923759139849299","-2,60667018180456"
"1,78155879660723","0,935339399436281","-2,60585685837313"
"1,78155879660723","0,946938857645036","-2,6050435349417"
"1,78155879660723","0,95853831585379","-2,60422846618102"
"1,78155879660723","0,970120320770024","-2,60341514274959"
"1,78155879660723","0,981663928442715","-2,60260530997666"
"1,78155879660723","0,993151685579341","-2,60179722253299"
"1,78155879660723","1,00456613888738","-2,60099611640632"
"1,78155879660723","1,01588983507432","-2,60020024626741"
"1,78155879660723","1,02710183018914","-2,59941310277476"
"1,78155879660723","1,0381881615978","-2,59863468592837"
"1,78155879660723","1,0491278853493","-2,5978667410575"
"1,78155879660723","1,05990703880962","-2,59710926816213"
"1,78155879660723","1,07050816868623","-2,59636575790078"
"1,78155879660723","1,08091556701588","-2,59563446494419"
"1,78155879660723","1,09111178050603","-2,59491887995088"
"1,78155879660723","1,10108459185192","-2,59421900292083"
"1,78155879660723","1,11081654776104","-2,59353483385405"
"1,78155879660723","1,12029543092862","-2,59286986340904"
"1,78155879660723","1,1295090240499","-2,59222234625655"
"1,78155879660723","1,13844161916161","-2,59159402772583"
"1,78155879660723","1,14708448961749","-2,59098839847539"
"1,78155879660723","1,15542541811277","-2,59040196784672"
"1,78155879660723","1,16345567800119","-2,58983822649832"
"1,78155879660723","1,171163051978","-2,5892971744302"
"1,78155879660723","1,17854230405543","-2,58877881164236"
"1,78155879660723","1,18558470758723","-2,58828488346405"
"1,78155879660723","1,19228502658563","-2,58781364456601"
"1,78155879660723","1,19863627973364","-2,5873668402775"
"1,78155879660723","1,204636721702","-2,58694621592777"
"1,78155879660723","1,21028111650295","-2,58655002618756"
"1,78155879660723","1,21556771880724","-2,58617827105689"
"1,78155879660723","1,22050001927337","-2,58583269586499"
"1,78155879660723","1,22507452724285","-2,58551155528263"
"1,78155879660723","1,22929473337417","-2,58521484930979"
"1,78155879660723","1,23316412832585","-2,58494257794648"
"1,78155879660723","1,23668794808562","-2,58469474119269"
"1,78155879660723","1,23987317397051","-2,58447133904844"
"1,78155879660723","1,24272678729752","-2,58427062618446"
"1,78155879660723","1,24525926004217","-2,58409434793001"
"1,78155879660723","1,2474793188507","-2,58393726829733"
"1,78155879660723","1,2494026716864","-2,58380287794493"
"1,78155879660723","1,25104328118328","-2,58368768621429"
"1,78155879660723","1,2524168553046","-2,58359169310543"
"1,78155879660723","1,25354084734288","-2,58351140795984"
"1,78155879660723","1,2544344559199","-2,58344857610677"
"1,78155879660723","1,25512037031593","-2,58340145221697"
"1,78155879660723","1,25562302514051","-2,58336480030267"
"1,78155879660723","1,25596685500315","-2,5833421110224"
"1,78155879660723","1,25618153050115","-2,58332640305913"
"1,78155879660723","1,25629148624402","-2,58331942174212"
"1,78155879660723","1,25633337414607","-2,58331593108362"
"1,78155879660723","1,25634035546308","-2,58331593108362"
"1,78154483397321","1,25634035546308","-2,58331418575437"
"1,78145233152286","1,25633686480457","-2,58330371377886"
"1,78120449476907","1,25632988348757","-2,58327927916933"
"1,78073325587103","1,2563176661828","-2,58323040995027"
"1,77997229231717","1,25629497690253","-2,58315187013393"
"1,77885877225439","1,25626356097599","-2,5830366784033"
"1,77733859047591","1,25621992774469","-2,58288134409987"
"1,77535764177489","1,25616407720863","-2,58267714057739"
"1,77286880226155","1,25609426403855","-2,58242057717735"
"1,76982843870457","1,25600699757595","-2,58210816324124"
"1,76619640853117","1,25590402315008","-2,58173466278131"
"1,76193605982706","1,25578359543169","-2,58129658513906"
"1,75701772199494","1,25564396909153","-2,58079043965598"
"1,75140997910828","1,25548339880035","-2,58021448100283"
"1,74509014188681","1,25530537521665","-2,57956347319183"
"1,7380372663795","1,25510466235267","-2,578837416223"
"1,73023389929383","1,25488300553766","-2,57803456476708"
"1,72166258733729","1,25464040477164","-2,57715317349483"
"1,71231809452211","1,25437336939608","-2,57619324240623"
"1,70218645821428","1,25408713539875","-2,57514953551354"
"1,69126767841381","1,2537764667919","-2,57402728880451"
"1,67955651913292","1,25344310890477","-2,57282301162063"
"1,66705647103014","1,25308880706661","-2,57153670396191"
"1,65376927943471","1,25271181594818","-2,5701701111576"
"1,63970367099288","1,25231213554948","-2,56872323320769"
"1,62486662702168","1,25189151119974","-2,5671960701122"
"1,60927211015511","1,25144819756974","-2,56559211252962"
"1,59293059236869","1,25098393998871","-2,56391136045995"
"1,57585952695493","1,25049873845665","-2,56215555923244"
"1,55807811253561","1,24999433830283","-2,56032645417635"
"1,53960729306176","1,24947073952723","-2,55842579062093"
"1,52046801248439","1,24892619680061","-2,55645705922468"
"1,50068296008378","1,24836420078146","-2,55442200531685"
"1,48028180645722","1,2477847514698","-2,5523223742267"
"1,45928898621423","1,24718959419487","-2,55016340194199"
"1,43773591528135","1,24657698362742","-2,54794683379195"
"1,41565400958512","1,24595041042596","-2,54567441510586"
"1,39307119439357","1,24530987459047","-2,54335138187145"
"1,37002586695023","1,24465537612098","-2,54098122474724"
"1,34654944318166","1,24398866034671","-2,53856568906248"
"1,32267682967288","1,24330972726769","-2,53611001080493"
"1,29844816899669","1,2426220675424","-2,53361768063308"
"1,27389836773814","1,24192568117086","-2,53109218920544"
"1,24906756847002","1,24122056815305","-2,52853702718053"
"1,22399242310662","1,24050847381824","-2,52595743054608"
"1,19871481954998","1,23978939816642","-2,52335688996061"
"1,17327315504366","1,23906857718534","-2,52074064141187"
"1,14770757216045","1,23834252021651","-2,51811043022911"
"1,12206170413164","1,23761297258918","-2,5154714924001"
"1,09637394820079","1,23688342496185","-2,51282906391258"
"1,07068619226994","1,23615562266376","-2,51018663542506"
"1,04504032424113","1,23542607503643","-2,50754944292529"
"1,01947648668717","1,2347000180676","-2,50491923174254"
"0,99403482218085","1,23397745175727","-2,50230123786455"
"0,968755473294965","1,23326012143471","-2,49970069727907"
"0,943682073260814","1,23254802709989","-2,49712284597388"
"0,918849528663439","1,23184291408209","-2,49456768394896"
"0,894299727404887","1,23114652771054","-2,49204219252132"
"0,870071066728701","1,23045886798525","-2,48954986234948"
"0,846200198549175","1,22977993490623","-2,48709418409192"
"0,822723774780599","1,22911321913197","-2,48467864840716"
"0,799676702008014","1,22845872066247","-2,48230849128295"
"0,777095632145711","1,22781818482699","-2,47998545804855"
"0,755011981120227","1,22719161162552","-2,47771303936245"
"0,733458910187349","1,22657900105807","-2,47549647121242"
"0,712466089944361","1,22598384378314","-2,4733374989277"
"0,6920649363178","1,22540439447148","-2,47123786783755"
"0,672281629246444","1,22484239845234","-2,46920281392973"
"0,653140603339822","1,22429785572571","-2,46723408253348"
"0,634669783865966","1,22377425695012","-2,46533341897805"
"0,616888369446648","1,22326985679629","-2,46350431392196"
"0,599817304032891","1,22278465526424","-2,46174851269446"
"0,58347753157572","1,2223203976832","-2,46006776062479"
"0,567881269379899","1,2218770840532","-2,4584638030422"
"0,553044225408695","1,22145645970347","-2,45693663994671"
"0,538978616966873","1,22105677930476","-2,45548976199681"
"0,52569142537144","1,22067978818633","-2,45412316919249"
"0,513191377268657","1,22032374101892","-2,45283686153378"
"0,501481963317027","1,21999212846104","-2,4516325843499"
"0,490561438187298","1,21968145985419","-2,45050859231161"
"0,480431547208723","1,21939348052761","-2,44946663074817"
"0,471085309064293","1,21912819048131","-2,44850495433033"
"0,462515742437001","1,21888558971528","-2,44762356305807"
"0,454710630022083","1,21866393290028","-2,44682071160215"
"0,447657754514774","1,2184632200363","-2,44609639996257"
"0,441337917293302","1,21828345112334","-2,44544539215158"
"0,435731919735896","1,21812462616141","-2,44486943349842"
"0,430811836574524","1,21798499982125","-2,44436328801534"
"0,426551487870406","1,21786457210286","-2,44392521037309"
"0,422919457697006","1,217761597677","-2,44355170991317"
"0,419879094140032","1,2176743312144","-2,44323755064781"
"0,417390254626688","1,21760451804432","-2,44298273257702"
"0,415411051254926","1,21754866750825","-2,44277852905453"
"0,413889124147187","1,21750503427695","-2,44262144942185"
"0,412777349413667","1,21747361835042","-2,44250800302047"
"0,412014640530545","1,21745092907014","-2,44242946320413"
"0,411543401632507","1,21743871176538","-2,44238059398508"
"0,411295564878724","1,21743173044837","-2,4423544140463"
"0,411203062428368","1,21742823978986","-2,44234568740004"
"0,411189099794352","1,21742823978986","-2,44234394207079"
"0,411189099794352","1,21742300380211","-2,44234394207079"
"0,411189099794352","1,21738635188782","-2,44234743272929"
"0,411189099794352","1,21729210410821","-2,4423544140463"
"0,411189099794352","1,217110589866","-2,44236663135106"
"0,411189099794352","1,21681737455167","-2,44238757530208"
"0,411189099794352","1,21638976888493","-2,44241724589937"
"0,411189099794352","1,21580508358551","-2,44245913380142"
"0,411189099794352","1,21504412003164","-2,44251323900823"
"0,411189099794352","1,2140859342723","-2,44258130684906"
"0,411189099794352","1,21291656367346","-2,4426633373239"
"0,411189099794352","1,21152030027186","-2,44276282109126"
"0,411189099794352","1,20988318143349","-2,4428780128219"
"0,411189099794352","1,20799124452433","-2,4430124031743"
"0,411189099794352","1,20583401756887","-2,44316424681922"
"0,411189099794352","1,20340451925009","-2,44333703441517"
"0,411189099794352","1,20069227759249","-2,44352902063289"
"0,411189099794352","1,19769031127906","-2,44374020547238"
"0,411189099794352","1,1943951296513","-2,44397407959215"
"0,411189099794352","1,19080149672144","-2,44422889766294"
"0,411189099794352","1,18690592183099","-2,4445029143555"
"0,411189099794352","1,18270665965069","-2,44480136565759"
"0,411189099794352","1,17820371018054","-2,44511901558146"
"0,411189099794352","1,17339707342055","-2,44545935478559"
"0,411189099794352","1,16828674937071","-2,44582063794076"
"0,411189099794352","1,16287797401878","-2,4462046103762"
"0,411189099794352","1,15717249269401","-2,44660778143341"
"0,411189099794352","1,15117554138416","-2,44703189644164"
"0,411189099794352","1,14489235607698","-2,4474769554009"
"0,411189099794352","1,13832817276023","-2,44794121298193"
"0,411189099794352","1,13148997275092","-2,44842466918473"
"0,411189099794352","1,1243864826953","-2,44892732400931"
"0,411189099794352","1,11702642923964","-2,4494474321264"
"0,411189099794352","1,1094185390302","-2,44998673886527"
"0,411189099794352","1,10157328404248","-2,4505417535674"
"0,411189099794352","1,09350113625201","-2,4511124762328"
"0,411189099794352","1,08521256763429","-2,45169890686147"
"0,411189099794352","1,07671979549408","-2,45229930012416"
"0,411189099794352","1,06803678246541","-2,45291365602086"
"0,411189099794352","1,05917400052378","-2,45354197455158"
"0,411189099794352","1,05014715763247","-2,45418076505781"
"0,411189099794352","1,04096672576698","-2,45483002753955"
"0,411189099794352","1,03165015821983","-2,45548801666755"
"0,411189099794352","1,0222096722958","-2,45615647777107"
"0,411189099794352","1,01266097595813","-2,45683192019159"
"0,411189099794352","1,00301803184087","-2,45751434392912"
"0,411189099794352","0,993296547907257","-2,45820200365441"
"0,411189099794352","0,983513977449829","-2,45889489936745"
"0,411189099794352","0,973682537773345","-2,45958954040974"
"0,411189099794352","0,963821427499577","-2,46028767211054"
"0,411189099794352","0,953942863933289","-2,46098754914059"
"0,411189099794352","0,944064300367001","-2,46168568084139"
"0,411189099794352","0,934203190093233","-2,46238381254218"
"0,411189099794352","0,924371750416749","-2,46307845358448"
"0,411189099794352","0,914587434630069","-2,46377134929752"
"0,411189099794352","0,904867696025712","-2,46445900902281"
"0,411189099794352","0,895224751908443","-2,46514143276034"
"0,411189099794352","0,885676055570782","-2,46581687518086"
"0,411189099794352","0,876235569646745","-2,46648533628437"
"0,411189099794352","0,8669190020996","-2,46714332541237"
"0,411189099794352","0,857738570234109","-2,46779433322337"
"0,411189099794352","0,848711727342795","-2,4684331237296"
"0,411189099794352","0,839848945401167","-2,46905969693106"
"0,411189099794352","0,831164187043244","-2,46967405282776"
"0,411189099794352","0,822673160232291","-2,47027444609045"
"0,411189099794352","0,81438459161457","-2,47086087671912"
"0,411189099794352","0,806312443824096","-2,47143159938452"
"0,411189099794352","0,798467188836382","-2,47198661408666"
"0,411189099794352","0,790859298626939","-2,47252592082552"
"0,411189099794352","0,783499245171278","-2,47304602894262"
"0,411189099794352","0,776395755115662","-2,47354868376719"
"0,411189099794352","0,769557555106348","-2,47403213996999"
"0,411189099794352","0,762993371789597","-2,47449639755102"
"0,411189099794352","0,756710186482418","-2,47494145651028"
"0,411189099794352","0,750713235172565","-2,47536557151852"
"0,411189099794352","0,745007753847796","-2,47577048790498"
"0,411189099794352","0,739597233166613","-2,47615271501117"
"0,411189099794352","0,734488654446026","-2,47651399816633"
"0,411189099794352","0,729682017686033","-2,47685433737047"
"0,411189099794352","0,725179068215888","-2,47717198729433"
"0,411189099794352","0,72097980603559","-2,47747043859642"
"0,411189099794352","0,717084231145138","-2,47774620061824"
"0,411189099794352","0,713490598215282","-2,47799927335978"
"0,411189099794352","0,710193671258265","-2,47823314747954"
"0,411189099794352","0,707193450274086","-2,47844607764829"
"0,411189099794352","0,704481208616487","-2,47863806386601"
"0,411189099794352","0,702049964968459","-2,4788091061327"
"0,411189099794352","0,699894483342246","-2,47896094977763"
"0,411189099794352","0,698002546433084","-2,47909534013003"
"0,411189099794352","0,696365427594714","-2,47921227718991"
"0,411189099794352","0,694967418863866","-2,47931001562803"
"0,411189099794352","0,69379804826503","-2,47939379143212"
"0,411189099794352","0,692841607834937","-2,4794601139437"
"0,411189099794352","0,692080644281067","-2,47951421915051"
"0,411189099794352","0,691495958981649","-2,47955610705256"
"0,411189099794352","0,691068353314911","-2,47958577764984"
"0,411189099794352","0,690775138000576","-2,47960672160086"
"0,411189099794352","0,690593623758368","-2,47962068423488"
"0,411189099794352","0,690497630649509","-2,47962592022264"
"0,411189099794352","0,690462724064469","-2,47962941088114"
"0,411189099794352","0,690457488076713","-2,47962941088114"
"0,411189099794352","0,690462724064469","-2,47962941088114"
"0,411189099794352","0,690497630649509","-2,47962592022264"
"0,411189099794352","0,690593623758368","-2,47962068423488"
"0,411189099794352","0,690775138000576","-2,47960672160086"
"0,411189099794352","0,691068353314911","-2,47958577764984"
"0,411189099794352","0,691495958981649","-2,47955610705256"
"0,411189099794352","0,692080644281067","-2,47951421915051"
"0,411189099794352","0,692841607834937","-2,4794601139437"
"0,411189099794352","0,69379804826503","-2,47939379143212"
"0,411189099794352","0,694967418863866","-2,47931001562803"
"0,411189099794352","0,696365427594714","-2,47921227718991"
"0,411189099794352","0,698002546433084","-2,47909534013003"
"0,411189099794352","0,699894483342246","-2,47896094977763"
"0,411189099794352","0,702049964968459","-2,4788091061327"
"0,411189099794352","0,704481208616487","-2,47863806386601"
"0,411189099794352","0,707193450274086","-2,47844607764829"
"0,411189099794352","0,710193671258265","-2,47823314747954"
"0,411189099794352","0,713490598215282","-2,47799927335978"
"0,411189099794352","0,717084231145138","-2,47774620061824"
"0,411189099794352","0,72097980603559","-2,47747043859642"
"0,411189099794352","0,725179068215888","-2,47717198729433"
"0,411189099794352","0,729682017686033","-2,47685433737047"
"0,411189099794352","0,734488654446026","-2,47651399816633"
"0,411189099794352","0,739597233166613","-2,47615271501117"
"0,411189099794352","0,745007753847796","-2,47577048790498"
"0,411189099794352","0,750713235172565","-2,47536557151852"
"0,411189099794352","0,756710186482418","-2,47494145651028"
"0,411189099794352","0,762993371789597","-2,47449639755102"
"0,411189099794352","0,769557555106348","-2,47403213996999"
"0,411189099794352","0,776395755115662","-2,47354868376719"
"0,411189099794352","0,783499245171278","-2,47304602894262"
"0,411189099794352","0,790859298626939","-2,47252592082552"
"0,411189099794352","0,798467188836382","-2,47198661408666"
"0,411189099794352","0,806312443824096","-2,47143159938452"
"0,411189099794352","0,81438459161457","-2,47086087671912"
"0,411189099794352","0,822673160232291","-2,47027444609045"
"0,411189099794352","0,831164187043244","-2,46967405282776"
"0,411189099794352","0,839848945401167","-2,46905969693106"
"0,411189099794352","0,848711727342795","-2,4684331237296"
"0,411189099794352","0,857738570234109","-2,46779433322337"
"0,411189099794352","0,8669190020996","-2,46714332541237"
"0,411189099794352","0,876235569646745","-2,46648533628437"
"0,411189099794352","0,885676055570782","-2,46581687518086"
"0,411189099794352","0,895224751908443","-2,46514143276034"
"0,411189099794352","0,904867696025712","-2,46445900902281"
"0,411189099794352","0,914587434630069","-2,46377134929752"
"0,411189099794352","0,924371750416749","-2,46307845358448"
"0,411189099794352","0,934203190093233","-2,46238381254218"
"0,411189099794352","0,944064300367001","-2,46168568084139"
"0,411189099794352","0,953942863933289","-2,46098754914059"
"0,411189099794352","0,963821427499577","-2,46028767211054"
"0,411189099794352","0,973682537773345","-2,45958954040974"
"0,411189099794352","0,983513977449829","-2,45889489936745"
"0,411189099794352","0,993296547907257","-2,45820200365441"
"0,411189099794352","1,00301803184087","-2,45751434392912"
"0,411189099794352","1,01266097595813","-2,45683192019159"
"0,411189099794352","1,0222096722958","-2,45615647777107"
"0,411189099794352","1,03165015821983","-2,45548801666755"
"0,411189099794352","1,04096672576698","-2,45483002753955"
"0,411189099794352","1,05014715763247","-2,45418076505781"
"0,411189099794352","1,05917400052378","-2,45354197455158"
"0,411189099794352","1,06803678246541","-2,45291365602086"
"0,411189099794352","1,07671979549408","-2,45229930012416"
"0,411189099794352","1,08521256763429","-2,45169890686147"
"0,411189099794352","1,09350113625201","-2,4511124762328"
"0,411189099794352","1,10157328404248","-2,4505417535674"
"0,411189099794352","1,1094185390302","-2,44998673886527"
"0,411189099794352","1,11702642923964","-2,4494474321264"
"0,411189099794352","1,1243864826953","-2,44892732400931"
"0,411189099794352","1,13148997275092","-2,44842466918473"
"0,411189099794352","1,13832817276023","-2,44794121298193"
"0,411189099794352","1,14489235607698","-2,4474769554009"
"0,411189099794352","1,15117554138416","-2,44703189644164"
"0,411189099794352","1,15717249269401","-2,44660778143341"
"0,411189099794352","1,16287797401878","-2,4462046103762"
"0,411189099794352","1,16828674937071","-2,44582063794076"
"0,411189099794352","1,17339707342055","-2,44545935478559"
"0,411189099794352","1,17820371018054","-2,44511901558146"
"0,411189099794352","1,18270665965069","-2,44480136565759"
"0,411189099794352","1,18690592183099","-2,4445029143555"
"0,411189099794352","1,19080149672144","-2,44422889766294"
"0,411189099794352","1,1943951296513","-2,44397407959215"
"0,411189099794352","1,19769031127906","-2,44374020547238"
"0,411189099794352","1,20069227759249","-2,44352902063289"
"0,411189099794352","1,20340451925009","-2,44333703441517"
"0,411189099794352","1,20583401756887","-2,44316424681922"
"0,411189099794352","1,20799124452433","-2,4430124031743"
"0,411189099794352","1,20988318143349","-2,4428780128219"
"0,411189099794352","1,21152030027186","-2,44276282109126"
"0,411189099794352","1,21291656367346","-2,4426633373239"
"0,411189099794352","1,2140859342723","-2,44258130684906"
"0,411189099794352","1,21504412003164","-2,44251323900823"
"0,411189099794352","1,21580508358551","-2,44245913380142"
"0,411189099794352","1,21638976888493","-2,44241724589937"
"0,411189099794352","1,21681737455167","-2,44238757530208"
"0,411189099794352","1,217110589866","-2,44236663135106"
"0,411189099794352","1,21729210410821","-2,4423544140463"
"0,411189099794352","1,21738635188782","-2,44234743272929"
"0,411189099794352","1,21742300380211","-2,44234394207079"
"0,411189099794352","1,21742823978986","-2,44234394207079"
"0,411199571769864","1,21742823978986","-2,44234568740004"
"0,411267639610692","1,21743173044837","-2,44235615937555"
"0,411449153852899","1,21743871176538","-2,44238408464358"
"0,411796474374046","1,21745267439939","-2,44243644452114"
"0,412354979734684","1,21747536367967","-2,44252196565449"
"0,41317353915387","1,21751027026471","-2,44264588403138"
"0,414290549875146","1,21755564882526","-2,44281518096882"
"0,415744409142057","1,21761499001983","-2,44303509245457"
"0,417573514198147","1,21769003917766","-2,44331259980564"
"0,419805790311448","1,21778254162802","-2,44365119368053"
"0,422474398737747","1,21789075204164","-2,44405785539624"
"0,425603774086573","1,21801990640629","-2,44453258495279"
"0,429216605638202","1,21816825939271","-2,44508061833791"
"0,433335582672908","1,21833755633015","-2,44570544621013"
"0,437978158483213","1,21852779721862","-2,44641055922793"
"0,443158295703132","1,21874072738736","-2,44719595739133"
"0,448891702295934","1,21897634683638","-2,44806687668807"
"0,455187104907877","1,21923465556568","-2,44902157178892"
"0,462051484855971","1,21951565357525","-2,45006353335236"
"0,469493568786475","1,21982108619435","-2,4511927613784"
"0,477515102028641","1,22015095342298","-2,45241100119629"
"0,486117829911721","1,22050350993188","-2,45371650747678"
"0,495300007106463","1,22088050105031","-2,45511102554912"
"0,505059888283615","1,22128018144902","-2,45659106475481"
"0,515392237455422","1,22170429645725","-2,45816011575236"
"0,526290073304874","1,22215284607501","-2,45981468788325"
"0,537746414514965","1,2226223396438","-2,46155303581823"
"0,549750789110182","1,22311452249286","-2,46337515955732"
"0,562289234456509","1,2236293946222","-2,46527756844199"
"0,575351278578435","1,22416521070256","-2,46726026247226"
"0,588919468183439","1,22472197073395","-2,46931975098961"
"0,602979840637505","1,22529967471636","-2,4714542886648"
"0,61751145198961","1,22589657732054","-2,47365863951007"
"0,632498594276485","1,22651093321724","-2,47593454885467"
"0,647918578217855","1,22714448773572","-2,47827503538159"
"0,663750459862695","1,22779375021746","-2,48067660843234"
"0,679971549930731","1,22846046599172","-2,4831392680069"
"0,696559159141685","1,2291411444","-2,48565777811753"
"0,71348885288603","1,22983578544229","-2,48822690277646"
"0,730734451224986","1,23054264378935","-2,4908431513252"
"0,748269774219773","1,23126346477042","-2,4935047784345"
"0,766066896602359","1,23199301239776","-2,49620654811658"
"0,784101383763217","1,2327330320006","-2,49894322438371"
"0,802341819775809","1,23348177824971","-2,50171306190662"
"0,820760279372106","1,23423750581582","-2,50450733403907"
"0,839328837284073","1,23500021469894","-2,50732604078104"
"0,858017822914428","1,23576641424057","-2,51016220081553"
"0,876795820336635","1,23653784976995","-2,51301232348404"
"0,895634904282662","1,23731103062858","-2,51587291812805"
"0,914505404155225","1,23808595681647","-2,51873525810133"
"0,933374158698536","1,2388591376751","-2,52159934340385"
"0,952213242644562","1,23963231853374","-2,52445993804787"
"0,970991240066769","1,24040375406312","-2,52731006071637"
"0,989680225697125","1,241171698934","-2,53014622075086"
"1,00824878360909","1,24193266248787","-2,53296492749283"
"1,02666898853464","1,24268839005398","-2,53575919962528"
"1,04490942454723","1,24343713630308","-2,53852903714819"
"1,06294216637884","1,24417715590593","-2,54126571341532"
"1,08073928876142","1,24490844886252","-2,54396748309741"
"1,09827461175621","1,24562752451434","-2,5466291102067"
"1,11552021009517","1,24633612819065","-2,54924535875544"
"1,13244990383951","1,24703076923294","-2,55181448341437"
"1,14903751305047","1,24771144764122","-2,554332993525"
"1,1652586031185","1,24837641808623","-2,55679565309957"
"1,18109048476334","1,24902742589722","-2,55919722615031"
"1,19651046870471","1,24965923508644","-2,56153771267723"
"1,21149761099159","1,2502753363124","-2,56381362202183"
"1,22603096767294","1,25087223891658","-2,5660179728671"
"1,24008959479776","1,25144819756974","-2,56815251054229"
"1,25365778440276","1,25200495760112","-2,57021199905965"
"1,26671982852469","1,25254077368149","-2,57219469308991"
"1,27926001920027","1,25305564581082","-2,57409710197459"
"1,29126264846623","1,25354782865989","-2,57591922571367"
"1,30271898967632","1,25401906755793","-2,57765757364865"
"1,31361857085503","1,25446587184644","-2,57931214577954"
"1,32395092002683","1,25488998685467","-2,58088119677709"
"1,33371080120399","1,25529141258263","-2,58236123598278"
"1,34289297839873","1,25566840370106","-2,58375575405512"
"1,35149396095256","1,25602096020996","-2,58506126033561"
"1,35951549419472","1,25635082743859","-2,58627950015351"
"1,36695757812523","1,25665626005769","-2,58740872817955"
"1,37382195807332","1,25693725806726","-2,58845068974299"
"1,38011736068526","1,25719556679656","-2,58940538484383"
"1,38585076727807","1,25743118624557","-2,59027630414057"
"1,39103090449798","1,25764411641432","-2,59106170230397"
"1,39567348030829","1,25783435730279","-2,59176681532178"
"1,399792457343","1,25800365424023","-2,59239164319399"
"1,40340528889462","1,25815200722665","-2,59293967657912"
"1,40653466424345","1,25827941626204","-2,59341440613566"
"1,40920327266975","1,25838937200492","-2,59381932252212"
"1,41143554878305","1,25848012912602","-2,59415966172626"
"1,41326465383914","1,25855517828386","-2,59443716907733"
"1,41471851310605","1,25861626480768","-2,59465708056308"
"1,41583552382733","1,25866164336823","-2,59482637750052"
"1,41665408324651","1,25869480462402","-2,59495029587741"
"1,4172143339364","1,25871749390429","-2,59503581701076"
"1,4175599091283","1,25873145653831","-2,59508817688832"
"1,41774142337051","1,25874018318457","-2,59511610215635"
"1,41780949121133","1,25874192851382","-2,59512657413186"
"1,41781996318685","1,25874367384307","-2,59512831946112"
"1,41781996318685","1,25873669252607","-2,59512831946112"
"1,41781996318685","1,25869480462402","-2,59513181011962"
"1,41781996318685","1,25858135822264","-2,59513879143663"
"1,41781996318685","1,25836493739539","-2,5951544993999"
"1,41781996318685","1,25801587154499","-2,59517893400942"
"1,41781996318685","1,25750449007416","-2,59521558592372"
"1,41781996318685","1,25680810370261","-2,59526445514277"
"1,41781996318685","1,25590053249158","-2,59532728699584"
"1,41781996318685","1,25475908716077","-2,59540757214144"
"1,41781996318685","1,25336631441768","-2,59550531057955"
"1,41781996318685","1,25170127031128","-2,59562224763943"
"1,41781996318685","1,2497482468783","-2,59576012865034"
"1,41781996318685","1,24749328148472","-2,59591895361227"
"1,41781996318685","1,24492415682578","-2,59609872252523"
"1,41781996318685","1,24202691026747","-2,59630292604771"
"1,41781996318685","1,23879456049278","-2,59652981885047"
"1,41781996318685","1,23521663552619","-2,59678114626276"
"1,41781996318685","1,23128789937995","-2,59705690828457"
"1,41781996318685","1,22700486139556","-2,59735710491591"
"1,41781996318685","1,222360540256","-2,59768348148604"
"1,41781996318685","1,21735668129053","-2,59803429266569"
"1,41781996318685","1,2119880485114","-2,59841302911337"
"1,41781996318685","1,2062581325771","-2,59881445484133"
"1,41781996318685","1,20016867881689","-2,59924206050807"
"1,41781996318685","1,19372143256003","-2,59969584611359"
"1,41781996318685","1,186919884465","-2,60017232099938"
"1,41781996318685","1,17977101584884","-2,60067497582395"
"1,41781996318685","1,17228180802853","-2,60120206525806"
"1,41781996318685","1,16445749699184","-2,60175009864318"
"1,41781996318685","1,15630680938502","-2,60232431196709"
"1,41781996318685","1,1478402171836","-2,60291772391277"
"1,41781996318685","1,13906644703382","-2,60353382513872"
"1,41781996318685","1,12999771624046","-2,6041708703157"
"1,41781996318685","1,12064624210828","-2,6048288594437"
"1,41781996318685","1,11102424194203","-2,60550430186422"
"1,41781996318685","1,10114567837574","-2,60619894290652"
"1,41781996318685","1,09102276871418","-2,60690929191208"
"1,41781996318685","1,0806712209206","-2,60763709421016"
"1,41781996318685","1,07010848828753","-2,60837885914226"
"1,41781996318685","1,05934678811973","-2,60913458670837"
"1,41781996318685","1,04840531903898","-2,60990253157925"
"1,41781996318685","1,03729978900854","-2,61068269375489"
"1,41781996318685","1,02604590599168","-2,61147332790604"
"1,41781996318685","1,01466461393942","-2,61227268870346"
"1,41781996318685","1,00316987548579","-2,61308077614713"
"1,41781996318685","0,991584379911051","-2,61389409957856"
"1,41781996318685","0,979922089849224","-2,61471265899775"
"1,41781996318685","0,968203949251334","-2,61553645440469"
"1,41781996318685","0,956449156739152","-2,61636199514088"
"1,41781996318685","0,944673420275947","-2,61718928120633"
"1,41781996318685","0,932899429141993","-2,61801656727177"
"1,41781996318685","0,921144636629811","-2,61884210800796"
"1,41781996318685","0,909426496031921","-2,6196659034149"
"1,41781996318685","0,897764205970095","-2,62048446283409"
"1,41781996318685","0,886176965066105","-2,62129778626552"
"1,41781996318685","0,874683971941722","-2,62210587370919"
"1,41781996318685","0,863302679889467","-2,62290523450661"
"1,41781996318685","0,852048796872608","-2,62369586865776"
"1,41781996318685","0,840943266842168","-2,6244760308334"
"1,41781996318685","0,830001797761415","-2,62524397570428"
"1,41781996318685","0,819240097593618","-2,62599970327039"
"1,41781996318685","0,808677364960549","-2,62674146820249"
"1,41781996318685","0,79832581716697","-2,62746927050057"
"1,41781996318685","0,788202907505403","-2,62817961950613"
"1,41781996318685","0,778324343939115","-2,62887426054843"
"1,41781996318685","0,768702343772871","-2,62954970296895"
"1,41781996318685","0,759350869640685","-2,63020769209695"
"1,41781996318685","0,750282138847322","-2,63084473727393"
"1,41781996318685","0,741508368697547","-2,63146083849988"
"1,41781996318685","0,733041776496123","-2,63205425044556"
"1,41781996318685","0,724891088889309","-2,63262671844021"
"1,41781996318685","0,717066777852618","-2,63317649715459"
"1,41781996318685","0,709577570032311","-2,6337035865887"
"1,41781996318685","0,702428701416142","-2,63420449608402"
"1,41781996318685","0,69562715332112","-2,63468271629906"
"1,41781996318685","0,689179907064253","-2,63513650190458"
"1,41781996318685","0,683090453304045","-2,63556410757132"
"1,41781996318685","0,677360537369747","-2,63596553329928"
"1,41781996318685","0,671991904590613","-2,63634252441771"
"1,41781996318685","0,666986300295893","-2,63669508092661"
"1,41781996318685","0,662343724485588","-2,63702145749674"
"1,41781996318685","0,658058941171942","-2,63732165412808"
"1,41781996318685","0,654131950354955","-2,63759741614989"
"1,41781996318685","0,650554025388366","-2,63784874356218"
"1,41781996318685","0,647321675613673","-2,63807563636494"
"1,41781996318685","0,644424429055362","-2,63827983988742"
"1,41781996318685","0,641855304396427","-2,63845960880038"
"1,41781996318685","0,63960033900285","-2,63861843376231"
"1,41781996318685","0,637647315569868","-2,63875631477322"
"1,41781996318685","0,635982271463466","-2,6388732518331"
"1,41781996318685","0,634587753391122","-2,63897099027121"
"1,41781996318685","0,63344805338957","-2,63905127541681"
"1,41781996318685","0,632540482178533","-2,63911410726988"
"1,41781996318685","0,631842350477735","-2,63916297648893"
"1,41781996318685","0,631332714336153","-2,63919962840323"
"1,41781996318685","0,630983648485754","-2,63922406301275"
"1,41781996318685","0,630767227658507","-2,63923977097602"
"1,41781996318685","0,630653781257127","-2,63924675229303"
"1,41781996318685","0,630611893355079","-2,63925024295153"
"1,41781996318685","0,630604912038071","-2,63925024295153"
"1,41781996318685","0,630611893355079","-2,63925024295153"
"1,41781996318685","0,630653781257127","-2,63924675229303"
"1,41781996318685","0,630767227658507","-2,63923977097602"
"1,41781996318685","0,630983648485754","-2,63922406301275"
"1,41781996318685","0,631332714336153","-2,63919962840323"
"1,41781996318685","0,631842350477735","-2,63916297648893"
"1,41781996318685","0,632540482178533","-2,63911410726988"
"1,41781996318685","0,63344805338957","-2,63905127541681"
"1,41781996318685","0,634587753391122","-2,63897099027121"
"1,41781996318685","0,635982271463466","-2,6388732518331"
"1,41781996318685","0,637647315569868","-2,63875631477322"
"1,41781996318685","0,63960033900285","-2,63861843376231"
"1,41781996318685","0,641855304396427","-2,63845960880038"
"1,41781996318685","0,644424429055362","-2,63827983988742"
"1,41781996318685","0,647321675613673","-2,63807563636494"
"1,41781996318685","0,650554025388366","-2,63784874356218"
"1,41781996318685","0,654131950354955","-2,63759741614989"
"1,41781996318685","0,658058941171942","-2,63732165412808"
"1,41781996318685","0,662343724485588","-2,63702145749674"
"1,41781996318685","0,666986300295893","-2,63669508092661"
"1,41781996318685","0,671991904590613","-2,63634252441771"
"1,41781996318685","0,677360537369747","-2,63596553329928"
"1,41781996318685","0,683090453304045","-2,63556410757132"
"1,41781996318685","0,689179907064253","-2,63513650190458"
"1,41781996318685","0,69562715332112","-2,63468271629906"
"1,41781996318685","0,702428701416142","-2,63420449608402"
"1,41781996318685","0,709577570032311","-2,6337035865887"
"1,41781996318685","0,717066777852618","-2,63317649715459"
"1,41781996318685","0,724891088889309","-2,63262671844021"
"1,41781996318685","0,733041776496123","-2,63205425044556"
"1,41781996318685","0,741508368697547","-2,63146083849988"
"1,41781996318685","0,750282138847322","-2,63084473727393"
"1,41781996318685","0,759350869640685","-2,63020769209695"
"1,41781996318685","0,768702343772871","-2,62954970296895"
"1,41781996318685","0,778324343939115","-2,62887426054843"
"1,41781996318685","0,788202907505403","-2,62817961950613"
"1,41781996318685","0,79832581716697","-2,62746927050057"
"1,41781996318685","0,808677364960549","-2,62674146820249"
"1,41781996318685","0,819240097593618","-2,62599970327039"
"1,41781996318685","0,830001797761415","-2,62524397570428"
"1,41781996318685","0,840943266842168","-2,6244760308334"
"1,41781996318685","0,852048796872608","-2,62369586865776"
"1,41781996318685","0,863302679889467","-2,62290523450661"
"1,41781996318685","0,874683971941722","-2,62210587370919"
"1,41781996318685","0,886176965066105","-2,62129778626552"
"1,41781996318685","0,897764205970095","-2,62048446283409"
"1,41781996318685","0,909426496031921","-2,6196659034149"
"1,41781996318685","0,921144636629811","-2,61884210800796"
"1,41781996318685","0,932899429141993","-2,61801656727177"
"1,41781996318685","0,944673420275947","-2,61718928120633"
"1,41781996318685","0,956449156739152","-2,61636199514088"
"1,41781996318685","0,968203949251334","-2,61553645440469"
"1,41781996318685","0,979922089849224","-2,61471265899775"
"1,41781996318685","0,991584379911051","-2,61389409957856"
"1,41781996318685","1,00316987548579","-2,61308077614713"
"1,41781996318685","1,01466461393942","-2,61227268870346"
"1,41781996318685","1,02604590599168","-2,61147332790604"
"1,41781996318685","1,03729978900854","-2,61068269375489"
"1,41781996318685","1,04840531903898","-2,60990253157925"
"1,41781996318685","1,05934678811973","-2,60913458670837"
"1,41781996318685","1,07010848828753","-2,60837885914226"
"1,41781996318685","1,0806712209206","-2,60763709421016"
"1,41781996318685","1,09102276871418","-2,60690929191208"
"1,41781996318685","1,10114567837574","-2,60619894290652"
"1,41781996318685","1,11102424194203","-2,60550430186422"
"1,41781996318685","1,12064624210828","-2,6048288594437"
"1,41781996318685","1,12999771624046","-2,6041708703157"
"1,41781996318685","1,13906644703382","-2,60353382513872"
"1,41781996318685","1,1478402171836","-2,60291772391277"
"1,41781996318685","1,15630680938502","-2,60232431196709"
"1,41781996318685","1,16445749699184","-2,60175009864318"
"1,41781996318685","1,17228180802853","-2,60120206525806"
"1,41781996318685","1,17977101584884","-2,60067497582395"
"1,41781996318685","1,186919884465","-2,60017232099938"
"1,41781996318685","1,19372143256003","-2,59969584611359"
"1,41781996318685","1,20016867881689","-2,59924206050807"
"1,41781996318685","1,2062581325771","-2,59881445484133"
"1,41781996318685","1,2119880485114","-2,59841302911337"
"1,41781996318685","1,21735668129053","-2,59803429266569"
"1,41781996318685","1,222360540256","-2,59768348148604"
"1,41781996318685","1,22700486139556","-2,59735710491591"
"1,41781996318685","1,23128789937995","-2,59705690828457"
"1,41781996318685","1,23521663552619","-2,59678114626276"
"1,41781996318685","1,23879456049278","-2,59652981885047"
"1,41781996318685","1,24202691026747","-2,59630292604771"
"1,41781996318685","1,24492415682578","-2,59609872252523"
"1,41781996318685","1,24749328148472","-2,59591895361227"
"1,41781996318685","1,2497482468783","-2,59576012865034"
"1,41781996318685","1,25170127031128","-2,59562224763943"
"1,41781996318685","1,25336631441768","-2,59550531057955"
"1,41781996318685","1,25475908716077","-2,59540757214144"
"1,41781996318685","1,25590053249158","-2,59532728699584"
"1,41781996318685","1,25680810370261","-2,59526445514277"
"1,41781996318685","1,25750449007416","-2,59521558592372"
"1,41781996318685","1,25801587154499","-2,59517893400942"
"1,41781996318685","1,25836493739539","-2,5951544993999"
"1,41781996318685","1,25858135822264","-2,59513879143663"
"1,41781996318685","1,25869480462402","-2,59513181011962"
"1,41781996318685","1,25873669252607","-2,59512831946112"
"1,41781996318685","1,25874367384307","-2,59512831946112"
"1,41780949121133","1,25874192851382","-2,59512657413186"
"1,41774142337051","1,25874018318457","-2,59511610215635"
"1,4175599091283","1,25873145653831","-2,59508817688832"
"1,4172143339364","1,25871749390429","-2,59503581701076"
"1,41665408324651","1,25869480462402","-2,59495029587741"
"1,41583552382733","1,25866164336823","-2,59482637750052"
"1,41471851310605","1,25861626480768","-2,59465708056308"
"1,41326465383914","1,25855517828386","-2,59443716907733"
"1,41143554878305","1,25848012912602","-2,59415966172626"
"1,40920327266975","1,25838937200492","-2,59381932252212"
"1,40653466424345","1,25827941626204","-2,59341440613566"
"1,40340528889462","1,25815200722665","-2,59293967657912"
"1,399792457343","1,25800365424023","-2,59239164319399"
"1,39567348030829","1,25783435730279","-2,59176681532178"
"1,39103090449798","1,25764411641432","-2,59106170230397"
"1,38585076727807","1,25743118624557","-2,59027630414057"
"1,38011736068526","1,25719556679656","-2,58940538484383"
"1,37382195807332","1,25693725806726","-2,58845068974299"
"1,36695757812523","1,25665626005769","-2,58740872817955"
"1,35951549419472","1,25635082743859","-2,58627950015351"
"1,35149396095256","1,25602096020996","-2,58506126033561"
"1,34289297839873","1,25566840370106","-2,58375575405512"
"1,33371080120399","1,25529141258263","-2,58236123598278"
"1,32395092002683","1,25488998685467","-2,58088119677709"
"1,31361857085503","1,25446587184644","-2,57931214577954"
"1,30271898967632","1,25401906755793","-2,57765757364865"
"1,29126264846623","1,25354782865989","-2,57591922571367"
"1,27926001920027","1,25305564581082","-2,57409710197459"
"1,26671982852469","1,25254077368149","-2,57219469308991"
"1,25365778440276","1,25200495760112","-2,57021199905965"
"1,24008959479776","1,25144819756974","-2,56815251054229"
"1,22603096767294","1,25087223891658","-2,5660179728671"
"1,21149761099159","1,2502753363124","-2,56381362202183"
"1,19651046870471","1,24965923508644","-2,56153771267723"
"1,18109048476334","1,24902742589722","-2,55919722615031"
"1,1652586031185","1,24837641808623","-2,55679565309957"
"1,14903751305047","1,24771144764122","-2,554332993525"
"1,13244990383951","1,24703076923294","-2,55181448341437"
"1,11552021009517","1,24633612819065","-2,54924535875544"
"1,09827461175621","1,24562752451434","-2,5466291102067"
"1,08073928876142","1,24490844886252","-2,54396748309741"
"1,06294216637884","1,24417715590593","-2,54126571341532"
"1,04490942454723","1,24343713630308","-2,53852903714819"
"1,02666898853464","1,24268839005398","-2,53575919962528"
"1,00824878360909","1,24193266248787","-2,53296492749283"
"0,989680225697125","1,241171698934","-2,53014622075086"
"0,970991240066769","1,24040375406312","-2,52731006071637"
"0,952213242644562","1,23963231853374","-2,52445993804787"
"0,933374158698536","1,2388591376751","-2,52159934340385"
"0,914505404155225","1,23808595681647","-2,51873525810133"
"0,895634904282662","1,23731103062858","-2,51587291812805"
"0,876795820336635","1,23653784976995","-2,51301232348404"
"0,858017822914428","1,23576641424057","-2,51016220081553"
"0,839328837284073","1,23500021469894","-2,50732604078104"
"0,820760279372106","1,23423750581582","-2,50450733403907"
"0,802341819775809","1,23348177824971","-2,50171306190662"
"0,784101383763217","1,2327330320006","-2,49894322438371"
"0,766066896602359","1,23199301239776","-2,49620654811658"
"0,748269774219773","1,23126346477042","-2,4935047784345"
"0,730734451224986","1,23054264378935","-2,4908431513252"
"0,71348885288603","1,22983578544229","-2,48822690277646"
"0,696559159141685","1,2291411444","-2,48565777811753"
"0,679971549930731","1,22846046599172","-2,4831392680069"
"0,663750459862695","1,22779375021746","-2,48067660843234"
"0,647918578217855","1,22714448773572","-2,47827503538159"
"0,632498594276485","1,22651093321724","-2,47593454885467"
"0,61751145198961","1,22589657732054","-2,47365863951007"
"0,602979840637505","1,22529967471636","-2,4714542886648"
"0,588919468183439","1,22472197073395","-2,46931975098961"
"0,575351278578435","1,22416521070256","-2,46726026247226"
"0,562289234456509","1,2236293946222","-2,46527756844199"
"0,549750789110182","1,22311452249286","-2,46337515955732"
"0,537746414514965","1,2226223396438","-2,46155303581823"
"0,526290073304874","1,22215284607501","-2,45981468788325"
"0,515392237455422","1,22170429645725","-2,45816011575236"
"0,505059888283615","1,22128018144902","-2,45659106475481"
"0,495300007106463","1,22088050105031","-2,45511102554912"
"0,486117829911721","1,22050350993188","-2,45371650747678"
"0,477515102028641","1,22015095342298","-2,45241100119629"
"0,469493568786475","1,21982108619435","-2,4511927613784"
"0,462051484855971","1,21951565357525","-2,45006353335236"
"0,455187104907877","1,21923465556568","-2,44902157178892"
"0,448891702295934","1,21897634683638","-2,44806687668807"
"0,443158295703132","1,21874072738736","-2,44719595739133"
"0,437978158483213","1,21852779721862","-2,44641055922793"
"0,433335582672908","1,21833755633015","-2,44570544621013"
"0,429216605638202","1,21816825939271","-2,44508061833791"
"0,425603774086573","1,21801990640629","-2,44453258495279"
"0,422474398737747","1,21789075204164","-2,44405785539624"
"0,419805790311448","1,21778254162802","-2,44365119368053"
"0,417573514198147","1,21769003917766","-2,44331259980564"
"0,415744409142057","1,21761499001983","-2,44303509245457"
"0,414290549875146","1,21755564882526","-2,44281518096882"
"0,41317353915387","1,21751027026471","-2,44264588403138"
"0,412354979734684","1,21747536367967","-2,44252196565449"
"0,411796474374046","1,21745267439939","-2,44243644452114"
"0,411449153852899","1,21743871176538","-2,44238408464358"
"0,411267639610692","1,21743173044837","-2,44235615937555"
"0,411199571769864","1,21742823978986","-2,44234568740004"
"0,411189099794352","1,21742823978986","-2,44234394207079"
"0,411189099794352","1,21742300380211","-2,44234394207079"
"0,411189099794352","1,21738635188782","-2,44234743272929"
"0,411189099794352","1,21729210410821","-2,4423544140463"
"0,411189099794352","1,217110589866","-2,44236663135106"
"0,411189099794352","1,21681737455167","-2,44238757530208"
"0,411189099794352","1,21638976888493","-2,44241724589937"
"0,411189099794352","1,21580508358551","-2,44245913380142"
"0,411189099794352","1,21504412003164","-2,44251323900823"
"0,411189099794352","1,2140859342723","-2,44258130684906"
"0,411189099794352","1,21291656367346","-2,4426633373239"
"0,411189099794352","1,21152030027186","-2,44276282109126"
"0,411189099794352","1,20988318143349","-2,4428780128219"
"0,411189099794352","1,20799124452433","-2,4430124031743"
"0,411189099794352","1,20583401756887","-2,44316424681922"
"0,411189099794352","1,20340451925009","-2,44333703441517"
"0,411189099794352","1,20069227759249","-2,44352902063289"
"0,411189099794352","1,19769031127906","-2,44374020547238"
"0,411189099794352","1,1943951296513","-2,44397407959215"
"0,411189099794352","1,19080149672144","-2,44422889766294"
"0,411189099794352","1,18690592183099","-2,4445029143555"
"0,411189099794352","1,18270665965069","-2,44480136565759"
"0,411189099794352","1,17820371018054","-2,44511901558146"
"0,411189099794352","1,17339707342055","-2,44545935478559"
"0,411189099794352","1,16828674937071","-2,44582063794076"
"0,411189099794352","1,16287797401878","-2,4462046103762"
"0,411189099794352","1,15717249269401","-2,44660778143341"
"0,411189099794352","1,15117554138416","-2,44703189644164"
"0,411189099794352","1,14489235607698","-2,4474769554009"
"0,411189099794352","1,13832817276023","-2,44794121298193"
"0,411189099794352","1,13148997275092","-2,44842466918473"
"0,411189099794352","1,1243864826953","-2,44892732400931"
"0,411189099794352","1,11702642923964","-2,4494474321264"
"0,411189099794352","1,1094185390302","-2,44998673886527"
"0,411189099794352","1,10157328404248","-2,4505417535674"
"0,411189099794352","1,09350113625201","-2,4511124762328"
"0,411189099794352","1,08521256763429","-2,45169890686147"
"0,411189099794352","1,07671979549408","-2,45229930012416"
"0,411189099794352","1,06803678246541","-2,45291365602086"
"0,411189099794352","1,05917400052378","-2,45354197455158"
"0,411189099794352","1,05014715763247","-2,45418076505781"
"0,411189099794352","1,04096672576698","-2,45483002753955"
"0,411189099794352","1,03165015821983","-2,45548801666755"
"0,411189099794352","1,0222096722958","-2,45615647777107"
"0,411189099794352","1,01266097595813","-2,45683192019159"
"0,411189099794352","1,00301803184087","-2,45751434392912"
"0,411189099794352","0,993296547907257","-2,45820200365441"
"0,411189099794352","0,983513977449829","-2,45889489936745"
"0,411189099794352","0,973682537773345","-2,45958954040974"
"0,411189099794352","0,963821427499577","-2,46028767211054"
"0,411189099794352","0,953942863933289","-2,46098754914059"
"0,411189099794352","0,944064300367001","-2,46168568084139"
"0,411189099794352","0,934203190093233","-2,46238381254218"
"0,411189099794352","0,924371750416749","-2,46307845358448"
"0,411189099794352","0,914587434630069","-2,46377134929752"
"0,411189099794352","0,904867696025712","-2,46445900902281"
"0,411189099794352","0,895224751908443","-2,46514143276034"
"0,411189099794352","0,885676055570782","-2,46581687518086"
"0,411189099794352","0,876235569646745","-2,46648533628437"
"0,411189099794352","0,8669190020996","-2,46714332541237"
"0,411189099794352","0,857738570234109","-2,46779433322337"
"0,411189099794352","0,848711727342795","-2,4684331237296"
"0,411189099794352","0,839848945401167","-2,46905969693106"
"0,411189099794352","0,831164187043244","-2,46967405282776"
"0,411189099794352","0,822673160232291","-2,47027444609045"
"0,411189099794352","0,81438459161457","-2,47086087671912"
"0,411189099794352","0,806312443824096","-2,47143159938452"
"0,411189099794352","0,798467188836382","-2,47198661408666"
"0,411189099794352","0,790859298626939","-2,47252592082552"
"0,411189099794352","0,783499245171278","-2,47304602894262"
"0,411189099794352","0,776395755115662","-2,47354868376719"
"0,411189099794352","0,769557555106348","-2,47403213996999"
"0,411189099794352","0,762993371789597","-2,47449639755102"
"0,411189099794352","0,756710186482418","-2,47494145651028"
"0,411189099794352","0,750713235172565","-2,47536557151852"
"0,411189099794352","0,745007753847796","-2,47577048790498"
"0,411189099794352","0,739597233166613","-2,47615271501117"
"0,411189099794352","0,734488654446026","-2,47651399816633"
"0,411189099794352","0,729682017686033","-2,47685433737047"
"0,411189099794352","0,725179068215888","-2,47717198729433"
"0,411189099794352","0,72097980603559","-2,47747043859642"
"0,411189099794352","0,717084231145138","-2,47774620061824"
"0,411189099794352","0,713490598215282","-2,47799927335978"
"0,411189099794352","0,710193671258265","-2,47823314747954"
"0,411189099794352","0,707193450274086","-2,47844607764829"
"0,411189099794352","0,704481208616487","-2,47863806386601"
"0,411189099794352","0,702049964968459","-2,4788091061327"
"0,411189099794352","0,699894483342246","-2,47896094977763"
"0,411189099794352","0,698002546433084","-2,47909534013003"
"0,411189099794352","0,696365427594714","-2,47921227718991"
"0,411189099794352","0,694967418863866","-2,47931001562803"
"0,411189099794352","0,69379804826503","-2,47939379143212"
"0,411189099794352","0,692841607834937","-2,4794601139437"
"0,411189099794352","0,692080644281067","-2,47951421915051"
"0,411189099794352","0,691495958981649","-2,47955610705256"
"0,411189099794352","0,691068353314911","-2,47958577764984"
"0,411189099794352","0,690775138000576","-2,47960672160086"
"0,411189099794352","0,690593623758368","-2,47962068423488"
"0,411189099794352","0,690497630649509","-2,47962592022264"
"0,411189099794352","0,690462724064469","-2,47962941088114"
"0,411189099794352","0,690457488076713","-2,47962941088114"
"0,411189099794352","0,690462724064469","-2,47962941088114"
"0,411189099794352","0,690497630649509","-2,47962592022264"
"0,411189099794352","0,690593623758368","-2,47962068423488"
"0,411189099794352","0,690775138000576","-2,47960672160086"
"0,411189099794352","0,691068353314911","-2,47958577764984"
"0,411189099794352","0,691495958981649","-2,47955610705256"
"0,411189099794352","0,692080644281067","-2,47951421915051"
"0,411189099794352","0,692841607834937","-2,4794601139437"
"0,411189099794352","0,69379804826503","-2,47939379143212"
"0,411189099794352","0,694967418863866","-2,47931001562803"
"0,411189099794352","0,696365427594714","-2,47921227718991"
"0,411189099794352","0,698002546433084","-2,47909534013003"
"0,411189099794352","0,699894483342246","-2,47896094977763"
"0,411189099794352","0,702049964968459","-2,4788091061327"
"0,411189099794352","0,704481208616487","-2,47863806386601"
"0,411189099794352","0,707193450274086","-2,47844607764829"
"0,411189099794352","0,710193671258265","-2,47823314747954"
"0,411189099794352","0,713490598215282","-2,47799927335978"
"0,411189099794352","0,717084231145138","-2,47774620061824"
"0,411189099794352","0,72097980603559","-2,47747043859642"
"0,411189099794352","0,725179068215888","-2,47717198729433"
"0,411189099794352","0,729682017686033","-2,47685433737047"
"0,411189099794352","0,734488654446026","-2,47651399816633"
"0,411189099794352","0,739597233166613","-2,47615271501117"
"0,411189099794352","0,745007753847796","-2,47577048790498"
"0,411189099794352","0,750713235172565","-2,47536557151852"
"0,411189099794352","0,756710186482418","-2,47494145651028"
"0,411189099794352","0,762993371789597","-2,47449639755102"
"0,411189099794352","0,769557555106348","-2,47403213996999"
"0,411189099794352","0,776395755115662","-2,47354868376719"
"0,411189099794352","0,783499245171278","-2,47304602894262"
"0,411189099794352","0,790859298626939","-2,47252592082552"
"0,411189099794352","0,798467188836382","-2,47198661408666"
"0,411189099794352","0,806312443824096","-2,47143159938452"
"0,411189099794352","0,81438459161457","-2,47086087671912"
"0,411189099794352","0,822673160232291","-2,47027444609045"
"0,411189099794352","0,831164187043244","-2,46967405282776"
"0,411189099794352","0,839848945401167","-2,46905969693106"
"0,411189099794352","0,848711727342795","-2,4684331237296"
"0,411189099794352","0,857738570234109","-2,46779433322337"
"0,411189099794352","0,8669190020996","-2,46714332541237"
"0,411189099794352","0,876235569646745","-2,46648533628437"
"0,411189099794352","0,885676055570782","-2,46581687518086"
"0,411189099794352","0,895224751908443","-2,46514143276034"
"0,411189099794352","0,904867696025712","-2,46445900902281"
"0,411189099794352","0,914587434630069","-2,46377134929752"
"0,411189099794352","0,924371750416749","-2,46307845358448"
"0,411189099794352","0,934203190093233","-2,46238381254218"
"0,411189099794352","0,944064300367001","-2,46168568084139"
"0,411189099794352","0,953942863933289","-2,46098754914059"
"0,411189099794352","0,963821427499577","-2,46028767211054"
"0,411189099794352","0,973682537773345","-2,45958954040974"
"0,411189099794352","0,983513977449829","-2,45889489936745"
"0,411189099794352","0,993296547907257","-2,45820200365441"
"0,411189099794352","1,00301803184087","-2,45751434392912"
"0,411189099794352","1,01266097595813","-2,45683192019159"
"0,411189099794352","1,0222096722958","-2,45615647777107"
"0,411189099794352","1,03165015821983","-2,45548801666755"
"0,411189099794352","1,04096672576698","-2,45483002753955"
"0,411189099794352","1,05014715763247","-2,45418076505781"
"0,411189099794352","1,05917400052378","-2,45354197455158"
"0,411189099794352","1,06803678246541","-2,45291365602086"
"0,411189099794352","1,07671979549408","-2,45229930012416"
"0,411189099794352","1,08521256763429","-2,45169890686147"
"0,411189099794352","1,09350113625201","-2,4511124762328"
"0,411189099794352","1,10157328404248","-2,4505417535674"
"0,411189099794352","1,1094185390302","-2,44998673886527"
"0,411189099794352","1,11702642923964","-2,4494474321264"
"0,411189099794352","1,1243864826953","-2,44892732400931"
"0,411189099794352","1,13148997275092","-2,44842466918473"
"0,411189099794352","1,13832817276023","-2,44794121298193"
"0,411189099794352","1,14489235607698","-2,4474769554009"
"0,411189099794352","1,15117554138416","-2,44703189644164"
"0,411189099794352","1,15717249269401","-2,44660778143341"
"0,411189099794352","1,16287797401878","-2,4462046103762"
"0,411189099794352","1,16828674937071","-2,44582063794076"
"0,411189099794352","1,17339707342055","-2,44545935478559"
"0,411189099794352","1,17820371018054","-2,44511901558146"
"0,411189099794352","1,18270665965069","-2,44480136565759"
"0,411189099794352","1,18690592183099","-2,4445029143555"
"0,411189099794352","1,19080149672144","-2,44422889766294"
"0,411189099794352","1,1943951296513","-2,44397407959215"
"0,411189099794352","1,19769031127906","-2,44374020547238"
"0,411189099794352","1,20069227759249","-2,44352902063289"
"0,411189099794352","1,20340451925009","-2,44333703441517"
"0,411189099794352","1,20583401756887","-2,44316424681922"
"0,411189099794352","1,20799124452433","-2,4430124031743"
"0,411189099794352","1,20988318143349","-2,4428780128219"
"0,411189099794352","1,21152030027186","-2,44276282109126"
"0,411189099794352","1,21291656367346","-2,4426633373239"
"0,411189099794352","1,2140859342723","-2,44258130684906"
"0,411189099794352","1,21504412003164","-2,44251323900823"
"0,411189099794352","1,21580508358551","-2,44245913380142"
"0,411189099794352","1,21638976888493","-2,44241724589937"
"0,411189099794352","1,21681737455167","-2,44238757530208"
"0,411189099794352","1,217110589866","-2,44236663135106"
"0,411189099794352","1,21729210410821","-2,4423544140463"
"0,411189099794352","1,21738635188782","-2,44234743272929"
"0,411189099794352","1,21742300380211","-2,44234394207079"
"0,411189099794352","1,21742823978986","-2,44234394207079"
"0,41119608111136","1,21742823978986","-2,44234394207079"
"0,411243205001164","1,21742823978986","-2,44234568740004"
"0,411365378048804","1,21742998511912","-2,44235092338779"
"0,411597506839319","1,21743347577762","-2,44235965003405"
"0,411974497957749","1,21743696643612","-2,44237361266807"
"0,41252602200138","1,21744394775313","-2,44239455661909"
"0,413278258908989","1,21745267439939","-2,44242248188712"
"0,41425913394861","1,21746489170416","-2,44245913380142"
"0,415491336400518","1,21747885433817","-2,44250451236197"
"0,416995810215737","1,21749805295994","-2,44256210822728"
"0,418793499345291","1,21751899691097","-2,44262843073886"
"0,420901857081701","1,21754517684975","-2,4427069705552"
"0,423336591388233","1,21757310211778","-2,44279947300556"
"0,426111664898904","1,21760626337357","-2,44290244743142"
"0,429239294918477","1,21764466061711","-2,44301938449131"
"0,432731698751718","1,21768654851916","-2,44315028418521"
"0,436594112386382","1,21773192707971","-2,44329514651312"
"0,440835262468728","1,21778254162802","-2,44345397147505"
"0,445462130315765","1,21783839216408","-2,443626759071"
"0,450476461256744","1,2178994786879","-2,44381525463022"
"0,455880000620919","1,21796405587023","-2,44401771282345"
"0,461676239066792","1,21803212371105","-2,44423413365069"
"0,467863431265112","1,21810717286889","-2,44446626244121"
"0,474439831886627","1,21818571268523","-2,44471235386574"
"0,481401950272832","1,21826948848933","-2,44497240792429"
"0,488746295765224","1,21835675495193","-2,4452481699461"
"0,496464141717543","1,21844925740228","-2,44553614927268"
"0,504553742800537","1,21854699584039","-2,44583983656253"
"0,513002881709441","1,21864822493701","-2,44615574115714"
"0,521802831797997","1,21875294469213","-2,44648560838577"
"0,530946611749195","1,218862900435","-2,44682769291916"
"0,540418513599768","1,21897634683638","-2,44718199475731"
"0,550211556032708","1,21909328389627","-2,44754851390023"
"0,560310031084748","1,21921371161465","-2,44792725034792"
"0,57069997612187","1,2193393753208","-2,44831471344186"
"0,581367428510059","1,21946678435619","-2,44871439384056"
"0,5922984256153","1,21959768405009","-2,44912454621478"
"0,603475514145071","1,21973032907325","-2,44954167990601"
"0,614881240806854","1,21986821008415","-2,44996928557275"
"0,626501642966633","1,22000609109506","-2,45040387255649"
"0,638317522002634","1,22014920809372","-2,4508471861865"
"0,650309679293087","1,22029232509239","-2,45129573580426"
"0,662460661545472","1,2204371874203","-2,45175126673903"
"0,674751270138016","1,22058554040672","-2,45221028833231"
"0,687162306448947","1,22073389339314","-2,45267454591334"
"0,699674571856495","1,22088399170881","-2,45314403948213"
"0,712267122409634","1,22103409002449","-2,45361527838016"
"0,724920759486593","1,22118593366941","-2,45408826260746"
"0,737614539136348","1,22133777731433","-2,454562992164"
"0,750327517407874","1,22148962095926","-2,45503946704979"
"0,763042241008653","1,22164146460418","-2,45551594193559"
"0,775736020658408","1,22179505357835","-2,45599067149213"
"0,788389657735366","1,22194515189403","-2,45646365571942"
"0,800982208288506","1,22209699553895","-2,45693663994671"
"0,813494473696053","1,22224709385462","-2,45740438818624"
"0,825905510006985","1,22239544684104","-2,45786864576727"
"0,838196118599529","1,22254205449821","-2,4583294126898"
"0,850347100851913","1,22268866215538","-2,45878319829532"
"0,862339258142366","1,22283177915404","-2,45923349324233"
"0,874155137178368","1,22297315082345","-2,45967506154309"
"0,885773794008894","1,22311277716361","-2,46010964852684"
"0,897181265999929","1,22324891284527","-2,46053725419357"
"0,908358354529701","1,22338330319767","-2,46095613321405"
"0,919289351634941","1,22351420289157","-2,46136454025902"
"0,929956804023131","1,22364161192696","-2,46176422065773"
"0,940346749060253","1,22376553030386","-2,46215342908092"
"0,950445224112292","1,2238877033515","-2,46253042019935"
"0,96023652121598","1,22400464041138","-2,46289693934227"
"0,969710168395805","1,22411808681276","-2,46325124118043"
"0,978853948347004","1,22422629722638","-2,46359507104307"
"0,987653898435559","1,22433276231075","-2,46392319294244"
"0,996103037344464","1,22443399140737","-2,46424084286631"
"1,00419089309821","1,22452998451623","-2,4645427848269"
"1,01191048437978","1,22462248696659","-2,46483250948273"
"1,01925482987217","1,22471149875844","-2,4651065261753"
"1,02621694825837","1,22479527456253","-2,46536658023384"
"1,03279334887989","1,22487381437887","-2,46561441698763"
"1,03898054107821","1,22494711820746","-2,46584480044889"
"1,04477677952408","1,22501693137754","-2,46606296660539"
"1,05018031888826","1,22508150855986","-2,46626367946937"
"1,05519464982924","1,22514084975443","-2,46645217502858"
"1,05982151767627","1,22519670029049","-2,46662496262453"
"1,06406266775862","1,2252473148388","-2,46678378758646"
"1,06792508139328","1,2252944387286","-2,46692864991438"
"1,07141573989727","1,22533632663065","-2,46705954960828"
"1,0745451152461","1,22537297854494","-2,46717648666816"
"1,07732018875677","1,22540613980073","-2,46728120642328"
"1,0797549230633","1,22543581039801","-2,46737196354438"
"1,08186328079971","1,22546024500754","-2,46745050336072"
"1,08366096992926","1,22548293428782","-2,46751857120155"
"1,08516544374448","1,22550038758034","-2,46757442173762"
"1,08639764619639","1,22551609554361","-2,46761980029817"
"1,08737852123601","1,22552656751912","-2,46765645221246"
"1,08813075814362","1,22553529416538","-2,46768437748049"
"1,088680536858","1,22554227548239","-2,46770532143151"
"1,08905752797643","1,22554751147014","-2,46771928406553"
"1,0892914020962","1,22554925679939","-2,46772801071179"
"1,08941357514384","1,22555100212865","-2,46773324669955"
"1,08946069903364","1,2255527474579","-2,4677349920288"
"1,0894659350214","1,2255527474579","-2,4677349920288"
"1,0894659350214","1,22554751147014","-2,4677349920288"
"1,0894659350214","1,22551085955585","-2,4677384826873"
"1,0894659350214","1,22541312111774","-2,46774546400431"
"1,0894659350214","1,22522637088778","-2,46775768130907"
"1,0894659350214","1,22492442892718","-2,4677786252601"
"1,0894659350214","1,22448635128493","-2,46781004118663"
"1,0894659350214","1,22388421269299","-2,46785192908868"
"1,0894659350214","1,2231023051881","-2,46790777962475"
"1,0894659350214","1,22211968481923","-2,46797759279483"
"1,0894659350214","1,22091889829385","-2,46806136859892"
"1,0894659350214","1,21948423764871","-2,46816259769554"
"1,0894659350214","1,21780174024979","-2,46828128008467"
"1,0894659350214","1,21585918879232","-2,46841916109558"
"1,0894659350214","1,21364436597154","-2,46857624072826"
"1,0894659350214","1,21114854514119","-2,46875251898271"
"1,0894659350214","1,20836299965501","-2,46894799585893"
"1,0894659350214","1,20528074819598","-2,46916616201543"
"1,0894659350214","1,20189480944712","-2,46940527212296"
"1,0894659350214","1,19820343807915","-2,4696653261815"
"1,0894659350214","1,19420314343358","-2,46994806952033"
"1,0894659350214","1,1898904348519","-2,47025175681017"
"1,0894659350214","1,18526356700486","-2,4705781333803"
"1,0894659350214","1,18032777588022","-2,4709271992307"
"1,0894659350214","1,17507957081947","-2,47129720903212"
"1,0894659350214","1,16952418781038","-2,47168990811382"
"1,0894659350214","1,16366337218218","-2,47210355114654"
"1,0894659350214","1,15750410525189","-2,47253813813029"
"1,0894659350214","1,15104987767802","-2,47299366906506"
"1,0894659350214","1,14430767077756","-2,4734683986216"
"1,0894659350214","1,13728446586754","-2,47396407212917"
"1,0894659350214","1,1299889895942","-2,4744789442585"
"1,0894659350214","1,12242822327456","-2,47501301500961"
"1,0894659350214","1,11461438421338","-2,47556453905325"
"1,0894659350214","1,10655619905693","-2,4761335163894"
"1,0894659350214","1,09826588510995","-2,47671820168881"
"1,0894659350214","1,08975216901872","-2,4773185949515"
"1,0894659350214","1,08103075874651","-2,47793469617745"
"1,0894659350214","1,07211038093956","-2,47856476003742"
"1,0894659350214","1,06300848889041","-2,47920704120216"
"1,0894659350214","1,05373555457457","-2,47986153967166"
"1,0894659350214","1,0443072859553","-2,48052651011667"
"1,0894659350214","1,03473764566661","-2,48120195253719"
"1,0894659350214","1,02504059634253","-2,48188612160397"
"1,0894659350214","1,01523359127557","-2,48257901731701"
"1,0894659350214","1,00533059309976","-2,48327714901781"
"1,0894659350214","0,995345564449098","-2,48398226203561"
"1,0894659350214","0,985297703945367","-2,48469086571192"
"1,0894659350214","0,975199228893328","-2,48540296004674"
"1,0894659350214","0,965071083244005","-2,48611854504005"
"1,0894659350214","0,954923738972909","-2,48683413003337"
"1,0894659350214","0,944778140031067","-2,48755146035594"
"1,0894659350214","0,934648249052491","-2,48826530002001"
"1,0894659350214","0,924551519329704","-2,48897739435482"
"1,0894659350214","0,914503658825973","-2,48968774336038"
"1,0894659350214","0,904518630175313","-2,49039285637819"
"1,0894659350214","0,894615631999498","-2,49109098807899"
"1,0894659350214","0,884806881603289","-2,49178388379203"
"1,0894659350214","0,875111577608461","-2,49246805285881"
"1,0894659350214","0,865541937319776","-2,49314349527933"
"1,0894659350214","0,856113668700502","-2,49380846572434"
"1,0894659350214","0,846840734384657","-2,49446296419384"
"1,0894659350214","0,837737097006254","-2,49510524535857"
"1,0894659350214","0,828818464528563","-2,49573530921854"
"1,0894659350214","0,820097054256348","-2,49634966511525"
"1,0894659350214","0,811583338165119","-2,49695180370718"
"1,0894659350214","0,803293024218146","-2,4975364890066"
"1,0894659350214","0,795234839061689","-2,49810546634275"
"1,0894659350214","0,78742100000051","-2,49865699038638"
"1,0894659350214","0,77986023368087","-2,49918931580824"
"1,0894659350214","0,772564757407534","-2,49970418793758"
"1,0894659350214","0,765541552497509","-2,50019986144515"
"1,0894659350214","0,758799345597055","-2,50067633633094"
"1,0894659350214","0,75234511802318","-2,50113186726571"
"1,0894659350214","0,746185851092892","-2,50156645424946"
"1,0894659350214","0,740325035464695","-2,50198009728218"
"1,0894659350214","0,734769652455597","-2,50237279636388"
"1,0894659350214","0,72952144739485","-2,5027428061653"
"1,0894659350214","0,724583910940958","-2,50309012668645"
"1,0894659350214","0,719958788423173","-2,50341824858582"
"1,0894659350214","0,715646079841495","-2,50372193587567"
"1,0894659350214","0,711645785195924","-2,50400467921449"
"1,0894659350214","0,707954413827956","-2,50426473327304"
"1,0894659350214","0,704568475079087","-2,50450384338056"
"1,0894659350214","0,701486223620065","-2,50472026420781"
"1,0894659350214","0,698700678133882","-2,50491748641329"
"1,0894659350214","0,69620485730353","-2,50509376466774"
"1,0894659350214","0,693990034482749","-2,50525084430042"
"1,0894659350214","0,69204748302528","-2,50538697998207"
"1,0894659350214","0,690364985626357","-2,50550566237121"
"1,0894659350214","0,688930324981218","-2,50560689146782"
"1,0894659350214","0,687729538455846","-2,50569241260117"
"1,0894659350214","0,686746918086973","-2,50576222577125"
"1,0894659350214","0,685963265252827","-2,50581633097806"
"1,0894659350214","0,685362871990141","-2,50585821888011"
"1,0894659350214","0,684923049018639","-2,50588963480665"
"1,0894659350214","0,684622852387296","-2,50591057875767"
"1,0894659350214","0,684436102157332","-2,50592454139169"
"1,0894659350214","0,684338363719221","-2,50593152270869"
"1,0894659350214","0,684301711804929","-2,50593326803795"
"1,0894659350214","0,684296475817173","-2,5059350133672"
"1,0894659350214","0,684301711804929","-2,50593326803795"
"1,0894659350214","0,684338363719221","-2,50593152270869"
"1,0894659350214","0,684436102157332","-2,50592454139169"
"1,0894659350214","0,684622852387296","-2,50591057875767"
"1,0894659350214","0,684923049018639","-2,50588963480665"
"1,0894659350214","0,685362871990141","-2,50585821888011"
"1,0894659350214","0,685963265252827","-2,50581633097806"
"1,0894659350214","0,686746918086973","-2,50576222577125"
"1,0894659350214","0,687729538455846","-2,50569241260117"
"1,0894659350214","0,688930324981218","-2,50560689146782"
"1,0894659350214","0,690364985626357","-2,50550566237121"
"1,0894659350214","0,69204748302528","-2,50538697998207"
"1,0894659350214","0,693990034482749","-2,50525084430042"
"1,0894659350214","0,69620485730353","-2,50509376466774"
"1,0894659350214","0,698700678133882","-2,50491748641329"
"1,0894659350214","0,701486223620065","-2,50472026420781"
"1,0894659350214","0,704568475079087","-2,50450384338056"
"1,0894659350214","0,707954413827956","-2,50426473327304"
"1,0894659350214","0,711645785195924","-2,50400467921449"
"1,0894659350214","0,715646079841495","-2,50372193587567"
"1,0894659350214","0,719958788423173","-2,50341824858582"
"1,0894659350214","0,724583910940958","-2,50309012668645"
"1,0894659350214","0,72952144739485","-2,5027428061653"
"1,0894659350214","0,734769652455597","-2,50237279636388"
"1,0894659350214","0,740325035464695","-2,50198009728218"
"1,0894659350214","0,746185851092892","-2,50156645424946"
"1,0894659350214","0,75234511802318","-2,50113186726571"
"1,0894659350214","0,758799345597055","-2,50067633633094"
"1,0894659350214","0,765541552497509","-2,50019986144515"
"1,0894659350214","0,772564757407534","-2,49970418793758"
"1,0894659350214","0,77986023368087","-2,49918931580824"
"1,0894659350214","0,78742100000051","-2,49865699038638"
"1,0894659350214","0,795234839061689","-2,49810546634275"
"1,0894659350214","0,803293024218146","-2,4975364890066"
"1,0894659350214","0,811583338165119","-2,49695180370718"
"1,0894659350214","0,820097054256348","-2,49634966511525"
"1,0894659350214","0,828818464528563","-2,49573530921854"
"1,0894659350214","0,837737097006254","-2,49510524535857"
"1,0894659350214","0,846840734384657","-2,49446296419384"
"1,0894659350214","0,856113668700502","-2,49380846572434"
"1,0894659350214","0,865541937319776","-2,49314349527933"
"1,0894659350214","0,875111577608461","-2,49246805285881"
"1,0894659350214","0,884806881603289","-2,49178388379203"
"1,0894659350214","0,894615631999498","-2,49109098807899"
"1,0894659350214","0,904518630175313","-2,49039285637819"
"1,0894659350214","0,914503658825973","-2,48968774336038"
"1,0894659350214","0,924551519329704","-2,48897739435482"
"1,0894659350214","0,934648249052491","-2,48826530002001"
"1,0894659350214","0,944778140031067","-2,48755146035594"
"1,0894659350214","0,954923738972909","-2,48683413003337"
"1,0894659350214","0,965071083244005","-2,48611854504005"
"1,0894659350214","0,975199228893328","-2,48540296004674"
"1,0894659350214","0,985297703945367","-2,48469086571192"
"1,0894659350214","0,995345564449098","-2,48398226203561"
"1,0894659350214","1,00533059309976","-2,48327714901781"
"1,0894659350214","1,01523359127557","-2,48257901731701"
"1,0894659350214","1,02504059634253","-2,48188612160397"
"1,0894659350214","1,03473764566661","-2,48120195253719"
"1,0894659350214","1,0443072859553","-2,48052651011667"
"1,0894659350214","1,05373555457457","-2,47986153967166"
"1,0894659350214","1,06300848889041","-2,47920704120216"
"1,0894659350214","1,07211038093956","-2,47856476003742"
"1,0894659350214","1,08103075874651","-2,47793469617745"
"1,0894659350214","1,08975216901872","-2,4773185949515"
"1,0894659350214","1,09826588510995","-2,47671820168881"
"1,0894659350214","1,10655619905693","-2,4761335163894"
"1,0894659350214","1,11461438421338","-2,47556453905325"
"1,0894659350214","1,12242822327456","-2,47501301500961"
"1,0894659350214","1,1299889895942","-2,4744789442585"
"1,0894659350214","1,13728446586754","-2,47396407212917"
"1,0894659350214","1,14430767077756","-2,4734683986216"
"1,0894659350214","1,15104987767802","-2,47299366906506"
"1,0894659350214","1,15750410525189","-2,47253813813029"
"1,0894659350214","1,16366337218218","-2,47210355114654"
"1,0894659350214","1,16952418781038","-2,47168990811382"
"1,0894659350214","1,17507957081947","-2,47129720903212"
"1,0894659350214","1,18032777588022","-2,4709271992307"
"1,0894659350214","1,18526356700486","-2,4705781333803"
"1,0894659350214","1,1898904348519","-2,47025175681017"
"1,0894659350214","1,19420314343358","-2,46994806952033"
"1,0894659350214","1,19820343807915","-2,4696653261815"
"1,0894659350214","1,20189480944712","-2,46940527212296"
"1,0894659350214","1,20528074819598","-2,46916616201543"
"1,0894659350214","1,20836299965501","-2,46894799585893"
"1,0894659350214","1,21114854514119","-2,46875251898271"
"1,0894659350214","1,21364436597154","-2,46857624072826"
"1,0894659350214","1,21585918879232","-2,46841916109558"
"1,0894659350214","1,21780174024979","-2,46828128008467"
"1,0894659350214","1,21948423764871","-2,46816259769554"
"1,0894659350214","1,22091889829385","-2,46806136859892"
"1,0894659350214","1,22211968481923","-2,46797759279483"
"1,0894659350214","1,2231023051881","-2,46790777962475"
"1,0894659350214","1,22388421269299","-2,46785192908868"
"1,0894659350214","1,22448635128493","-2,46781004118663"
"1,0894659350214","1,22492442892718","-2,4677786252601"
"1,0894659350214","1,22522637088778","-2,46775768130907"
"1,0894659350214","1,22541312111774","-2,46774546400431"
"1,0894659350214","1,22551085955585","-2,4677384826873"
"1,0894659350214","1,22554751147014","-2,4677349920288"
"1,0894659350214","1,2255527474579","-2,4677349920288"
"1,08945720837514","1,22555972877491","-2,46772975604104"
"1,08939437652206","1,22560859799396","-2,46770008544376"
"1,08922682491387","1,22574298834637","-2,46761630963966"
"1,08890568433151","1,22599780641716","-2,46745748467773"
"1,08838732154366","1,22640970412063","-2,46720092127769"
"1,0876298486483","1,22701009738331","-2,46682742081776"
"1,08659661373112","1,22783040213175","-2,46631429401768"
"1,08524921954858","1,22890028896322","-2,46564757824341"
"1,08355625017414","1,23024419248726","-2,46481156553171"
"1,08148803501053","1,23188654731339","-2,46378705726079"
"1,07901664878971","1,23384655206338","-2,46256532678439"
"1,0761194022314","1,2361468960175","-2,4611324114685"
"1,07277360605532","1,23880328713904","-2,45947609400836"
"1,06896006163971","1,241829688062","-2,45758939308696"
"1,06466131569205","1,2452435520789","-2,45546358205803"
"1,05986340557832","1,24905186050675","-2,45308993427531"
"1,05455585932301","1,25326508532106","-2,45046321375106"
"1,04872645962134","1,2578919531681","-2,44757992982677"
"1,04236997048558","1,26293770003562","-2,44443484651467"
"1,03547941059871","1,26840756191137","-2,44102621848553"
"1,02805128930222","1,27430502945386","-2,43735230041008"
"1,02008560659612","1,28062661200458","-2,43341134695908"
"1,01158410780965","1,28737754555129","-2,42920510346177"
"1,00254679294283","1,29455084877699","-2,42473356991816"
"0,992978897983394","1,30214477635242","-2,42000023698675"
"0,982887404248363","1,31015583761907","-2,41500859532605"
"0,972279293054741","1,31857705125994","-2,4097603902653"
"0,961163291048789","1,32740143595803","-2,40426085779227"
"0,949553360864523","1,33661851973781","-2,39851697922396"
"0,937458229148202","1,34621783062378","-2,39253399054812"
"0,924893603863095","1,35619238729893","-2,38631887308177"
"0,911875192972469","1,36652648179998","-2,37987686281266"
"0,898418704439593","1,37720964215144","-2,37322017704555"
"0,884541591556986","1,38822441506078","-2,36635579709746"
"0,870263052946421","1,39955858322323","-2,35929070428538"
"0,855602287229668","1,41119643867553","-2,35203886124335"
"0,840581983687005","1,42312052812515","-2,34460724928835"
"0,825221340940203","1,43531339827958","-2,33700808572517"
"0,809546538928042","1,4477575958463","-2,32925358785856"
"0,793576776272294","1,46043392220354","-2,32135422766403"
"0,77733997824099","1,47332143340027","-2,3133204771171"
"0,76086057944366","1,48640442147321","-2,30516804418104"
"0,744161269160578","1,49966019714211","-2,29690740083135"
"0,727271717989029","1,51306781645593","-2,2885507643728"
"0,710216360538541","1,52660633546365","-2,28011384276866"
"0,693021376747892","1,54025481021425","-2,27160710799444"
"0,675716437214369","1,5539922967567","-2,26304626801341"
"0,658327721876749","1,56779610581072","-2,25444354013033"
"0,640883156003066","1,58164354809604","-2,24581288697922"
"0,623410664861351","1,59551367966164","-2,23717001652334"
"0,605939919048887","1,60938381122724","-2,22852540073821"
"0,588495353175204","1,62323125351256","-2,21989649291635"
"0,571106637837585","1,63703506256659","-2,21129376503327"
"0,553801698304061","1,65077080377978","-2,20273292505224"
"0,536606714513413","1,66441927853038","-2,19422619027802"
"0,519551357062924","1,67795954286735","-2,18578926867388"
"0,502661805891375","1,69136716218117","-2,17743263221533"
"0,485962495608293","1,70462293785007","-2,16917198886564"
"0,469483096810963","1,71770418059376","-2,16101781060032"
"0,453246298779659","1,73059343711974","-2,15298580538265"
"0,437276536123911","1,74326976347698","-2,14508644518812"
"0,42160173411175","1,7557139610437","-2,13733020199226"
"0,406241091364948","1,76790683119813","-2,12973278375832"
"0,391220787822285","1,77983092064775","-2,12230117180333"
"0,376560022105533","1,7914670307708","-2,11504758343204"
"0,362281483494967","1,80280119893325","-2,10798423594922"
"0,34840437061236","1,81381771717184","-2,10111985600113"
"0,334947882079484","1,82449913219404","-2,09446142490477"
"0,321929471188858","1,83483497202435","-2,08802115996491"
"0,309364845903751","1,84480778337025","-2,08180604249856"
"0,29726971418743","1,85440883958547","-2,07582305382272"
"0,285659784003164","1,86362592336525","-2,07007742992516"
"0,274543781997212","1,87244856273408","-2,06457964278138"
"0,263935670803591","1,88086977637496","-2,05933143772063"
"0,253844177068559","1,88888083764161","-2,05433805073067"
"0,244276282109126","1,89647651054629","-2,04960471779927"
"0,2352389672423","1,90364981377199","-2,04513492958491"
"0,226737468455835","1,91039900198945","-2,0409286860876"
"0,218771785749733","1,91672232986942","-2,0369877326366"
"0,211343664453245","1,92261805208266","-2,03331381456115"
"0,204453104566372","1,92808791395841","-2,02990518653201"
"0,198096615430608","1,93313540615518","-2,02676010321991"
"0,192267215728947","1,93776227400222","-2,02387507396636"
"0,186959669473633","1,94197549881653","-2,02125009877137"
"0,1821617593599","1,94578380724438","-2,01887645098865"
"0,177863013412238","1,94919592593203","-2,01674889463047"
"0,174049468996631","1,95222407218424","-2,01486219370907"
"0,170703672820557","1,95488046330578","-2,01320762157818"
"0,167806426262247","1,95717906193065","-2,01177470626229"
"0,165335040041423","1,9591408120099","-2,01055123045664"
"0,16326682487781","1,96078316683602","-2,00952846751497"
"0,161573855503375","1,96212707036006","-2,00869070947401"
"0,160226461320835","1,96319521186228","-2,00802399369975"
"0,159193226403655","1,96401726193997","-2,00751261222892"
"0,158435753508289","1,96461765520265","-2,00713911176899"
"0,157917390720447","1,96502955290612","-2,00688254836895"
"0,15759625013808","1,96528437097692","-2,00672372340702"
"0,157428698529889","1,96541701600007","-2,00663994760292"
"0,157365866676817","1,96546763054837","-2,00660853167638"
"0,157357140030557","1,96547461186538","-2,00660504101788"
"0,157357140030557","1,96547461186538","-2,00660504101788"
"0,157357140030557","1,96547461186538","-2,00660504101788"
"0,157357140030557","1,96547461186538","-2,00660504101788"
"0,157357140030557","1,96547461186538","-2,00660504101788"
"0,157357140030557","1,96547461186538","-2,00660504101788"
"0,157357140030557","1,96547461186538","-2,00660504101788"
"0,157357140030557","1,96547461186538","-2,00660504101788"
"0,157357140030557","1,96547461186538","-2,00660504101788"
"0,157357140030557","1,96547461186538","-2,00660504101788"
"0,157357140030557","1,96547461186538","-2,00660504101788"
"0,157357140030557","1,96547461186538","-2,00660504101788"
"0,157357140030557","1,96547461186538","-2,00660504101788"
"0,157357140030557","1,96547461186538","-2,00660504101788"
"0,157357140030557","1,96547461186538","-2,00660504101788"
"0,157357140030557","1,96547461186538","-2,00660504101788"
"0,157357140030557","1,96547461186538","-2,00660504101788"
"0,157357140030557","1,96547461186538","-2,00660504101788"
"0,157357140030557","1,96547461186538","-2,00660504101788"
"0,157357140030557","1,96547461186538","-2,00660504101788"
"0,157357140030557","1,96547461186538","-2,00660504101788"
"0,157357140030557","1,96547461186538","-2,00660504101788"
"0,157357140030557","1,96547461186538","-2,00660504101788"
"0,157357140030557","1,96547461186538","-2,00660504101788"
"0,157357140030557","1,96547461186538","-2,00660504101788"
"0,157357140030557","1,96547461186538","-2,00660504101788"
"0,157357140030557","1,96547461186538","-2,00660504101788"
"0,157357140030557","1,96547461186538","-2,00660504101788"
"0,157357140030557","1,96547461186538","-2,00660504101788"
"0,157357140030557","1,96547461186538","-2,00660504101788"
"0,157357140030557","1,96547461186538","-2,00660504101788"
"0,157357140030557","1,96547461186538","-2,00660504101788"
"0,157357140030557","1,96547461186538","-2,00660504101788"
"0,157357140030557","1,96547461186538","-2,00660504101788"
"0,157357140030557","1,96547461186538","-2,00660504101788"
"0,157357140030557","1,96547461186538","-2,00660504101788"
"0,157357140030557","1,96547461186538","-2,00660504101788"
"0,157357140030557","1,96547461186538","-2,00660504101788"
"0,157357140030557","1,96547461186538","-2,00660504101788"
"0,157357140030557","1,96547461186538","-2,00660504101788"
"0,157357140030557","1,96547461186538","-2,00660504101788"
"0,157357140030557","1,96547461186538","-2,00660504101788"
"0,157357140030557","1,96547461186538","-2,00660504101788"
"0,157357140030557","1,96547461186538","-2,00660504101788"
"0,157357140030557","1,96547461186538","-2,00660504101788"
"0,157357140030557","1,96547461186538","-2,00660504101788"
"0,157357140030557","1,96547461186538","-2,00660504101788"
"0,157357140030557","1,96547461186538","-2,00660504101788"
"0,157357140030557","1,96547461186538","-2,00660504101788"
"0,157357140030557","1,96547461186538","-2,00660504101788"
"0,157357140030557","1,96547461186538","-2,00660504101788"
"0,157357140030557","1,96547461186538","-2,00660504101788"
"0,157357140030557","1,96547461186538","-2,00660504101788"
"0,157357140030557","1,96547461186538","-2,00660504101788"
"0,157357140030557","1,96547461186538","-2,00660504101788"
"0,157357140030557","1,96547461186538","-2,00660504101788"
"0,157357140030557","1,96547461186538","-2,00660504101788"
"0,157357140030557","1,96547461186538","-2,00660504101788"
"0,157357140030557","1,96547461186538","-2,00660504101788"
"0,157357140030557","1,96547461186538","-2,00660504101788"
"0,157357140030557","1,96547461186538","-2,00660504101788"
"0,157357140030557","1,96547461186538","-2,00660504101788"
"0,157357140030557","1,96547461186538","-2,00660504101788"
"0,157357140030557","1,96547461186538","-2,00660504101788"
"0,157357140030557","1,96547461186538","-2,00660504101788"
"0,157357140030557","1,96547461186538","-2,00660504101788"
"0,157357140030557","1,96547461186538","-2,00660504101788"
"0,157357140030557","1,96547461186538","-2,00660504101788"
"0,157357140030557","1,96547461186538","-2,00660504101788"
"0,157357140030557","1,96547461186538","-2,00660504101788"
"0,157357140030557","1,96547461186538","-2,00660504101788"
"0,157357140030557","1,96547461186538","-2,00660504101788"
"0,157357140030557","1,96547461186538","-2,00660504101788"
"0,157357140030557","1,96547461186538","-2,00660504101788"
"0,157357140030557","1,96547461186538","-2,00660504101788"
"0,157357140030557","1,96547461186538","-2,00660504101788"
"0,157357140030557","1,96547461186538","-2,00660504101788"
"0,157357140030557","1,96547461186538","-2,00660504101788"
"0,157357140030557","1,96547461186538","-2,00660504101788"
"0,157357140030557","1,96547461186538","-2,00660504101788"
"0,157357140030557","1,96547461186538","-2,00660504101788"
"0,157357140030557","1,96547461186538","-2,00660504101788"
"0,157357140030557","1,96547461186538","-2,00660504101788"
"0,157357140030557","1,96547461186538","-2,00660504101788"
"0,157357140030557","1,96547461186538","-2,00660504101788"
"0,157357140030557","1,96547461186538","-2,00660504101788"
"0,157357140030557","1,96547461186538","-2,00660504101788"
"0,157357140030557","1,96547461186538","-2,00660504101788"
"0,157357140030557","1,96547461186538","-2,00660504101788"
"0,157357140030557","1,96547461186538","-2,00660504101788"
"0,157357140030557","1,96547461186538","-2,00660504101788"
"0,157357140030557","1,96547461186538","-2,00660504101788"
"0,157357140030557","1,96547461186538","-2,00660504101788"
"0,157357140030557","1,96547461186538","-2,00660504101788"
"0,157357140030557","1,96547461186538","-2,00660504101788"
"0,157357140030557","1,96547461186538","-2,00660504101788"
"0,157357140030557","1,96547461186538","-2,00660504101788"
"0,157357140030557","1,96547461186538","-2,00660504101788"
"0,157357140030557","1,96547461186538","-2,00660504101788"
"0,157357140030557","1,96547461186538","-2,00660504101788"
"0,157357140030557","1,96547461186538","-2,00660504101788"
