t_s,q1_deg,q2_deg,q3_deg,q1d_dps,q2d_dps,q3d_dps,q1dd_dps2,q2dd_dps2,q3dd_dps2,ee_x_mm,ee_y_mm,ee_z_mm
0.0000,0.0000,120.4557,-135.2231,0.0114,-0.0059,0.0191,3.3641,-1.7428,5.6168,98.0000,0.0000,157.0000
0.0100,0.0001,120.4557,-135.2229,0.0451,-0.0234,0.0753,6.6341,-3.4373,11.0771,98.0003,0.0002,157.0004
0.0200,0.0009,120.4553,-135.2216,0.1441,-0.0747,0.2406,12.9785,-6.7268,21.6740,98.0021,0.0015,157.0031
0.0300,0.0030,120.4542,-135.2181,0.3047,-0.1579,0.5088,18.9255,-9.8163,31.6162,98.0070,0.0051,157.0104
0.0400,0.0070,120.4521,-135.2114,0.5226,-0.2710,0.8730,24.4706,-12.7089,40.9040,98.0164,0.0120,157.0242
0.0500,0.0134,120.4488,-135.2006,0.7941,-0.4121,1.3268,29.6168,-15.4128,49.5527,98.0315,0.0230,157.0466
0.0600,0.0229,120.4439,-135.1849,1.1150,-0.5793,1.8640,34.3665,-17.9369,57.5776,98.0537,0.0391,157.0793
0.0700,0.0357,120.4372,-135.1633,1.4814,-0.7708,2.4784,38.7217,-20.2903,64.9942,98.0839,0.0612,157.1239
0.0800,0.0525,120.4285,-135.1353,1.8894,-0.9851,3.1639,42.6842,-22.4821,71.8179,98.1232,0.0899,157.1821
0.0900,0.0735,120.4175,-135.1001,2.3351,-1.2204,3.9147,46.2562,-24.5215,78.0642,98.1727,0.1260,157.2551
0.1000,0.0992,120.4040,-135.0570,2.8145,-1.4755,4.7252,49.4400,-26.4170,83.7486,98.2331,0.1701,157.3444
0.1100,0.1298,120.3880,-135.0056,3.3239,-1.7488,5.5897,52.2387,-28.1770,88.8866,98.3053,0.2228,157.4510
0.1200,0.1657,120.3691,-134.9452,3.8593,-2.0390,6.5029,54.6560,-29.8091,93.4932,98.3899,0.2845,157.5760
0.1300,0.2070,120.3472,-134.8755,4.4170,-2.3450,7.4596,56.6965,-31.3200,97.5837,98.4877,0.3558,157.7205
0.1400,0.2540,120.3222,-134.7960,4.9932,-2.6654,8.4546,58.3659,-32.7160,101.1730,98.5991,0.4371,157.8851
0.1500,0.3069,120.2939,-134.7064,5.5843,-2.9993,9.4830,59.6708,-34.0022,104.2759,98.7246,0.5288,158.0706
0.1600,0.3657,120.2622,-134.6064,6.1866,-3.3455,10.5401,60.6191,-35.1830,106.9070,98.8648,0.6310,158.2777
0.1700,0.4306,120.2270,-134.4956,6.7967,-3.7030,11.6212,61.2197,-36.2618,109.0807,99.0199,0.7442,158.5068
0.1800,0.5016,120.1881,-134.3739,7.4110,-4.0707,12.7217,61.4829,-37.2412,110.8112,99.1902,0.8685,158.7583
0.1900,0.5788,120.1456,-134.2412,8.0264,-4.4478,13.8374,61.4198,-38.1227,112.1126,99.3759,1.0040,159.0327
0.2000,0.6622,120.0992,-134.0972,8.6394,-4.8332,14.9640,61.0430,-38.9072,112.9986,99.5772,1.1509,159.3301
0.2100,0.7516,120.0489,-133.9419,9.2472,-5.2259,16.0974,60.3658,-39.5947,113.4826,99.7941,1.3092,159.6507
0.2200,0.8471,119.9947,-133.7752,9.8468,-5.6251,17.2336,59.4027,-40.1846,113.5782,100.0268,1.4790,159.9945
0.2300,0.9486,119.9364,-133.5972,10.4353,-6.0296,18.3689,58.1691,-40.6756,113.2984,100.2752,1.6603,160.3614
0.2400,1.0558,119.8741,-133.4079,11.0101,-6.4386,19.4996,56.6811,-41.0658,112.6561,100.5392,1.8529,160.7515
0.2500,1.1688,119.8076,-133.2072,11.5689,-6.8509,20.6221,54.9556,-41.3532,111.6640,100.8187,2.0569,161.1644
0.2600,1.2872,119.7370,-132.9954,12.1093,-7.2656,21.7329,53.0099,-41.5351,110.3347,101.1135,2.2720,161.6000
0.2700,1.4109,119.6623,-132.7726,12.6291,-7.6816,22.8288,50.8618,-41.6088,108.6803,101.4234,2.4981,162.0578
0.2800,1.5398,119.5834,-132.5388,13.1265,-8.0978,23.9065,48.5296,-41.5715,106.7130,101.7482,2.7351,162.5376
0.2900,1.6735,119.5004,-132.2944,13.5997,-8.5131,24.9630,46.0315,-41.4205,104.4447,102.0873,2.9826,163.0387
0.3000,1.8118,119.4132,-132.0396,14.0471,-8.9262,25.9954,43.3860,-41.1529,101.8872,102.4407,3.2404,163.5607
0.3100,1.9544,119.3218,-131.7745,14.4674,-9.3361,27.0008,40.6112,-40.7662,99.0521,102.8077,3.5082,164.1030
0.3200,2.1011,119.2264,-131.4996,14.8593,-9.7415,27.9764,37.7254,-40.2584,95.9508,103.1880,3.7858,164.6649
0.3300,2.2516,119.1270,-131.2150,15.2219,-10.1413,28.9198,34.7464,-39.6273,92.5946,103.5811,4.0726,165.2457
0.3400,2.4056,119.0236,-130.9212,15.5543,-10.5341,29.8283,31.6916,-38.8716,88.9947,103.9865,4.3684,165.8446
0.3500,2.5627,118.9163,-130.6184,15.8557,-10.9187,30.6997,28.5777,-37.9903,85.1624,104.4037,4.6728,166.4609
0.3600,2.7227,118.8052,-130.3072,16.1258,-11.2939,31.5316,25.4212,-36.9830,81.1086,104.8319,4.9853,167.0936
0.3700,2.8852,118.6904,-129.9878,16.3642,-11.6584,32.3218,22.2375,-35.8497,76.8444,105.2707,5.3055,167.7419
0.3800,3.0500,118.5721,-129.6607,16.5706,-12.0109,33.0685,19.0415,-34.5911,72.3807,105.7195,5.6330,168.4048
0.3900,3.2166,118.4502,-129.3264,16.7450,-12.3502,33.7695,15.8472,-33.2085,67.7287,106.1774,5.9671,169.0814
0.4000,3.3849,118.3251,-128.9853,16.8875,-12.6751,34.4230,12.6677,-31.7039,62.8992,106.6439,6.3075,169.7706
0.4100,3.5544,118.1967,-128.6380,16.9984,-12.9843,35.0274,9.5154,-30.0798,57.9034,107.1182,6.6537,170.4714
0.4200,3.7248,118.0654,-128.2848,17.0778,-13.2767,35.5811,6.4015,-28.3393,52.7525,107.5997,7.0050,171.1827
0.4300,3.8959,117.9312,-127.9263,17.1264,-13.5511,36.0825,3.3364,-26.4861,47.4578,108.0875,7.3609,171.9034
0.4400,4.0674,117.7944,-127.5631,17.1446,-13.8064,36.5303,0.3297,-24.5247,42.0306,108.5809,7.7210,172.6324
0.4500,4.2388,117.6551,-127.1957,17.1330,-14.0416,36.9231,-2.6102,-22.4598,36.4826,109.0792,8.0846,173.3685
0.4600,4.4100,117.5135,-126.8247,17.0924,-14.2556,37.2599,-5.4756,-20.2969,30.8255,109.5814,8.4511,174.1106
0.4700,4.5807,117.3699,-126.4505,17.0235,-14.4475,37.5396,-8.2599,-18.0420,25.0714,110.0870,8.8200,174.8575
0.4800,4.7505,117.2246,-126.0739,16.9272,-14.6164,37.7613,-10.9570,-15.7014,19.2324,110.5950,9.1907,175.6080
0.4900,4.9192,117.0776,-125.6953,16.8043,-14.7615,37.9243,-13.5620,-13.2821,13.3211,111.1046,9.5625,176.3609
0.5000,5.0866,116.9293,-125.3154,16.6559,-14.8821,38.0278,-16.0707,-10.7914,7.3502,111.6150,9.9350,177.1150
0.5100,5.2523,116.7800,-124.9348,16.4829,-14.9773,38.0713,-18.4794,-8.2369,1.3330,112.1254,10.3075,177.8691
0.5200,5.4162,116.6298,-124.5540,16.2863,-15.0468,38.0544,-20.7854,-5.6267,-4.7172,112.6350,10.6793,178.6220
0.5300,5.5780,116.4790,-124.1737,16.0672,-15.0899,37.9769,-22.9865,-2.9692,-10.7865,113.1430,11.0500,179.3725
0.5400,5.7376,116.3280,-123.7944,15.8266,-15.1062,37.8387,-25.0811,-0.2731,-16.8607,113.6486,11.4189,180.1194
0.5500,5.8946,116.1769,-123.4169,15.5656,-15.0953,37.6397,-27.0680,2.4527,-22.9253,114.1508,11.7854,180.8615
0.5600,6.0489,116.0261,-123.0417,15.2852,-15.0571,37.3802,-28.9468,5.1988,-28.9652,114.6491,12.1490,181.5976
0.5700,6.2003,115.8758,-122.6693,14.9866,-14.9914,37.0604,-30.7171,7.9560,-34.9652,115.1425,12.5091,182.3266
0.5800,6.3486,115.7263,-122.3004,14.6709,-14.8980,36.6809,-32.3791,10.7145,-40.9093,115.6303,12.8650,183.0473
0.5900,6.4937,115.5778,-121.9357,14.3391,-14.7771,36.2422,-33.9333,13.4645,-46.7814,116.1118,13.2163,183.7586
0.6000,6.6354,115.4307,-121.5756,13.9922,-14.6287,35.7452,-35.3803,16.1961,-52.5649,116.5861,13.5625,184.4594
0.6100,6.7735,115.2852,-121.2208,13.6315,-14.4532,35.1909,-36.7212,18.8990,-58.2428,117.0526,13.9029,185.1486
0.6200,6.9080,115.1417,-120.8718,13.2578,-14.2507,34.5804,-37.9568,21.5631,-63.7975,117.5105,14.2370,185.8252
0.6300,7.0387,115.0002,-120.5292,12.8723,-14.0219,33.9150,-39.0884,24.1782,-69.2114,117.9593,14.5645,186.4881
0.6400,7.1655,114.8612,-120.1935,12.4760,-13.7672,33.1962,-40.1171,26.7336,-74.4661,118.3981,14.8847,187.1364
0.6500,7.2882,114.7249,-119.8652,12.0700,-13.4872,32.4256,-41.0441,29.2191,-79.5434,118.8263,15.1972,187.7691
0.6600,7.4069,114.5915,-119.5450,11.6552,-13.1828,31.6053,-41.8704,31.6242,-84.4242,119.2435,15.5016,188.3854
0.6700,7.5213,114.4612,-119.2331,11.2326,-12.8547,30.7372,-42.5971,33.9384,-89.0895,119.6489,15.7974,188.9843
0.6800,7.6315,114.3344,-118.9302,10.8032,-12.5040,29.8235,-43.2251,36.1512,-93.5200,120.0420,16.0842,189.5651
0.6900,7.7374,114.2111,-118.6367,10.3681,-12.1317,28.8668,-43.7551,38.2522,-97.6961,120.4223,16.3618,190.1270
0.7000,7.8389,114.0917,-118.3529,9.9281,-11.7390,27.8696,-44.1877,40.2310,-101.5981,120.7893,16.6296,190.6693
0.7100,7.9360,113.9764,-118.0793,9.4843,-11.3271,26.8348,-44.5231,42.0773,-105.2063,121.1427,16.8874,191.1913
0.7200,8.0286,113.8652,-117.8162,9.0376,-10.8974,25.7655,-44.7613,43.7811,-108.5006,121.4818,17.1349,191.6924
0.7300,8.1167,113.7584,-117.5640,8.5891,-10.4515,24.6648,-44.9021,45.3322,-111.4612,121.8066,17.3719,192.1722
0.7400,8.2004,113.6562,-117.3229,8.1396,-9.9908,23.5362,-44.9449,46.7208,-114.0683,122.1165,17.5980,192.6300
0.7500,8.2795,113.5586,-117.0932,7.6902,-9.5171,22.3834,-44.8887,47.9372,-116.3021,122.4113,17.8131,193.0656
0.7600,8.3542,113.4658,-116.8752,7.2418,-9.0320,21.2102,-44.7322,48.9719,-118.1430,122.6908,18.0171,193.4785
0.7700,8.4243,113.3780,-116.6690,6.7955,-8.5376,20.0206,-44.4737,49.8156,-119.5716,122.9548,18.2097,193.8686
0.7800,8.4901,113.2951,-116.4748,6.3524,-8.0357,18.8188,-44.1110,50.4595,-120.5687,123.2032,18.3910,194.2355
0.7900,8.5514,113.2172,-116.2927,5.9133,-7.5284,17.6092,-43.6416,50.8947,-121.1155,123.4359,18.5608,194.5793
0.8000,8.6083,113.1445,-116.1226,5.4795,-7.0178,16.3964,-43.0625,51.1130,-121.1935,123.6528,18.7191,194.8999
0.8100,8.6610,113.0769,-115.9647,5.0521,-6.5062,15.1853,-42.3701,51.1061,-120.7847,123.8541,18.8660,195.1973
0.8200,8.7094,113.0144,-115.8189,4.6321,-5.9957,13.9808,-41.5606,50.8665,-119.8713,124.0398,19.0015,195.4717
0.8300,8.7536,112.9570,-115.6851,4.2209,-5.4888,12.7879,-40.6295,50.3866,-118.4362,124.2101,19.1258,195.7232
0.8400,8.7938,112.9046,-115.5632,3.8195,-4.9880,11.6120,-39.5719,49.6596,-116.4626,124.3652,19.2390,195.9523
0.8500,8.8300,112.8572,-115.4529,3.4294,-4.4956,10.4586,-38.3824,48.6786,-113.9344,124.5054,19.3412,196.1594
0.8600,8.8624,112.8147,-115.3540,3.0519,-4.0144,9.3333,-37.0553,47.4375,-110.8358,124.6309,19.4329,196.3449
0.8700,8.8910,112.7769,-115.2662,2.6883,-3.5469,8.2419,-35.5842,45.9303,-107.1516,124.7423,19.5142,196.5095
0.8800,8.9161,112.7438,-115.1892,2.3402,-3.0958,7.1903,-33.9624,44.1513,-102.8672,124.8401,19.5855,196.6540
0.8900,8.9378,112.7150,-115.1224,2.0091,-2.6639,6.1846,-32.1829,42.0953,-97.9682,124.9247,19.6472,196.7790
0.9000,8.9563,112.6905,-115.0655,1.6965,-2.2539,5.2309,-30.2380,39.7574,-92.4408,124.9969,19.6999,196.8856
0.9100,8.9718,112.6699,-115.0178,1.4043,-1.8687,4.3358,-28.1201,37.1327,-86.2717,125.0573,19.7440,196.9749
0.9200,8.9844,112.6531,-114.9788,1.1341,-1.5112,3.5055,-25.8209,34.2169,-79.4477,125.1068,19.7801,197.0479
0.9300,8.9945,112.6397,-114.9477,0.8879,-1.1844,2.7468,-23.3323,31.0056,-71.9559,125.1461,19.8088,197.1061
0.9400,9.0022,112.6294,-114.9238,0.6675,-0.8911,2.0664,-20.6459,27.4946,-63.7836,125.1763,19.8309,197.1507
0.9500,9.0078,112.6219,-114.9064,0.4750,-0.6345,1.4711,-17.7532,23.6796,-54.9183,125.1985,19.8470,197.1834
0.9600,9.0117,112.6167,-114.8944,0.3124,-0.4175,0.9680,-14.6460,19.5565,-45.3471,125.2136,19.8580,197.2058
0.9700,9.0141,112.6135,-114.8870,0.1821,-0.2434,0.5642,-11.3162,15.1207,-35.0573,125.2230,19.8649,197.2196
0.9800,9.0153,112.6119,-114.8831,0.0861,-0.1151,0.2669,-7.7560,10.3677,-24.0357,125.2279,19.8685,197.2269
0.9900,9.0158,112.6112,-114.8817,0.0269,-0.0360,0.0835,-3.9635,5.2991,-12.2847,125.2297,19.8698,197.2296
1.0000,9.0159,112.6111,-114.8814,0.0068,-0.0091,0.0212,-2.0097,2.6871,-6.2292,125.2300,19.8700,197.2300
1.0100,9.0159,112.6111,-114.8814,0.0000,0.0000,0.0000,0.0000,0.0000,-0.0000,125.2300,19.8700,197.2300
1.0200,9.0159,112.6111,-114.8814,0.0000,0.0000,-0.0000,0.0000,0.0000,-0.0000,125.2300,19.8700,197.2300
1.0300,9.0159,112.6111,-114.8814,0.0000,0.0000,-0.0000,-0.0000,0.0000,0.0000,125.2300,19.8700,197.2300
1.0400,9.0159,112.6111,-114.8814,0.0000,0.0000,0.0000,-0.0000,-0.0000,0.0000,125.2300,19.8700,197.2300
1.0500,9.0159,112.6111,-114.8814,0.0000,0.0000,0.0000,-0.0000,0.0000,0.0000,125.2300,19.8700,197.2300
1.0600,9.0159,112.6111,-114.8814,-0.0000,0.0000,0.0000,0.0000,0.0000,0.0000,125.2300,19.8700,197.2300
1.0700,9.0159,112.6111,-114.8814,0.0000,0.0000,0.0000,0.0000,0.0000,0.0000,125.2300,19.8700,197.2300
1.0800,9.0159,112.6111,-114.8814,0.0000,0.0000,0.0000,-0.0000,0.0000,0.0000,125.2300,19.8700,197.2300
1.0900,9.0159,112.6111,-114.8814,-0.0000,0.0000,0.0000,0.0000,0.0000,0.0000,125.2300,19.8700,197.2300
1.1000,9.0159,112.6111,-114.8814,0.0000,0.0000,0.0000,0.0000,0.0000,0.0000,125.2300,19.8700,197.2300
1.1100,9.0159,112.6111,-114.8814,0.0000,0.0000,0.0000,-0.0000,0.0000,0.0000,125.2300,19.8700,197.2300
1.1200,9.0159,112.6111,-114.8814,-0.0000,0.0000,0.0000,-0.0000,0.0000,0.0000,125.2300,19.8700,197.2300
1.1300,9.0159,112.6111,-114.8814,0.0000,0.0000,0.0000,0.0000,0.0000,0.0000,125.2300,19.8700,197.2300
1.1400,9.0159,112.6111,-114.8814,0.0000,0.0000,0.0000,0.0000,-0.0000,0.0000,125.2300,19.8700,197.2300
1.1500,9.0159,112.6111,-114.8814,0.0000,-0.0000,0.0000,0.0000,-0.0000,0.0000,125.2300,19.8700,197.2300
1.1600,9.0159,112.6111,-114.8814,0.0000,0.0000,0.0000,0.0000,0.0000,0.0000,125.2300,19.8700,197.2300
1.1700,9.0159,112.6111,-114.8814,0.0000,0.0000,0.0000,0.0000,-0.0000,0.0000,125.2300,19.8700,197.2300
1.1800,9.0159,112.6111,-114.8814,0.0000,-0.0000,0.0000,0.0000,-0.0000,0.0000,125.2300,19.8700,197.2300
1.1900,9.0159,112.6111,-114.8814,0.0000,0.0000,0.0000,0.0000,0.0000,0.0000,125.2300,19.8700,197.2300
1.2000,9.0159,112.6111,-114.8814,0.0000,0.0000,0.0000,0.0000,-0.0000,0.0000,125.2300,19.8700,197.2300
1.2100,9.0159,112.6111,-114.8814,0.0000,-0.0000,0.0000,0.0000,-0.0000,0.0000,125.2300,19.8700,197.2300
1.2200,9.0159,112.6111,-114.8814,0.0000,0.0000,0.0000,0.0000,0.0000,0.0000,125.2300,19.8700,197.2300
1.2300,9.0159,112.6111,-114.8814,0.0000,0.0000,0.0000,0.0000,-0.0000,0.0000,125.2300,19.8700,197.2300
1.2400,9.0159,112.6111,-114.8814,0.0000,-0.0000,0.0000,0.0000,-0.0000,0.0000,125.2300,19.8700,197.2300
1.2500,9.0159,112.6111,-114.8814,0.0000,0.0000,0.0000,0.0000,0.0000,0.0000,125.2300,19.8700,197.2300
1.2600,9.0159,112.6111,-114.8814,0.0000,0.0000,0.0000,0.0000,0.0000,0.0000,125.2300,19.8700,197.2300
1.2700,9.0159,112.6111,-114.8814,0.0000,0.0000,0.0000,0.0000,0.0000,-0.0000,125.2300,19.8700,197.2300
1.2800,9.0159,112.6111,-114.8814,0.0000,0.0000,-0.0000,-0.0000,0.0000,0.0000,125.2300,19.8700,197.2300
1.2900,9.0159,112.6111,-114.8814,-0.0000,0.0000,0.0000,-0.0000,0.0000,0.0000,125.2300,19.8700,197.2300
1.3000,9.0159,112.6111,-114.8814,0.0000,0.0000,0.0000,0.0000,0.0000,-0.0000,125.2300,19.8700,197.2300
1.3100,9.0159,112.6111,-114.8814,0.0000,0.0000,0.0000,0.0000,0.0000,0.0000,125.2300,19.8700,197.2300
1.3200,9.0159,112.6111,-114.8814,0.0000,0.0000,0.0000,0.0000,0.0000,0.0000,125.2300,19.8700,197.2300
1.3300,9.0159,112.6111,-114.8814,0.0000,0.0000,0.0000,0.0000,0.0000,0.0000,125.2300,19.8700,197.2300
1.3400,9.0159,112.6111,-114.8814,0.0000,0.0000,0.0000,0.0000,0.0000,-0.0000,125.2300,19.8700,197.2300
1.3500,9.0159,112.6111,-114.8814,0.0000,0.0000,-0.0000,-0.0000,0.0000,0.0000,125.2300,19.8700,197.2300
1.3600,9.0159,112.6111,-114.8814,-0.0000,0.0000,0.0000,-0.0000,0.0000,0.0000,125.2300,19.8700,197.2300
1.3700,9.0159,112.6111,-114.8814,0.0000,0.0000,0.0000,0.0000,0.0000,-0.0000,125.2300,19.8700,197.2300
1.3800,9.0159,112.6111,-114.8814,0.0000,0.0000,0.0000,0.0000,0.0000,0.0000,125.2300,19.8700,197.2300
1.3900,9.0159,112.6111,-114.8814,0.0000,0.0000,0.0000,0.0000,0.0000,0.0000,125.2300,19.8700,197.2300
1.4000,9.0159,112.6111,-114.8814,0.0000,0.0000,0.0000,0.0000,0.0000,-0.0000,125.2300,19.8700,197.2300
1.4100,9.0159,112.6111,-114.8814,0.0000,0.0000,-0.0000,-0.0000,0.0000,0.0000,125.2300,19.8700,197.2300
1.4200,9.0159,112.6111,-114.8814,-0.0000,0.0000,0.0000,-0.0000,0.0000,0.0000,125.2300,19.8700,197.2300
1.4300,9.0159,112.6111,-114.8814,0.0000,0.0000,0.0000,0.0000,0.0000,-0.0000,125.2300,19.8700,197.2300
1.4400,9.0159,112.6111,-114.8814,0.0000,0.0000,0.0000,0.0000,0.0000,0.0000,125.2300,19.8700,197.2300
1.4500,9.0159,112.6111,-114.8814,0.0000,0.0000,0.0000,0.0000,0.0000,0.0000,125.2300,19.8700,197.2300
1.4600,9.0159,112.6111,-114.8814,0.0000,0.0000,0.0000,0.0000,0.0000,-0.0000,125.2300,19.8700,197.2300
1.4700,9.0159,112.6111,-114.8814,0.0000,0.0000,-0.0000,-0.0000,0.0000,0.0000,125.2300,19.8700,197.2300
1.4800,9.0159,112.6111,-114.8814,-0.0000,0.0000,0.0000,-0.0000,0.0000,0.0000,125.2300,19.8700,197.2300
1.4900,9.0159,112.6111,-114.8814,0.0000,0.0000,0.0000,0.0000,0.0000,-0.0000,125.2300,19.8700,197.2300
1.5000,9.0159,112.6111,-114.8814,0.0000,0.0000,0.0000,0.0000,0.0000,0.0000,125.2300,19.8700,197.2300
1.5100,9.0159,112.6111,-114.8814,0.0000,0.0000,0.0000,0.0000,0.0000,0.0000,125.2300,19.8700,197.2300
1.5200,9.0159,112.6111,-114.8814,0.0000,0.0000,0.0000,0.0000,0.0000,0.0000,125.2300,19.8700,197.2300
1.5300,9.0159,112.6111,-114.8814,0.0000,0.0000,0.0000,0.0000,0.0000,0.0000,125.2300,19.8700,197.2300
1.5400,9.0159,112.6111,-114.8814,0.0000,0.0000,0.0000,0.0000,0.0000,0.0000,125.2300,19.8700,197.2300
1.5500,9.0159,112.6111,-114.8814,0.0000,0.0000,0.0000,0.0000,0.0000,0.0000,125.2300,19.8700,197.2300
1.5600,9.0159,112.6111,-114.8814,0.0000,0.0000,0.0000,0.0000,0.0000,-0.0000,125.2300,19.8700,197.2300
1.5700,9.0159,112.6111,-114.8814,0.0000,0.0000,-0.0000,-0.0000,-0.0000,0.0000,125.2300,19.8700,197.2300
1.5800,9.0159,112.6111,-114.8814,-0.0000,-0.0000,0.0000,-0.0000,-0.0000,0.0000,125.2300,19.8700,197.2300
1.5900,9.0159,112.6111,-114.8814,0.0000,0.0000,0.0000,0.0000,0.0000,-0.0000,125.2300,19.8700,197.2300
1.6000,9.0159,112.6111,-114.8814,0.0000,0.0000,0.0000,0.0000,0.0000,0.0000,125.2300,19.8700,197.2300
1.6100,9.0159,112.6111,-114.8814,0.0000,0.0000,0.0000,0.0000,0.0000,0.0000,125.2300,19.8700,197.2300
1.6200,9.0159,112.6111,-114.8814,0.0000,0.0000,0.0000,0.0000,0.0000,0.0000,125.2300,19.8700,197.2300
1.6300,9.0159,112.6111,-114.8814,0.0000,0.0000,0.0000,0.0000,0.0000,0.0000,125.2300,19.8700,197.2300
1.6400,9.0159,112.6111,-114.8814,0.0000,0.0000,0.0000,0.0000,0.0000,0.0000,125.2300,19.8700,197.2300
1.6500,9.0159,112.6111,-114.8814,0.0000,0.0000,0.0000,0.0000,0.0000,0.0000,125.2300,19.8700,197.2300
1.6600,9.0159,112.6111,-114.8814,0.0000,0.0000,0.0000,0.0000,0.0000,0.0000,125.2300,19.8700,197.2300
1.6700,9.0159,112.6111,-114.8814,0.0000,0.0000,0.0000,0.0000,0.0000,0.0000,125.2300,19.8700,197.2300
1.6800,9.0159,112.6111,-114.8814,0.0000,0.0000,0.0000,0.0000,0.0000,0.0000,125.2300,19.8700,197.2300
1.6900,9.0159,112.6111,-114.8814,0.0000,0.0000,0.0000,0.0000,0.0000,-0.0000,125.2300,19.8700,197.2300
1.7000,9.0159,112.6111,-114.8814,0.0000,0.0000,-0.0000,-0.0000,-0.0000,0.0000,125.2300,19.8700,197.2300
1.7100,9.0159,112.6111,-114.8814,-0.0000,-0.0000,0.0000,-0.0000,-0.0000,0.0000,125.2300,19.8700,197.2300
1.7200,9.0159,112.6111,-114.8814,0.0000,0.0000,0.0000,0.0000,0.0000,-0.0000,125.2300,19.8700,197.2300
1.7300,9.0159,112.6111,-114.8814,0.0000,0.0000,0.0000,0.0000,0.0000,0.0000,125.2300,19.8700,197.2300
1.7400,9.0159,112.6111,-114.8814,0.0000,0.0000,0.0000,0.0000,0.0000,0.0000,125.2300,19.8700,197.2300
1.7500,9.0159,112.6111,-114.8814,0.0000,0.0000,0.0000,0.0000,0.0000,0.0000,125.2300,19.8700,197.2300
1.7600,9.0159,112.6111,-114.8814,0.0000,0.0000,0.0000,0.0000,0.0000,0.0000,125.2300,19.8700,197.2300
1.7700,9.0159,112.6111,-114.8814,0.0000,0.0000,0.0000,0.0000,0.0000,0.0000,125.2300,19.8700,197.2300
1.7800,9.0159,112.6111,-114.8814,0.0000,0.0000,0.0000,0.0000,0.0000,0.0000,125.2300,19.8700,197.2300
1.7900,9.0159,112.6111,-114.8814,0.0000,0.0000,0.0000,0.0000,0.0000,0.0000,125.2300,19.8700,197.2300
1.8000,9.0159,112.6111,-114.8814,0.0000,0.0000,0.0000,0.0000,0.0000,0.0000,125.2300,19.8700,197.2300
1.8100,9.0159,112.6111,-114.8814,0.0000,0.0000,0.0000,0.0000,0.0000,0.0000,125.2300,19.8700,197.2300
1.8200,9.0159,112.6111,-114.8814,0.0000,0.0000,0.0000,0.0000,0.0000,-0.0000,125.2300,19.8700,197.2300
1.8300,9.0159,112.6111,-114.8814,0.0000,0.0000,-0.0000,-0.0000,-0.0000,0.0000,125.2300,19.8700,197.2300
1.8400,9.0159,112.6111,-114.8814,-0.0000,-0.0000,0.0000,-0.0000,-0.0000,0.0000,125.2300,19.8700,197.2300
1.8500,9.0159,112.6111,-114.8814,0.0000,0.0000,0.0000,0.0000,0.0000,-0.0000,125.2300,19.8700,197.2300
1.8600,9.0159,112.6111,-114.8814,0.0000,0.0000,0.0000,0.0000,0.0000,0.0000,125.2300,19.8700,197.2300
1.8700,9.0159,112.6111,-114.8814,0.0000,0.0000,0.0000,0.0000,0.0000,0.0000,125.2300,19.8700,197.2300
1.8800,9.0159,112.6111,-114.8814,0.0000,0.0000,0.0000,0.0000,0.0000,0.0000,125.2300,19.8700,197.2300
1.8900,9.0159,112.6111,-114.8814,0.0000,0.0000,0.0000,0.0000,0.0000,0.0000,125.2300,19.8700,197.2300
1.9000,9.0159,112.6111,-114.8814,0.0000,0.0000,0.0000,0.0000,0.0000,0.0000,125.2300,19.8700,197.2300
1.9100,9.0159,112.6111,-114.8814,0.0000,0.0000,0.0000,0.0000,0.0000,0.0000,125.2300,19.8700,197.2300
1.9200,9.0159,112.6111,-114.8814,0.0000,0.0000,0.0000,0.0000,0.0000,0.0000,125.2300,19.8700,197.2300
1.9300,9.0159,112.6111,-114.8814,0.0000,0.0000,0.0000,0.0000,0.0000,0.0000,125.2300,19.8700,197.2300
1.9400,9.0159,112.6111,-114.8814,0.0000,0.0000,0.0000,0.0000,0.0000,-0.0000,125.2300,19.8700,197.2300
1.9500,9.0159,112.6111,-114.8814,0.0000,0.0000,-0.0000,-0.0000,-0.0000,0.0000,125.2300,19.8700,197.2300
1.9600,9.0159,112.6111,-114.8814,-0.0000,-0.0000,0.0000,-0.0000,-0.0000,0.0000,125.2300,19.8700,197.2300
1.9700,9.0159,112.6111,-114.8814,0.0000,0.0000,0.0000,0.0000,0.0000,-0.0000,125.2300,19.8700,197.2300
1.9800,9.0159,112.6111,-114.8814,0.0000,0.0000,0.0000,0.0000,0.0000,0.0000,125.2300,19.8700,197.2300
1.9900,9.0159,112.6111,-114.8814,0.0000,0.0000,0.0000,0.0000,0.0000,0.0000,125.2300,19.8700,197.2300
2.0000,9.0159,112.6111,-114.8814,0.0000,0.0000,0.0000,0.0000,0.0000,0.0000,125.2300,19.8700,197.2300
2.0100,9.0161,112.6110,-114.8819,0.0826,-0.0568,-0.1923,12.1586,-8.3628,-28.2977,125.2305,19.8705,197.2285
2.0200,9.0175,112.6100,-114.8853,0.2641,-0.1817,-0.6148,23.7845,-16.3792,-55.3567,125.2336,19.8743,197.2186
2.0300,9.0213,112.6074,-114.8942,0.5583,-0.3844,-1.2994,34.6774,-23.9435,-80.7119,125.2421,19.8842,197.1920
2.0400,9.0287,112.6023,-114.9113,0.9577,-0.6605,-2.2290,44.8245,-31.0941,-104.3360,125.2582,19.9032,197.1413
2.0500,9.0405,112.5942,-114.9388,1.4548,-1.0063,-3.3862,54.2262,-37.8905,-126.2323,125.2842,19.9338,197.0595
2.0600,9.0578,112.5822,-114.9790,2.0422,-1.4184,-4.7537,62.8807,-44.3989,-146.3996,125.3221,19.9786,196.9399
2.0700,9.0813,112.5658,-115.0339,2.7124,-1.8942,-6.3142,70.7853,-50.6897,-164.8341,125.3740,20.0398,196.7765
2.0800,9.1120,112.5443,-115.1053,3.4579,-2.4321,-8.0503,77.9370,-56.8349,-181.5309,125.4416,20.1195,196.5637
2.0900,9.1505,112.5171,-115.1949,4.2712,-3.0309,-9.9448,84.3333,-62.9059,-196.4861,125.5266,20.2196,196.2964
2.1000,9.1974,112.4837,-115.3042,5.1446,-3.6903,-11.9801,89.9729,-68.9721,-209.6970,125.6304,20.3419,195.9697
2.1100,9.2534,112.4433,-115.4345,6.0706,-4.4104,-14.1387,94.8562,-75.0990,-221.1640,125.7543,20.4880,195.5795
2.1200,9.3189,112.3955,-115.5870,7.0417,-5.1922,-16.4033,98.9861,-81.3469,-230.8911,125.8997,20.6594,195.1218
2.1300,9.3942,112.3395,-115.7626,8.0503,-6.0373,-18.7565,102.3678,-87.7701,-238.8868,126.0676,20.8573,194.5933
2.1400,9.4799,112.2747,-115.9621,9.0891,-6.9476,-21.1811,105.0099,-94.4159,-245.1645,126.2590,21.0829,193.9909
2.1500,9.5760,112.2005,-116.1862,10.1505,-7.9256,-23.6598,106.9238,-101.3236,-249.7427,126.4746,21.3371,193.3119
2.1600,9.6829,112.1162,-116.4353,11.2275,-8.9741,-26.1759,108.1246,-108.5244,-252.6458,126.7154,21.6209,192.5542
2.1700,9.8006,112.0211,-116.7097,12.3130,-10.0961,-28.7127,108.6307,-116.0407,-253.9035,126.9817,21.9348,191.7157
2.1800,9.9291,111.9143,-117.0095,13.4002,-11.2949,-31.2540,108.4641,-123.8860,-253.5514,127.2742,22.2796,190.7950
2.1900,10.0686,111.7952,-117.3348,14.4823,-12.5739,-33.7838,107.6499,-132.0643,-251.6307,127.5932,22.6556,189.7908
2.2000,10.2188,111.6628,-117.6852,15.5532,-13.9362,-36.2866,106.2168,-140.5706,-248.1877,127.9389,23.0631,188.7024
2.2100,10.3796,111.5164,-118.0605,16.6067,-15.3853,-38.7475,104.1964,-149.3902,-243.2740,128.3116,23.5024,187.5293
2.2200,10.5509,111.3551,-118.4602,17.6371,-16.9240,-41.1521,101.6230,-158.4991,-236.9458,128.7113,23.9735,186.2711
2.2300,10.7324,111.1780,-118.8835,18.6391,-18.5552,-43.4864,98.5334,-167.8639,-229.2638,129.1379,24.4764,184.9281
2.2400,10.9237,110.9840,-119.3299,19.6078,-20.2813,-45.7374,94.9668,-177.4419,-220.2928,129.5914,25.0109,183.5006
2.2500,11.1245,110.7723,-119.7983,20.5384,-22.1041,-47.8923,90.9639,-187.1812,-210.1011,130.0714,25.5768,181.9894
2.2600,11.3345,110.5419,-120.2877,21.4270,-24.0249,-49.9394,86.5668,-197.0208,-198.7604,130.5778,26.1737,180.3954
2.2700,11.5531,110.2918,-120.7971,22.2698,-26.0445,-51.8675,81.8188,-206.8910,-186.3451,131.1101,26.8011,178.7198
2.2800,11.7799,110.0210,-121.3251,23.0634,-28.1627,-53.6663,76.7635,-216.7133,-172.9325,131.6678,27.4585,176.9641
2.2900,12.0143,109.7286,-121.8704,23.8051,-30.3788,-55.3262,71.4447,-226.4008,-158.6019,132.2504,28.1453,175.1301
2.3000,12.2560,109.4135,-122.4316,24.4923,-32.6908,-56.8383,65.9060,-235.8588,-143.4349,132.8573,28.8606,173.2197
2.3100,12.5042,109.0748,-123.0072,25.1232,-35.0959,-58.1949,60.1902,-244.9849,-127.5152,133.4877,29.6037,171.2352
2.3200,12.7584,108.7115,-123.5955,25.6961,-37.5905,-59.3886,54.3392,-253.6695,-110.9279,134.1409,30.3737,169.1788
2.3300,13.0181,108.3230,-124.1949,26.2100,-40.1693,-60.4134,48.3935,-261.7970,-93.7601,134.8161,31.1696,167.0533
2.3400,13.2826,107.9082,-124.8038,26.6640,-42.8264,-61.2638,42.3917,-269.2459,-76.1007,135.5124,31.9904,164.8614
2.3500,13.5514,107.4664,-125.4202,27.0578,-45.5543,-61.9354,36.3709,-275.8905,-58.0402,136.2289,32.8349,162.6060
2.3600,13.8238,106.9971,-126.0425,27.3914,-48.3442,-62.4246,30.3654,-281.6016,-39.6711,136.9645,33.7020,160.2904
2.3700,14.0992,106.4995,-126.6687,27.6651,-51.1863,-62.7288,24.4077,-286.2483,-21.0876,137.7182,34.5904,157.9178
2.3800,14.3771,105.9733,-127.2971,27.8795,-54.0692,-62.8464,18.5275,-289.6995,-2.3860,138.4889,35.4988,155.4917
2.3900,14.6568,105.4182,-127.9256,28.0357,-56.9803,-62.7766,12.7517,-291.8262,16.3354,139.2754,36.4260,153.0156
2.4000,14.9378,104.8337,-128.5526,28.1346,-59.9057,-62.5197,7.1049,-292.5032,34.9764,140.0767,37.3705,150.4933
2.4100,15.2195,104.2200,-129.1760,28.1777,-62.8303,-62.0770,1.6086,-291.6122,53.4347,140.8914,38.3308,147.9286
2.4200,15.5013,103.5771,-129.7941,28.1668,-65.7379,-61.4510,-3.7182,-289.0442,71.6063,141.7183,39.3055,145.3255
2.4300,15.7828,102.9053,-130.4051,28.1034,-68.6112,-60.6449,-8.8593,-284.7021,89.3857,142.5562,40.2932,142.6879
2.4400,16.0634,102.2049,-131.0070,27.9896,-71.4320,-59.6633,-13.8009,-278.5045,106.6660,143.4037,41.2922,140.0201
2.4500,16.3426,101.4766,-131.5983,27.8274,-74.1813,-58.5116,-18.5320,-270.3879,123.3398,144.2595,42.3009,137.3261
2.4600,16.6200,100.7213,-132.1773,27.6189,-76.8397,-57.1965,-23.0437,-260.3099,139.2999,145.1222,43.3179,134.6102
2.4700,16.8950,99.9398,-132.7423,27.3665,-79.3875,-55.7256,-27.3296,-248.2520,154.4398,145.9905,44.3414,131.8768
2.4800,17.1673,99.1335,-133.2918,27.0723,-81.8048,-54.1077,-31.3852,-234.2220,168.6550,146.8630,45.3698,129.1302
2.4900,17.4364,98.3038,-133.8244,26.7388,-84.0719,-52.3525,-35.2081,-218.2556,181.8443,147.7383,46.4016,126.3748
2.5000,17.7021,97.4521,-134.3388,26.3682,-86.1699,-50.4708,-38.7973,-200.4179,193.9110,148.6150,47.4350,123.6150
2.5100,17.9638,96.5804,-134.8338,25.9628,-88.0803,-48.4743,-42.1538,-180.8036,204.7645,149.4917,48.4684,120.8552
2.5200,18.2213,95.6905,-135.3083,25.5251,-89.7860,-46.3755,-45.2797,-159.5370,214.3220,150.3670,49.5002,118.0998
2.5300,18.4743,94.7846,-135.7613,25.0572,-91.2710,-44.1878,-48.1784,-136.7708,222.5098,151.2395,50.5286,115.3532
2.5400,18.7225,93.8651,-136.1921,24.5615,-92.5214,-41.9253,-50.8544,-112.6833,229.2655,152.1078,51.5521,112.6198
2.5500,18.9655,92.9342,-136.5998,24.0402,-93.5247,-39.6025,-53.3130,-87.4762,234.5389,152.9705,52.5691,109.9039
2.5600,19.2033,91.9946,-136.9841,23.4953,-94.2709,-37.2345,-55.5603,-61.3700,238.2943,153.8263,53.5778,107.2099
2.5700,19.4354,91.0488,-137.3445,22.9290,-94.7521,-34.8366,-57.6027,-34.5997,240.5111,154.6738,54.5768,104.5421
2.5800,19.6618,90.0995,-137.6808,22.3432,-94.9629,-32.4243,-59.4473,-7.4099,241.1850,155.5117,55.5645,101.9045
2.5900,19.8823,89.1495,-137.9930,21.7400,-94.9003,-30.0129,-61.1013,19.9509,240.3287,156.3386,56.5392,99.3014
2.6000,20.0966,88.2015,-138.2811,21.1212,-94.5639,-27.6177,-62.5722,47.2357,237.9726,157.1533,57.4995,96.7367
2.6100,20.3047,87.2583,-138.5454,20.4886,-93.9556,-25.2535,-63.8673,74.2039,234.1641,157.9546,58.4440,94.2144
2.6200,20.5064,86.3224,-138.7862,19.8438,-93.0798,-22.9345,-64.9941,100.6266,228.9675,158.7411,59.3712,91.7383
2.6300,20.7016,85.3967,-139.0041,19.1887,-91.9431,-20.6741,-65.9597,126.2906,222.4634,159.5118,60.2796,89.3122
2.6400,20.8902,84.4836,-139.1997,18.5247,-90.5540,-18.4852,-66.7710,151.0019,214.7469,160.2655,61.1680,86.9396
2.6500,21.0721,83.5856,-139.3738,17.8533,-88.9230,-16.3792,-67.4347,174.5884,205.9266,161.0011,62.0351,84.6240
2.6600,21.2473,82.7051,-139.5272,17.1760,-87.0622,-14.3667,-67.9569,196.9012,196.1223,161.7176,62.8796,82.3686
2.6700,21.4156,81.8443,-139.6611,16.4941,-84.9850,-12.4568,-68.3433,217.8160,185.4634,162.4139,63.7004,80.1767
2.6800,21.5771,81.0054,-139.7764,15.8091,-82.7059,-10.6574,-68.5992,237.2323,174.0863,163.0891,64.4963,78.0512
2.6900,21.7318,80.1902,-139.8742,15.1221,-80.2404,-8.9750,-68.7290,255.0727,162.1322,163.7423,65.2663,75.9948
2.7000,21.8796,79.4006,-139.9559,14.4345,-77.6044,-7.4147,-68.7369,271.2815,149.7450,164.3727,66.0094,74.0103
2.7100,22.0205,78.6381,-140.0225,13.7474,-74.8147,-5.9801,-68.6260,285.8221,137.0687,164.9796,66.7247,72.0999
2.7200,22.1545,77.9043,-140.0755,13.0620,-71.8880,-4.6734,-68.3990,298.6750,124.2455,165.5622,67.4115,70.2659
2.7300,22.2817,77.2004,-140.1160,12.3794,-68.8412,-3.4952,-68.0578,309.8346,111.4139,166.1199,68.0689,68.5102
2.7400,22.4021,76.5275,-140.1454,11.7008,-65.6913,-2.4451,-67.6034,319.3070,98.7065,166.6522,68.6963,66.8346
2.7500,22.5157,75.8865,-140.1649,11.0274,-62.4551,-1.5211,-67.0362,327.1063,86.2488,167.1586,69.2932,65.2406
2.7600,22.6227,75.2784,-140.1758,10.3601,-59.1492,-0.7201,-66.3557,333.2529,74.1575,167.6386,69.8591,63.7294
2.7700,22.7230,74.7036,-140.1793,9.7002,-55.7900,-0.0379,-65.5604,337.7705,62.5395,168.0921,70.3936,62.3019
2.7800,22.8167,74.1626,-140.1766,9.0489,-52.3938,0.5307,-64.6483,340.6840,51.4910,168.5187,70.8965,60.9589
2.7900,22.9039,73.6557,-140.1687,8.4073,-48.9763,0.9919,-63.6163,342.0175,41.0965,168.9184,71.3676,59.7007
2.8000,22.9848,73.1830,-140.1567,7.7766,-45.5534,1.3526,-62.4603,341.7929,31.4286,169.2911,71.8069,58.5276
2.8100,23.0595,72.7446,-140.1416,7.1581,-42.1405,1.6205,-61.1756,340.0286,22.5473,169.6368,72.2144,57.4392
2.8200,23.1280,72.3402,-140.1243,6.5531,-38.7529,1.8036,-59.7564,336.7381,14.5000,169.9558,72.5904,56.4350
2.8300,23.1905,71.9696,-140.1056,5.9629,-35.4057,1.9105,-58.1960,331.9299,7.3212,170.2483,72.9352,55.5143
2.8400,23.2472,71.6321,-140.0861,5.3891,-32.1143,1.9500,-56.4868,325.6062,1.0331,170.5146,73.2491,54.6758
2.8500,23.2983,71.3273,-140.0666,4.8332,-28.8936,1.9311,-54.6205,317.7635,-4.3548,170.7554,73.5329,53.9181
2.8600,23.3439,71.0542,-140.0475,4.2967,-25.7590,1.8629,-52.5877,308.3917,-8.8449,170.9710,73.7871,53.2391
2.8700,23.3842,70.8121,-140.0293,3.7815,-22.7258,1.7542,-50.3782,297.4749,-12.4512,171.1624,74.0127,52.6367
2.8800,23.4195,70.5997,-140.0124,3.2892,-19.8095,1.6139,-47.9811,284.9912,-15.1987,171.3303,74.2106,52.1082
2.8900,23.4500,70.4159,-139.9970,2.8218,-17.0259,1.4502,-45.3847,270.9133,-17.1223,171.4757,74.3820,51.6505
2.9000,23.4760,70.2592,-139.9834,2.3815,-14.3912,1.2714,-42.5766,255.2089,-18.2661,171.5996,74.5281,51.2603
2.9100,23.4977,70.1281,-139.9716,1.9703,-11.9218,1.0849,-39.5437,237.8411,-18.6822,171.7034,74.6504,50.9336
2.9200,23.5154,70.0208,-139.9617,1.5906,-9.6344,0.8978,-36.2726,218.7695,-18.4291,171.7884,74.7505,50.6663
2.9300,23.5295,69.9354,-139.9537,1.2448,-7.5464,0.7163,-32.7495,197.9503,-17.5703,171.8560,74.8302,50.4535
2.9400,23.5403,69.8698,-139.9474,0.9356,-5.6754,0.5464,-28.9603,175.3374,-16.1722,171.9079,74.8914,50.2901
2.9500,23.5482,69.8219,-139.9427,0.6656,-4.0396,0.3929,-24.8911,150.8832,-14.3021,171.9458,74.9362,50.1705
2.9600,23.5536,69.7891,-139.9395,0.4378,-2.6577,0.2603,-20.5279,124.5389,-12.0255,171.9718,74.9668,50.0887
2.9700,23.5569,69.7687,-139.9375,0.2551,-1.5489,0.1524,-15.8575,96.2556,-9.4031,171.9879,74.9858,50.0380
2.9800,23.5587,69.7581,-139.9365,0.1206,-0.7326,0.0723,-10.8673,65.9846,-6.4880,171.9964,74.9957,50.0114
2.9900,23.5593,69.7541,-139.9361,0.0377,-0.2292,0.0226,-5.5532,33.7228,-3.3257,171.9995,74.9995,50.0015
3.0000,23.5594,69.7535,-139.9360,0.0096,-0.0582,0.0057,-2.8156,17.0995,-1.6883,172.0000,75.0000,50.0000
3.0100,23.5594,69.7532,-139.9361,0.0000,-0.1071,-0.0408,0.0000,-15.7672,-5.9977,172.0000,75.0000,49.9992
3.0200,23.5594,69.7513,-139.9368,0.0000,-0.3425,-0.1303,0.0000,-30.8535,-11.7309,172.0000,75.0000,49.9938
3.0300,23.5594,69.7464,-139.9387,0.0000,-0.7242,-0.2754,0.0000,-45.0149,-17.0982,172.0000,75.0000,49.9794
3.0400,23.5594,69.7369,-139.9423,0.0000,-1.2428,-0.4723,0.0000,-58.2581,-22.0893,172.0000,75.0000,49.9518
3.0500,23.5594,69.7215,-139.9482,0.0000,-1.8894,-0.7172,-0.0000,-70.6126,-26.6993,172.0000,75.0000,49.9074
3.0600,23.5594,69.6991,-139.9567,-0.0000,-2.6551,-1.0063,-0.0000,-82.1092,-30.9217,172.0000,75.0000,49.8424
3.0700,23.5594,69.6684,-139.9683,0.0000,-3.5316,-1.3356,0.0000,-92.7791,-34.7489,172.0000,75.0000,49.7536
3.0800,23.5594,69.6284,-139.9834,0.0000,-4.5107,-1.7012,-0.0000,-102.6537,-38.1727,172.0000,75.0000,49.6380
3.0900,23.5594,69.5782,-140.0023,-0.0000,-5.5846,-2.0991,0.0000,-111.7642,-41.1853,172.0000,75.0000,49.4927
3.1000,23.5594,69.5168,-140.0254,0.0000,-6.7460,-2.5249,0.0000,-120.1406,-43.7794,172.0000,75.0000,49.3152
3.1100,23.5594,69.4433,-140.0528,0.0000,-7.9874,-2.9746,-0.0000,-127.8119,-45.9485,172.0000,75.0000,49.1032
3.1200,23.5594,69.3570,-140.0849,-0.0000,-9.3022,-3.4439,-0.0000,-134.8054,-47.6875,172.0000,75.0000,48.8545
3.1300,23.5594,69.2572,-140.1217,0.0000,-10.6835,-3.9284,0.0000,-141.1464,-48.9931,172.0000,75.0000,48.5673
3.1400,23.5594,69.1433,-140.1634,0.0000,-12.1251,-4.4238,0.0000,-146.8583,-49.8635,172.0000,75.0000,48.2400
3.1500,23.5594,69.0147,-140.2102,0.0000,-13.6207,-4.9257,0.0000,-151.9620,-50.2990,172.0000,75.0000,47.8710
3.1600,23.5594,68.8709,-140.2619,0.0000,-15.1644,-5.4297,0.0000,-156.4761,-50.3020,172.0000,75.0000,47.4593
3.1700,23.5594,68.7114,-140.3188,0.0000,-16.7502,-5.9317,0.0000,-160.4167,-49.8772,172.0000,75.0000,47.0037
3.1800,23.5594,68.5359,-140.3806,0.0000,-18.3727,-6.4273,0.0000,-163.7973,-49.0315,172.0000,75.0000,46.5034
3.1900,23.5594,68.3440,-140.4473,0.0000,-20.0262,-6.9123,0.0000,-166.6288,-47.7740,172.0000,75.0000,45.9578
3.2000,23.5594,68.1354,-140.5188,0.0000,-21.7053,-7.3828,0.0000,-168.9200,-46.1165,172.0000,75.0000,45.3664
3.2100,23.5594,67.9099,-140.5950,0.0000,-23.4046,-7.8347,0.0000,-170.6771,-44.0728,172.0000,75.0000,44.7289
3.2200,23.5594,67.6673,-140.6755,0.0000,-25.1188,-8.2642,0.0000,-171.9044,-41.6592,172.0000,75.0000,44.0453
3.2300,23.5594,67.4075,-140.7603,0.0000,-26.8427,-8.6679,0.0000,-172.6042,-38.8942,172.0000,75.0000,43.3155
3.2400,23.5594,67.1304,-140.8489,0.0000,-28.5709,-9.0421,0.0000,-172.7772,-35.7984,172.0000,75.0000,42.5399
3.2500,23.5594,66.8361,-140.9411,0.0000,-30.2982,-9.3838,0.0000,-172.4229,-32.3947,172.0000,75.0000,41.7188
3.2600,23.5594,66.5245,-141.0366,0.0000,-32.0194,-9.6900,0.0000,-171.5395,-28.7077,172.0000,75.0000,40.8526
3.2700,23.5594,66.1957,-141.1349,0.0000,-33.7290,-9.9580,0.0000,-170.1249,-24.7643,172.0000,75.0000,39.9421
3.2800,23.5594,65.8499,-141.2357,0.0000,-35.4219,-10.1853,0.0000,-168.1765,-20.5928,172.0000,75.0000,38.9882
3.2900,23.5594,65.4873,-141.3386,0.0000,-37.0925,-10.3698,0.0000,-165.6920,-16.2234,172.0000,75.0000,37.9916
3.3000,23.5594,65.1081,-141.4431,0.0000,-38.7357,-10.5098,0.0000,-162.6695,-11.6875,172.0000,75.0000,36.9536
3.3100,23.5594,64.7126,-141.5488,0.0000,-40.3459,-10.6036,0.0000,-159.1082,-7.0180,172.0000,75.0000,35.8753
3.3200,23.5594,64.3011,-141.6552,0.0000,-41.9179,-10.6501,0.0000,-155.0085,-2.2489,172.0000,75.0000,34.7579
3.3300,23.5594,63.8742,-141.7618,0.0000,-43.4461,-10.6486,0.0000,-150.3728,2.5852,172.0000,75.0000,33.6030
3.3400,23.5594,63.4322,-141.8682,0.0000,-44.9253,-10.5984,0.0000,-145.2053,7.4487,172.0000,75.0000,32.4119
3.3500,23.5594,62.9757,-141.9738,0.0000,-46.3502,-10.4996,0.0000,-139.5130,12.3057,172.0000,75.0000,31.1864
3.3600,23.5594,62.5052,-142.0781,0.0000,-47.7156,-10.3523,0.0000,-133.3055,17.1202,172.0000,75.0000,29.9282
3.3700,23.5594,62.0214,-142.1808,0.0000,-49.0163,-10.1572,0.0000,-126.5955,21.8561,172.0000,75.0000,28.6390
3.3800,23.5594,61.5249,-142.2813,0.0000,-50.2475,-9.9152,0.0000,-119.3988,26.4779,172.0000,75.0000,27.3207
3.3900,23.5594,61.0164,-142.3791,0.0000,-51.4043,-9.6276,0.0000,-111.7348,30.9506,172.0000,75.0000,25.9753
3.4000,23.5594,60.4968,-142.4738,0.0000,-52.4822,-9.2962,0.0000,-103.6261,35.2400,172.0000,75.0000,24.6048
3.4100,23.5594,59.9668,-142.5650,0.0000,-53.4768,-8.9228,0.0000,-95.0989,39.3135,172.0000,75.0000,23.2112
3.4200,23.5594,59.4273,-142.6523,0.0000,-54.3842,-8.5099,0.0000,-86.1828,43.1398,172.0000,75.0000,21.7968
3.4300,23.5594,58.8791,-142.7352,0.0000,-55.2005,-8.0600,0.0000,-76.9104,46.6895,172.0000,75.0000,20.3636
3.4400,23.5594,58.3232,-142.8135,0.0000,-55.9224,-7.5761,0.0000,-67.3176,49.9353,172.0000,75.0000,18.9140
3.4500,23.5594,57.7607,-142.8868,0.0000,-56.5468,-7.0613,0.0000,-57.4428,52.8524,172.0000,75.0000,17.4501
3.4600,23.5594,57.1923,-142.9547,0.0000,-57.0712,-6.5191,0.0000,-47.3269,55.4185,172.0000,75.0000,15.9744
3.4700,23.5594,56.6192,-143.0171,0.0000,-57.4934,-5.9529,0.0000,-37.0127,57.6145,172.0000,75.0000,14.4892
3.4800,23.5594,56.0424,-143.0738,0.0000,-57.8115,-5.3668,0.0000,-26.5447,59.4241,172.0000,75.0000,12.9968
3.4900,23.5594,55.4630,-143.1245,0.0000,-58.0243,-4.7645,0.0000,-15.9684,60.8345,172.0000,75.0000,11.4996
3.5000,23.5594,54.8820,-143.1691,0.0000,-58.1308,-4.1501,0.0000,-5.3298,61.8364,172.0000,75.0000,10.0000
3.5100,23.5594,54.3004,-143.2075,0.0000,-58.1308,-3.5277,0.0000,5.3249,62.4239,172.0000,75.0000,8.5004
3.5200,23.5594,53.7193,-143.2396,0.0000,-58.0243,-2.9016,0.0000,15.9498,62.5949,172.0000,75.0000,7.0032
3.5300,23.5594,53.1399,-143.2655,0.0000,-57.8119,-2.2758,0.0000,26.5000,62.3510,172.0000,75.0000,5.5108
3.5400,23.5594,52.5631,-143.2851,0.0000,-57.4943,-1.6546,0.0000,36.9318,61.6974,172.0000,75.0000,4.0256
3.5500,23.5594,51.9900,-143.2986,0.0000,-57.0732,-1.0419,0.0000,47.2031,60.6427,172.0000,75.0000,2.5498
3.5600,23.5594,51.4216,-143.3060,0.0000,-56.5503,-0.4417,0.0000,57.2740,59.1995,172.0000,75.0000,1.0860
3.5700,23.5594,50.8590,-143.3074,0.0000,-55.9277,0.1421,-0.0000,67.1066,57.3832,172.0000,75.0000,-0.3636
3.5800,23.5594,50.3031,-143.3031,-0.0000,-55.2081,0.7059,-0.0000,76.6656,55.2129,172.0000,75.0000,-1.7968
3.5900,23.5594,49.7548,-143.2933,0.0000,-54.3944,1.2464,0.0000,85.9184,52.7103,172.0000,75.0000,-3.2112
3.6000,23.5594,49.2152,-143.2782,0.0000,-53.4898,1.7601,0.0000,94.8350,49.8999,172.0000,75.0000,-4.6048
3.6100,23.5594,48.6850,-143.2581,0.0000,-52.4977,2.2444,0.0000,103.3883,46.8089,172.0000,75.0000,-5.9753
3.6200,23.5594,48.1652,-143.2333,0.0000,-51.4220,2.6963,0.0000,111.5536,43.4663,172.0000,75.0000,-7.3207
3.6300,23.5594,47.6566,-143.2042,0.0000,-50.2667,3.1137,0.0000,119.3091,39.9032,172.0000,75.0000,-8.6390
3.6400,23.5594,47.1599,-143.1711,0.0000,-49.0358,3.4944,0.0000,126.6354,36.1522,172.0000,75.0000,-9.9282
3.6500,23.5594,46.6759,-143.1343,0.0000,-47.7339,3.8367,0.0000,133.5153,32.2470,172.0000,75.0000,-11.1864
3.6600,23.5594,46.2052,-143.0943,0.0000,-46.3655,4.1393,0.0000,139.9338,28.2223,172.0000,75.0000,-12.4119
3.6700,23.5594,45.7486,-143.0515,0.0000,-44.9353,4.4012,0.0000,145.8774,24.1133,172.0000,75.0000,-13.6030
3.6800,23.5594,45.3065,-143.0063,0.0000,-43.4480,4.6216,0.0000,151.3347,19.9553,172.0000,75.0000,-14.7579
3.6900,23.5594,44.8796,-142.9591,0.0000,-41.9086,4.8003,0.0000,156.2951,15.7836,172.0000,75.0000,-15.8753
3.7000,23.5594,44.4684,-142.9103,0.0000,-40.3221,4.9373,-0.0000,160.7494,11.6333,172.0000,75.0000,-16.9536
3.7100,23.5594,44.0732,-142.8603,-0.0000,-38.6936,5.0329,-0.0000,164.6888,7.5385,172.0000,75.0000,-17.9916
3.7200,23.5594,43.6945,-142.8096,0.0000,-37.0283,5.0880,0.0000,168.1053,3.5325,172.0000,75.0000,-18.9882
3.7300,23.5594,43.3326,-142.7586,0.0000,-35.3315,5.1036,0.0000,170.9909,-0.3526,172.0000,75.0000,-19.9421
3.7400,23.5594,42.9879,-142.7076,0.0000,-33.6085,5.0810,0.0000,173.3378,-4.0863,172.0000,75.0000,-20.8526
3.7500,23.5594,42.6604,-142.6570,0.0000,-31.8647,5.0219,0.0000,175.1377,-7.6396,172.0000,75.0000,-21.7188
3.7600,23.5594,42.3506,-142.6071,0.0000,-30.1057,4.9282,0.0000,176.3821,-10.9854,172.0000,75.0000,-22.5399
3.7700,23.5594,42.0583,-142.5584,0.0000,-28.3371,4.8022,0.0000,177.0617,-14.0987,172.0000,75.0000,-23.3155
3.7800,23.5594,41.7838,-142.5111,0.0000,-26.5645,4.6462,0.0000,177.1665,-16.9566,172.0000,75.0000,-24.0453
3.7900,23.5594,41.5270,-142.4655,0.0000,-24.7938,4.4630,0.0000,176.6857,-19.5388,172.0000,75.0000,-24.7289
3.8000,23.5594,41.2879,-142.4218,0.0000,-23.0308,4.2554,0.0000,175.6071,-21.8271,172.0000,75.0000,-25.3664
3.8100,23.5594,41.0664,-142.3804,0.0000,-21.2816,4.0265,0.0000,173.9177,-23.8062,172.0000,75.0000,-25.9578
3.8200,23.5594,40.8623,-142.3413,0.0000,-19.5524,3.7793,0.0000,171.6031,-25.4632,172.0000,75.0000,-26.5034
3.8300,23.5594,40.6754,-142.3048,0.0000,-17.8495,3.5172,-0.0000,168.6477,-26.7878,172.0000,75.0000,-27.0037
3.8400,23.5594,40.5053,-142.2709,-0.0000,-16.1795,3.2436,-0.0000,165.0346,-27.7727,172.0000,75.0000,-27.4593
3.8500,23.5594,40.3518,-142.2399,0.0000,-14.5489,2.9618,0.0000,160.7456,-28.4130,172.0000,75.0000,-27.8711
3.8600,23.5594,40.2143,-142.2117,0.0000,-12.9646,2.6753,0.0000,155.7611,-28.7065,172.0000,75.0000,-28.2400
3.8700,23.5594,40.0925,-142.1864,0.0000,-11.4336,2.3876,0.0000,150.0605,-28.6535,172.0000,75.0000,-28.5673
3.8800,23.5594,39.9857,-142.1640,0.0000,-9.9633,2.1022,0.0000,143.6215,-28.2570,172.0000,75.0000,-28.8545
3.8900,23.5594,39.8932,-142.1444,0.0000,-8.5612,1.8225,0.0000,136.4213,-27.5219,172.0000,75.0000,-29.1032
3.9000,23.5594,39.8144,-142.1275,0.0000,-7.2349,1.5518,0.0000,128.4356,-26.4554,172.0000,75.0000,-29.3152
3.9100,23.5594,39.7485,-142.1133,0.0000,-5.9925,1.2934,0.0000,119.6394,-25.0666,172.0000,75.0000,-29.4927
3.9200,23.5594,39.6946,-142.1016,0.0000,-4.8421,1.0505,0.0000,110.0068,-23.3659,172.0000,75.0000,-29.6380
3.9300,23.5594,39.6517,-142.0923,0.0000,-3.7924,0.8261,0.0000,99.5115,-21.3649,172.0000,75.0000,-29.7536
3.9400,23.5594,39.6187,-142.0851,0.0000,-2.8519,0.6232,0.0000,88.1266,-19.0759,172.0000,75.0000,-29.8424
3.9500,23.5594,39.5946,-142.0798,0.0000,-2.0298,0.4446,-0.0000,75.8252,-16.5114,172.0000,75.0000,-29.9074
3.9600,23.5594,39.5782,-142.0762,-0.0000,-1.3354,0.2929,-0.0000,62.5802,-13.6835,172.0000,75.0000,-29.9518
3.9700,23.5594,39.5679,-142.0740,0.0000,-0.7782,0.1709,0.0000,48.3652,-10.6030,172.0000,75.0000,-29.9794
3.9800,23.5594,39.5626,-142.0728,0.0000,-0.3681,0.0809,0.0000,33.1540,-7.2790,172.0000,75.0000,-29.9938
3.9900,23.5594,39.5606,-142.0724,0.0000,-0.1151,0.0253,0.0000,16.9438,-3.7226,172.0000,75.0000,-29.9992
4.0000,23.5594,39.5603,-142.0723,0.0000,-0.0292,0.0064,0.0000,8.5914,-1.8880,172.0000,75.0000,-30.0000
4.0100,23.5594,39.5606,-142.0724,0.0000,0.1151,-0.0253,0.0000,16.9438,-3.7226,172.0000,75.0000,-29.9992
4.0200,23.5594,39.5626,-142.0728,0.0000,0.3681,-0.0809,0.0000,33.1540,-7.2790,172.0000,75.0000,-29.9938
4.0300,23.5594,39.5679,-142.0740,0.0000,0.7782,-0.1709,0.0000,48.3652,-10.6030,172.0000,75.0000,-29.9794
4.0400,23.5594,39.5782,-142.0762,0.0000,1.3354,-0.2929,0.0000,62.5802,-13.6835,172.0000,75.0000,-29.9518
4.0500,23.5594,39.5946,-142.0798,0.0000,2.0298,-0.4446,-0.0000,75.8252,-16.5114,172.0000,75.0000,-29.9073
4.0600,23.5594,39.6187,-142.0851,-0.0000,2.8519,-0.6232,-0.0000,88.1266,-19.0759,172.0000,75.0000,-29.8424
4.0700,23.5594,39.6517,-142.0923,0.0000,3.7924,-0.8261,0.0000,99.5115,-21.3649,172.0000,75.0000,-29.7536
4.0800,23.5594,39.6946,-142.1016,0.0000,4.8421,-1.0505,-0.0000,110.0068,-23.3659,172.0000,75.0000,-29.6380
4.0900,23.5594,39.7485,-142.1133,-0.0000,5.9925,-1.2934,0.0000,119.6394,-25.0666,172.0000,75.0000,-29.4927
4.1000,23.5594,39.8144,-142.1275,0.0000,7.2349,-1.5518,0.0000,128.4356,-26.4554,172.0000,75.0000,-29.3152
4.1100,23.5594,39.8932,-142.1444,0.0000,8.5612,-1.8225,-0.0000,136.4213,-27.5219,172.0000,75.0000,-29.1032
4.1200,23.5594,39.9857,-142.1640,-0.0000,9.9633,-2.1022,-0.0000,143.6215,-28.2570,172.0000,75.0000,-28.8545
4.1300,23.5594,40.0925,-142.1864,0.0000,11.4336,-2.3876,0.0000,150.0605,-28.6535,172.0000,75.0000,-28.5673
4.1400,23.5594,40.2143,-142.2117,0.0000,12.9646,-2.6753,0.0000,155.7611,-28.7065,172.0000,75.0000,-28.2400
4.1500,23.5594,40.3518,-142.2399,0.0000,14.5489,-2.9618,0.0000,160.7456,-28.4130,172.0000,75.0000,-27.8711
4.1600,23.5594,40.5053,-142.2709,0.0000,16.1795,-3.2436,0.0000,165.0346,-27.7727,172.0000,75.0000,-27.4593
4.1700,23.5594,40.6754,-142.3048,0.0000,17.8495,-3.5172,0.0000,168.6477,-26.7878,172.0000,75.0000,-27.0037
4.1800,23.5594,40.8623,-142.3413,0.0000,19.5524,-3.7793,0.0000,171.6031,-25.4632,172.0000,75.0000,-26.5034
4.1900,23.5594,41.0664,-142.3804,0.0000,21.2816,-4.0265,0.0000,173.9177,-23.8062,172.0000,75.0000,-25.9578
4.2000,23.5594,41.2879,-142.4218,0.0000,23.0308,-4.2554,0.0000,175.6071,-21.8271,172.0000,75.0000,-25.3664
4.2100,23.5594,41.5270,-142.4655,0.0000,24.7938,-4.4630,0.0000,176.6857,-19.5388,172.0000,75.0000,-24.7289
4.2200,23.5594,41.7838,-142.5111,0.0000,26.5645,-4.6462,0.0000,177.1665,-16.9566,172.0000,75.0000,-24.0453
4.2300,23.5594,42.0583,-142.5584,0.0000,28.3371,-4.8022,0.0000,177.0617,-14.0987,172.0000,75.0000,-23.3155
4.2400,23.5594,42.3506,-142.6071,0.0000,30.1057,-4.9282,0.0000,176.3821,-10.9854,172.0000,75.0000,-22.5399
4.2500,23.5594,42.6604,-142.6570,0.0000,31.8647,-5.0219,0.0000,175.1377,-7.6396,172.0000,75.0000,-21.7188
4.2600,23.5594,42.9879,-142.7076,0.0000,33.6085,-5.0810,0.0000,173.3378,-4.0863,172.0000,75.0000,-20.8526
4.2700,23.5594,43.3326,-142.7586,0.0000,35.3315,-5.1036,0.0000,170.9909,-0.3526,172.0000,75.0000,-19.9421
4.2800,23.5594,43.6945,-142.8096,0.0000,37.0283,-5.0880,0.0000,168.1053,3.5325,172.0000,75.0000,-18.9882
4.2900,23.5594,44.0732,-142.8603,0.0000,38.6936,-5.0329,0.0000,164.6888,7.5385,172.0000,75.0000,-17.9916
4.3000,23.5594,44.4684,-142.9103,0.0000,40.3221,-4.9373,0.0000,160.7494,11.6333,172.0000,75.0000,-16.9536
4.3100,23.5594,44.8796,-142.9591,0.0000,41.9086,-4.8003,0.0000,156.2951,15.7836,172.0000,75.0000,-15.8753
4.3200,23.5594,45.3065,-143.0063,0.0000,43.4480,-4.6216,0.0000,151.3347,19.9553,172.0000,75.0000,-14.7579
4.3300,23.5594,45.7486,-143.0515,0.0000,44.9353,-4.4012,0.0000,145.8774,24.1133,172.0000,75.0000,-13.6030
4.3400,23.5594,46.2052,-143.0943,0.0000,46.3655,-4.1393,0.0000,139.9338,28.2223,172.0000,75.0000,-12.4119
4.3500,23.5594,46.6759,-143.1343,0.0000,47.7339,-3.8367,0.0000,133.5153,32.2470,172.0000,75.0000,-11.1864
4.3600,23.5594,47.1599,-143.1711,0.0000,49.0358,-3.4944,0.0000,126.6354,36.1522,172.0000,75.0000,-9.9282
4.3700,23.5594,47.6566,-143.2042,0.0000,50.2667,-3.1137,0.0000,119.3091,39.9032,172.0000,75.0000,-8.6390
4.3800,23.5594,48.1652,-143.2333,0.0000,51.4220,-2.6963,0.0000,111.5536,43.4663,172.0000,75.0000,-7.3207
4.3900,23.5594,48.6850,-143.2581,0.0000,52.4977,-2.2444,0.0000,103.3883,46.8089,172.0000,75.0000,-5.9753
4.4000,23.5594,49.2152,-143.2782,0.0000,53.4898,-1.7601,0.0000,94.8350,49.8999,172.0000,75.0000,-4.6048
4.4100,23.5594,49.7548,-143.2933,0.0000,54.3944,-1.2464,0.0000,85.9184,52.7103,172.0000,75.0000,-3.2112
4.4200,23.5594,50.3031,-143.3031,0.0000,55.2081,-0.7059,0.0000,76.6656,55.2129,172.0000,75.0000,-1.7968
4.4300,23.5594,50.8590,-143.3074,0.0000,55.9277,-0.1421,0.0000,67.1066,57.3832,172.0000,75.0000,-0.3636
4.4400,23.5594,51.4216,-143.3060,0.0000,56.5503,0.4417,0.0000,57.2740,59.1995,172.0000,75.0000,1.0860
4.4500,23.5594,51.9900,-143.2986,0.0000,57.0732,1.0419,0.0000,47.2031,60.6427,172.0000,75.0000,2.5499
4.4600,23.5594,52.5631,-143.2851,0.0000,57.4943,1.6546,0.0000,36.9318,61.6974,172.0000,75.0000,4.0256
4.4700,23.5594,53.1399,-143.2655,0.0000,57.8119,2.2758,0.0000,26.5000,62.3510,172.0000,75.0000,5.5108
4.4800,23.5594,53.7193,-143.2396,0.0000,58.0243,2.9016,0.0000,15.9498,62.5949,172.0000,75.0000,7.0032
4.4900,23.5594,54.3004,-143.2075,0.0000,58.1308,3.5277,0.0000,5.3249,62.4239,172.0000,75.0000,8.5004
4.5000,23.5594,54.8820,-143.1691,0.0000,58.1308,4.1501,0.0000,-5.3298,61.8364,172.0000,75.0000,10.0000
4.5100,23.5594,55.4630,-143.1245,0.0000,58.0243,4.7645,0.0000,-15.9684,60.8345,172.0000,75.0000,11.4996
4.5200,23.5594,56.0424,-143.0738,0.0000,57.8115,5.3668,0.0000,-26.5447,59.4241,172.0000,75.0000,12.9968
4.5300,23.5594,56.6192,-143.0171,0.0000,57.4934,5.9529,0.0000,-37.0127,57.6145,172.0000,75.0000,14.4892
4.5400,23.5594,57.1923,-142.9547,0.0000,57.0712,6.5191,0.0000,-47.3269,55.4185,172.0000,75.0000,15.9744
4.5500,23.5594,57.7607,-142.8868,0.0000,56.5468,7.0613,0.0000,-57.4428,52.8524,172.0000,75.0000,17.4502
4.5600,23.5594,58.3232,-142.8135,0.0000,55.9224,7.5761,0.0000,-67.3176,49.9353,172.0000,75.0000,18.9140
4.5700,23.5594,58.8791,-142.7352,0.0000,55.2005,8.0600,-0.0000,-76.9104,46.6895,172.0000,75.0000,20.3636
4.5800,23.5594,59.4273,-142.6523,-0.0000,54.3842,8.5099,-0.0000,-86.1828,43.1398,172.0000,75.0000,21.7968
4.5900,23.5594,59.9668,-142.5650,0.0000,53.4768,8.9228,0.0000,-95.0989,39.3135,172.0000,75.0000,23.2112
4.6000,23.5594,60.4968,-142.4738,0.0000,52.4822,9.2962,0.0000,-103.6261,35.2400,172.0000,75.0000,24.6048
4.6100,23.5594,61.0164,-142.3791,0.0000,51.4043,9.6276,0.0000,-111.7348,30.9506,172.0000,75.0000,25.9753
4.6200,23.5594,61.5249,-142.2813,0.0000,50.2475,9.9152,0.0000,-119.3988,26.4779,172.0000,75.0000,27.3207
4.6300,23.5594,62.0214,-142.1808,0.0000,49.0163,10.1572,0.0000,-126.5955,21.8561,172.0000,75.0000,28.6390
4.6400,23.5594,62.5052,-142.0781,0.0000,47.7156,10.3523,0.0000,-133.3055,17.1202,172.0000,75.0000,29.9282
4.6500,23.5594,62.9757,-141.9738,0.0000,46.3502,10.4996,0.0000,-139.5130,12.3057,172.0000,75.0000,31.1864
4.6600,23.5594,63.4322,-141.8682,0.0000,44.9253,10.5984,0.0000,-145.2053,7.4487,172.0000,75.0000,32.4119
4.6700,23.5594,63.8742,-141.7618,0.0000,43.4461,10.6486,0.0000,-150.3728,2.5852,172.0000,75.0000,33.6030
4.6800,23.5594,64.3011,-141.6552,0.0000,41.9179,10.6501,0.0000,-155.0085,-2.2489,172.0000,75.0000,34.7579
4.6900,23.5594,64.7126,-141.5488,0.0000,40.3459,10.6036,0.0000,-159.1082,-7.0180,172.0000,75.0000,35.8753
4.7000,23.5594,65.1081,-141.4431,0.0000,38.7357,10.5098,-0.0000,-162.6695,-11.6875,172.0000,75.0000,36.9536
4.7100,23.5594,65.4873,-141.3386,-0.0000,37.0925,10.3698,-0.0000,-165.6920,-16.2234,172.0000,75.0000,37.9916
4.7200,23.5594,65.8499,-141.2357,0.0000,35.4219,10.1853,0.0000,-168.1765,-20.5928,172.0000,75.0000,38.9882
4.7300,23.5594,66.1957,-141.1349,0.0000,33.7290,9.9580,0.0000,-170.1249,-24.7643,172.0000,75.0000,39.9421
4.7400,23.5594,66.5245,-141.0366,0.0000,32.0194,9.6900,0.0000,-171.5395,-28.7077,172.0000,75.0000,40.8526
4.7500,23.5594,66.8361,-140.9411,0.0000,30.2982,9.3838,0.0000,-172.4229,-32.3947,172.0000,75.0000,41.7188
4.7600,23.5594,67.1304,-140.8489,0.0000,28.5709,9.0421,0.0000,-172.7772,-35.7984,172.0000,75.0000,42.5399
4.7700,23.5594,67.4075,-140.7603,0.0000,26.8427,8.6679,0.0000,-172.6042,-38.8942,172.0000,75.0000,43.3155
4.7800,23.5594,67.6673,-140.6755,0.0000,25.1188,8.2642,0.0000,-171.9044,-41.6592,172.0000,75.0000,44.0453
4.7900,23.5594,67.9099,-140.5950,0.0000,23.4046,7.8347,0.0000,-170.6771,-44.0728,172.0000,75.0000,44.7289
4.8000,23.5594,68.1354,-140.5188,0.0000,21.7053,7.3828,0.0000,-168.9200,-46.1165,172.0000,75.0000,45.3664
4.8100,23.5594,68.3440,-140.4473,0.0000,20.0262,6.9123,0.0000,-166.6288,-47.7740,172.0000,75.0000,45.9578
4.8200,23.5594,68.5359,-140.3806,0.0000,18.3727,6.4273,0.0000,-163.7973,-49.0315,172.0000,75.0000,46.5034
4.8300,23.5594,68.7114,-140.3188,0.0000,16.7502,5.9317,-0.0000,-160.4167,-49.8772,172.0000,75.0000,47.0037
4.8400,23.5594,68.8709,-140.2619,-0.0000,15.1644,5.4297,-0.0000,-156.4761,-50.3020,172.0000,75.0000,47.4593
4.8500,23.5594,69.0147,-140.2102,0.0000,13.6207,4.9257,0.0000,-151.9620,-50.2990,172.0000,75.0000,47.8711
4.8600,23.5594,69.1433,-140.1634,0.0000,12.1251,4.4238,0.0000,-146.8583,-49.8635,172.0000,75.0000,48.2400
4.8700,23.5594,69.2572,-140.1217,0.0000,10.6835,3.9284,0.0000,-141.1464,-48.9931,172.0000,75.0000,48.5673
4.8800,23.5594,69.3570,-140.0849,0.0000,9.3022,3.4439,0.0000,-134.8054,-47.6875,172.0000,75.0000,48.8545
4.8900,23.5594,69.4433,-140.0528,0.0000,7.9874,2.9746,0.0000,-127.8119,-45.9485,172.0000,75.0000,49.1032
4.9000,23.5594,69.5168,-140.0254,0.0000,6.7460,2.5249,0.0000,-120.1406,-43.7794,172.0000,75.0000,49.3152
4.9100,23.5594,69.5782,-140.0023,0.0000,5.5846,2.0991,0.0000,-111.7642,-41.1853,172.0000,75.0000,49.4927
4.9200,23.5594,69.6284,-139.9834,0.0000,4.5107,1.7012,0.0000,-102.6537,-38.1727,172.0000,75.0000,49.6380
4.9300,23.5594,69.6684,-139.9683,0.0000,3.5316,1.3356,0.0000,-92.7791,-34.7489,172.0000,75.0000,49.7536
4.9400,23.5594,69.6991,-139.9567,0.0000,2.6551,1.0063,0.0000,-82.1092,-30.9217,172.0000,75.0000,49.8424
4.9500,23.5594,69.7215,-139.9482,0.0000,1.8894,0.7172,-0.0000,-70.6126,-26.6993,172.0000,75.0000,49.9074
4.9600,23.5594,69.7369,-139.9423,-0.0000,1.2428,0.4723,-0.0000,-58.2581,-22.0893,172.0000,75.0000,49.9518
4.9700,23.5594,69.7464,-139.9387,0.0000,0.7242,0.2754,0.0000,-45.0149,-17.0982,172.0000,75.0000,49.9794
4.9800,23.5594,69.7513,-139.9368,0.0000,0.3425,0.1303,0.0000,-30.8535,-11.7309,172.0000,75.0000,49.9938
4.9900,23.5594,69.7532,-139.9361,0.0000,0.1071,0.0408,0.0000,-15.7672,-5.9977,172.0000,75.0000,49.9992
5.0000,23.5594,69.7535,-139.9360,0.0000,0.0272,0.0103,0.0000,-7.9947,-3.0416,172.0000,75.0000,50.0000
5.0100,23.5599,69.7537,-139.9366,0.1936,0.0761,-0.2324,28.4916,11.1950,-34.1948,171.9980,75.0009,50.0000
5.0200,23.5633,69.7550,-139.9407,0.6190,0.2432,-0.7429,55.7696,21.8888,-66.8885,171.9839,75.0068,50.0000
5.0300,23.5723,69.7585,-139.9515,1.3090,0.5139,-1.5702,81.4202,31.8793,-97.5126,171.9466,75.0227,50.0000
5.0400,23.5895,69.7653,-139.9721,2.2474,0.8808,-2.6931,105.4958,41.1291,-126.0241,171.8754,75.0530,50.0000
5.0500,23.6173,69.7762,-140.0053,3.4189,1.3365,-4.0906,128.1001,49.6059,-152.4143,171.7604,75.1019,50.0000
5.0600,23.6579,69.7920,-140.0539,4.8094,1.8729,-5.7414,149.3467,57.2708,-176.6673,171.5924,75.1734,50.0000
5.0700,23.7134,69.8136,-140.1202,6.4058,2.4819,-7.6240,169.3554,64.0804,-198.7624,171.3629,75.2710,50.0000
5.0800,23.7860,69.8417,-140.2064,8.1965,3.1545,-9.7167,188.2490,69.9892,-218.6767,171.0639,75.3982,50.0000
5.0900,23.8774,69.8767,-140.3145,10.1708,3.8817,-11.9975,206.1513,74.9512,-236.3873,170.6882,75.5580,50.0000
5.1000,23.9894,69.9193,-140.4463,12.3195,4.6536,-14.4444,223.1844,78.9212,-251.8726,170.2292,75.7532,50.0000
5.1100,24.1238,69.9698,-140.6034,14.6345,5.4601,-17.0350,239.4668,81.8561,-265.1139,169.6809,75.9864,50.0000
5.1200,24.2821,70.0285,-140.7870,17.1088,6.2907,-19.7467,255.1126,83.7163,-276.0964,169.0378,76.2599,50.0000
5.1300,24.4659,70.0956,-140.9983,19.7367,7.1344,-22.5569,270.2293,84.4656,-284.8103,168.2952,76.5758,50.0000
5.1400,24.6768,70.1712,-141.2381,22.5134,7.9800,-25.4429,284.9176,84.0731,-291.2508,167.4488,76.9358,50.0000
5.1500,24.9162,70.2552,-141.5072,25.4351,8.8159,-28.3819,299.2697,82.5129,-295.4190,166.4948,77.3416,50.0000
5.1600,25.1855,70.3475,-141.8058,28.4988,9.6302,-31.3513,313.3686,79.7654,-297.3222,165.4301,77.7945,50.0000
5.1700,25.4862,70.4478,-142.1342,31.7025,10.4112,-34.3284,327.2876,75.8176,-296.9732,164.2519,78.2956,50.0000
5.1800,25.8196,70.5557,-142.4924,35.0446,11.1466,-37.2907,341.0888,70.6644,-294.3911,162.9583,78.8458,50.0000
5.1900,26.1871,70.6707,-142.8800,38.5242,11.8245,-40.2162,354.8225,64.3086,-289.6004,161.5474,79.4459,50.0000
5.2000,26.5901,70.7922,-143.2967,42.1410,12.4328,-43.0828,368.5259,56.7633,-282.6312,160.0181,80.0964,50.0000
5.2100,27.0299,70.9194,-143.7417,45.8948,12.9597,-45.8688,382.2222,48.0520,-273.5186,158.3697,80.7975,50.0000
5.2200,27.5080,71.0514,-144.2141,49.7855,13.3938,-48.5531,395.9189,38.2113,-262.3025,156.6019,81.5494,50.0000
5.2300,28.0256,71.1873,-144.7127,53.8131,13.7240,-51.1149,409.6063,27.2922,-249.0272,154.7148,82.3521,50.0000
5.2400,28.5842,71.3259,-145.2364,57.9776,13.9397,-53.5337,423.2561,15.3632,-233.7412,152.7091,83.2052,50.0000
5.2500,29.1852,71.4661,-145.7834,62.2783,14.0312,-55.7897,436.8191,2.5126,-216.4968,150.5857,84.1083,50.0000
5.2600,29.8298,71.6065,-146.3521,66.7140,13.9899,-57.8636,450.2234,-11.1480,-197.3504,148.3460,85.0610,50.0000
5.2700,30.5194,71.7459,-146.9407,71.2827,13.8083,-59.7367,463.3719,-25.4801,-176.3621,145.9916,86.0624,50.0000
5.2800,31.2554,71.8827,-147.5469,75.9814,13.4803,-61.3908,476.1407,-40.3141,-153.5961,143.5248,87.1116,50.0000
5.2900,32.0391,72.0155,-148.1685,80.8055,13.0020,-62.8086,488.3763,-55.4456,-129.1215,140.9479,88.2077,50.0000
5.3000,32.8716,72.1427,-148.8031,85.7489,12.3714,-63.9733,499.8942,-70.6314,-103.0123,138.2636,89.3494,50.0000
5.3100,33.7540,72.2629,-149.4480,90.8034,11.5893,-64.8689,510.4770,-85.5860,-75.3492,135.4752,90.5355,50.0000
5.3200,34.6876,72.3745,-150.1004,95.9585,10.6597,-65.4803,519.8734,-99.9793,-46.2203,132.5858,91.7644,50.0000
5.3300,35.6732,72.4761,-150.7576,101.2009,9.5898,-65.7933,527.7985,-113.4362,-15.7235,129.5993,93.0347,50.0000
5.3400,36.7116,72.5663,-151.4163,106.5144,8.3910,-65.7947,533.9345,-125.5385,16.0317,126.5195,94.3447,50.0000
5.3500,37.8035,72.6439,-152.0735,111.8796,7.0790,-65.4726,537.9335,-135.8301,48.9213,123.3505,95.6926,50.0000
5.3600,38.9492,72.7079,-152.7257,117.2731,5.6744,-64.8163,539.4219,-143.8281,82.8034,120.0969,97.0765,50.0000
5.3700,40.1490,72.7574,-153.3698,122.6680,4.2024,-63.8166,538.0075,-149.0378,117.5140,116.7632,98.4944,50.0000
5.3800,41.4026,72.7919,-154.0021,128.0333,2.6936,-62.4660,533.2884,-150.9763,152.8628,113.3543,99.9443,50.0000
5.3900,42.7096,72.8113,-154.6191,133.3338,1.1829,-60.7593,524.8651,-149.2017,188.6279,109.8752,101.4241,50.0000
5.4000,44.0693,72.8156,-155.2173,138.5306,-0.2904,-58.6935,512.3557,-143.3498,224.5507,106.3312,102.9315,50.0000
5.4100,45.4802,72.8055,-155.7930,143.5809,-1.6841,-56.2683,495.4128,-133.1776,260.3302,102.7276,104.4643,50.0000
5.4200,46.9409,72.7819,-156.3426,148.4388,-2.9540,-53.4869,473.7429,-118.6077,295.6183,99.0700,106.0200,50.0000
5.4300,48.4490,72.7464,-156.8627,153.0558,-4.0562,-50.3559,447.1278,-99.7745,330.0171,95.3640,107.5963,50.0000
5.4400,50.0020,72.7008,-157.3497,157.3814,-4.9495,-46.8865,415.4446,-77.0610,363.0775,91.6154,109.1907,50.0000
5.4500,51.5966,72.6474,-157.8004,161.3647,-5.5975,-43.0944,378.6857,-51.1243,394.3027,87.8302,110.8008,50.0000
5.4600,53.2293,72.5888,-158.2116,164.9551,-5.9720,-39.0005,336.9749,-22.8980,423.1555,84.0142,112.4239,50.0000
5.4700,54.8958,72.5279,-158.5804,168.1042,-6.0554,-34.6313,290.5796,6.4314,449.0728,80.1735,114.0574,50.0000
5.4800,56.5914,72.4677,-158.9043,170.7667,-5.8433,-30.0190,239.9152,35.4813,471.4855,76.3144,115.6989,50.0000
5.4900,58.3111,72.4111,-159.1808,172.9025,-5.3458,-25.2016,185.5428,62.7601,489.8448,72.4428,117.3456,50.0000
5.5000,60.0494,72.3608,-159.4083,174.4775,-4.5881,-20.2221,128.1578,86.7814,503.6530,68.5650,118.9950,50.0000
5.5100,61.8006,72.3193,-159.5853,175.4656,-3.6102,-15.1285,68.5697,106.1920,512.4963,64.6872,120.6444,50.0000
5.5200,63.5587,72.2886,-159.7109,175.8489,-2.4643,-9.9722,7.6745,119.8992,516.0755,60.8156,122.2911,50.0000
5.5300,65.3176,72.2700,-159.7847,175.6191,-1.2122,-4.8070,-53.5795,127.1783,514.2309,56.9565,123.9326,50.0000
5.5400,67.0711,72.2644,-159.8070,174.7773,0.0793,0.3124,-114.2299,127.7446,506.9579,53.1158,125.5661,50.0000
5.5500,68.8132,72.2716,-159.7785,173.3345,1.3427,5.3322,-173.3387,121.7773,494.4109,49.2998,127.1892,50.0000
5.5600,70.5378,72.2912,-159.7004,171.3106,2.5148,10.2006,-230.0297,109.8928,476.8937,45.5146,128.7993,50.0000
5.5700,72.2394,72.3219,-159.5745,168.7339,3.5406,14.8700,-283.5209,93.0716,454.8398,41.7660,130.3937,50.0000
5.5800,73.9125,72.3620,-159.4030,165.6402,4.3763,19.2974,-333.1508,72.5516,428.7831,38.0600,131.9700,50.0000
5.5900,75.5522,72.4094,-159.1885,162.0709,4.9916,23.4457,-378.3953,49.7043,399.3246,34.4024,133.5257,50.0000
5.6000,77.1539,72.4619,-158.9340,158.0722,5.3703,27.2839,-418.8775,25.9121,367.0983,30.7988,135.0585,50.0000
5.6100,78.7136,72.5168,-158.6428,153.6933,5.5098,30.7877,-454.3673,2.4608,332.7401,27.2548,136.5659,50.0000
5.6200,80.2278,72.5720,-158.3183,148.9849,5.4196,33.9387,-484.7748,-19.5418,296.8624,23.7757,138.0457,50.0000
5.6300,81.6933,72.6252,-157.9640,143.9979,5.1190,36.7249,-510.1371,-39.2172,260.0352,20.3668,139.4956,50.0000
5.6400,83.1077,72.6744,-157.5838,138.7822,4.6352,39.1394,-530.6007,-55.9380,222.7739,17.0331,140.9135,50.0000
5.6500,84.4690,72.7179,-157.1813,133.3858,4.0002,41.1804,-546.4013,-69.3234,185.5339,13.7795,142.2974,50.0000
5.6600,85.7754,72.7544,-156.7602,127.8541,3.2487,42.8501,-557.8431,-79.2175,148.7094,10.6105,143.6453,50.0000
5.6700,87.0260,72.7829,-156.3243,122.2290,2.4159,44.1546,-565.2779,-85.6542,112.6359,7.5307,144.9553,50.0000
5.6800,88.2200,72.8028,-155.8771,116.5486,1.5357,45.1028,-569.0862,-88.8170,77.5957,4.5442,146.2256,50.0000
5.6900,89.3570,72.8136,-155.4222,110.8473,0.6395,45.7065,-569.6606,-88.9986,43.8238,1.6548,147.4545,50.0000
5.7000,90.4370,72.8155,-154.9630,105.1554,-0.2443,45.9793,-567.3912,-86.5630,11.5144,-1.1336,148.6406,50.0000
5.7100,91.4601,72.8087,-154.5026,99.4994,-1.0917,45.9368,-562.6546,-81.9129,-19.1727,-3.8179,149.7823,50.0000
5.7200,92.4270,72.7937,-154.0442,93.9023,-1.8826,45.5959,-555.8050,-75.4637,-48.1060,-6.3948,150.8784,50.0000
5.7300,93.3382,72.7711,-153.5907,88.3833,-2.6010,44.9747,-547.1680,-67.6232,-75.1778,-8.8616,151.9276,50.0000
5.7400,94.1946,72.7417,-153.1447,82.9589,-3.2350,44.0923,-537.0364,-58.7772,-100.2995,-11.2160,152.9290,50.0000
5.7500,94.9973,72.7064,-152.7089,77.6426,-3.7765,42.9687,-525.6678,-49.2803,-123.3982,-13.4557,153.8817,50.0000
5.7600,95.7475,72.6662,-152.2854,72.4456,-4.2206,41.6243,-513.2841,-39.4503,-144.4140,-15.5791,154.7848,50.0000
5.7700,96.4463,72.6220,-151.8764,67.3769,-4.5655,40.0804,-500.0712,-29.5659,-163.2980,-17.5848,155.6379,50.0000
5.7800,97.0950,72.5748,-151.4838,62.4441,-4.8120,38.3584,-486.1802,-19.8663,-180.0102,-19.4719,156.4406,50.0000
5.7900,97.6951,72.5257,-151.1092,57.6533,-4.9629,36.4802,-471.7291,-10.5532,-194.5190,-21.2397,157.1925,50.0000
5.8000,98.2481,72.4756,-150.7542,53.0096,-5.0230,34.4680,-456.8043,-1.7926,-206.7998,-22.8881,157.8936,50.0000
5.8100,98.7553,72.4253,-150.4198,48.5172,-4.9987,32.3442,-441.4631,6.2820,-216.8349,-24.4174,158.5441,50.0000
5.8200,99.2184,72.3756,-150.1073,44.1803,-4.8974,30.1313,-425.7353,13.5669,-224.6129,-25.8283,159.1442,50.0000
5.8300,99.6389,72.3273,-149.8172,40.0025,-4.7274,27.8519,-409.6259,19.9845,-230.1289,-27.1219,159.6944,50.0000
5.8400,100.0185,72.2811,-149.5502,35.9878,-4.4977,25.5287,-393.1165,25.4811,-233.3839,-28.3001,160.1955,50.0000
5.8500,100.3587,72.2374,-149.3066,32.1402,-4.2178,23.1843,-376.1676,30.0235,-234.3854,-29.3648,160.6484,50.0000
5.8600,100.6613,72.1967,-149.0865,28.4644,-3.8972,20.8410,-358.7206,33.5968,-233.1467,-30.3188,161.0542,50.0000
5.8700,100.9280,72.1594,-148.8898,24.9658,-3.5458,18.5213,-340.6989,36.2024,-229.6875,-31.1652,161.4142,50.0000
5.8800,101.1606,72.1258,-148.7161,21.6504,-3.1732,16.2473,-322.0105,37.8555,-224.0334,-31.9078,161.7301,50.0000
5.8900,101.3610,72.0960,-148.5649,18.5256,-2.7887,14.0407,-302.5490,38.5833,-216.2155,-32.5509,162.0036,50.0000
5.9000,101.5311,72.0700,-148.4353,15.5995,-2.4015,11.9230,-282.1959,38.4235,-206.2705,-33.0992,162.2368,50.0000
5.9100,101.6730,72.0479,-148.3264,12.8817,-2.0202,9.9152,-260.8220,37.4223,-194.2393,-33.5582,162.4320,50.0000
5.9200,101.7887,72.0296,-148.2370,10.3830,-1.6531,8.0382,-238.2899,35.6326,-180.1667,-33.9339,162.5918,50.0000
5.9300,101.8806,72.0149,-148.1656,8.1159,-1.3076,6.3119,-214.4561,33.1124,-164.1000,-34.2329,162.7190,50.0000
5.9400,101.9511,72.0035,-148.1108,6.0939,-0.9908,4.7562,-189.1736,29.9224,-146.0876,-34.4624,162.8166,50.0000
5.9500,102.0025,71.9951,-148.0705,4.3324,-0.7091,3.3902,-162.2950,26.1241,-126.1766,-34.6304,162.8881,50.0000
5.9600,102.0377,71.9893,-148.0430,2.8480,-0.4683,2.2326,-133.6759,21.7774,-104.4113,-34.7454,162.9370,50.0000
5.9700,102.0595,71.9857,-148.0259,1.6589,-0.2736,1.3019,-103.1786,16.9374,-80.8297,-34.8166,162.9673,50.0000
5.9800,102.0709,71.9838,-148.0169,0.7844,-0.1296,0.6160,-70.6768,11.6517,-55.4604,-34.8539,162.9832,50.0000
5.9900,102.0752,71.9831,-148.0136,0.2453,-0.0406,0.1927,-36.1082,5.9645,-28.3561,-34.8680,162.9891,50.0000
6.0000,102.0758,71.9830,-148.0131,0.0623,-0.0103,0.0489,-18.3065,3.0262,-14.3805,-34.8700,162.9900,50.0000
6.0100,102.0758,71.9827,-148.0132,0.0000,-0.1305,-0.0471,0.0000,-19.2083,-6.9239,-34.8700,162.9900,49.9992
6.0200,102.0758,71.9804,-148.0140,0.0000,-0.4173,-0.1504,0.0000,-37.5875,-13.5428,-34.8700,162.9900,49.9938
6.0300,102.0758,71.9743,-148.0162,0.0000,-0.8823,-0.3179,0.0000,-54.8407,-19.7400,-34.8700,162.9900,49.9794
6.0400,102.0758,71.9627,-148.0204,0.0000,-1.5141,-0.5452,-0.0000,-70.9770,-25.5044,-34.8700,162.9900,49.9518
6.0500,102.0758,71.9440,-148.0271,0.0000,-2.3018,-0.8280,0.0000,-86.0332,-30.8312,-34.8700,162.9900,49.9074
6.0600,102.0758,71.9167,-148.0369,0.0000,-3.2348,-1.1618,0.0000,-100.0478,-35.7138,-34.8700,162.9900,49.8424
6.0700,102.0758,71.8793,-148.0503,0.0000,-4.3028,-1.5423,0.0000,-113.0599,-40.1444,-34.8700,162.9900,49.7536
6.0800,102.0758,71.8307,-148.0678,0.0000,-5.4960,-1.9647,0.0000,-125.1089,-44.1147,-34.8700,162.9900,49.6380
6.0900,102.0758,71.7694,-148.0896,0.0000,-6.8049,-2.4246,0.0000,-136.2334,-47.6165,-34.8700,162.9900,49.4927
6.1000,102.0758,71.6946,-148.1163,0.0000,-8.2206,-2.9171,0.0000,-146.4707,-50.6422,-34.8700,162.9900,49.3152
6.1100,102.0758,71.6050,-148.1480,0.0000,-9.7344,-3.4374,0.0000,-155.8565,-53.1850,-34.8700,162.9900,49.1032
6.1200,102.0758,71.4999,-148.1850,0.0000,-11.3378,-3.9808,0.0000,-164.4239,-55.2395,-34.8700,162.9900,48.8545
6.1300,102.0758,71.3783,-148.2276,0.0000,-13.0228,-4.5422,0.0000,-172.2035,-56.8019,-34.8700,162.9900,48.5673
6.1400,102.0758,71.2394,-148.2759,0.0000,-14.7818,-5.1168,0.0000,-179.2228,-57.8703,-34.8700,162.9900,48.2400
6.1500,102.0758,71.0826,-148.3299,0.0000,-16.6073,-5.6996,0.0000,-185.5060,-58.4447,-34.8700,162.9900,47.8710
6.1600,102.0758,70.9073,-148.3898,0.0000,-18.4920,-6.2857,0.0000,-191.0736,-58.5272,-34.8700,162.9900,47.4593
6.1700,102.0758,70.7128,-148.4556,0.0000,-20.4288,-6.8702,0.0000,-195.9427,-58.1223,-34.8700,162.9900,47.0037
6.1800,102.0758,70.4987,-148.5272,0.0000,-22.4108,-7.4481,0.0000,-200.1265,-57.2368,-34.8700,162.9900,46.5034
6.1900,102.0758,70.2646,-148.6046,0.0000,-24.4313,-8.0149,0.0000,-203.6349,-55.8800,-34.8700,162.9900,45.9578
6.2000,102.0758,70.0101,-148.6875,0.0000,-26.4835,-8.5657,0.0000,-206.4739,-54.0634,-34.8700,162.9900,45.3664
6.2100,102.0758,69.7349,-148.7759,0.0000,-28.5608,-9.0962,0.0000,-208.6465,-51.8012,-34.8700,162.9900,44.7289
6.2200,102.0758,69.4388,-148.8695,0.0000,-30.6564,-9.6018,0.0000,-210.1524,-49.1099,-34.8700,162.9900,44.0453
6.2300,102.0758,69.1218,-148.9679,0.0000,-32.7638,-10.0784,0.0000,-210.9887,-46.0085,-34.8700,162.9900,43.3155
6.2400,102.0758,68.7836,-149.0710,0.0000,-34.8762,-10.5219,0.0000,-211.1500,-42.5186,-34.8700,162.9900,42.5399
6.2500,102.0758,68.4242,-149.1784,0.0000,-36.9868,-10.9287,0.0000,-210.6293,-38.6638,-34.8700,162.9900,41.7188
6.2600,102.0758,68.0438,-149.2896,0.0000,-39.0888,-11.2952,0.0000,-209.4180,-34.4703,-34.8700,162.9900,40.8526
6.2700,102.0758,67.6425,-149.4043,0.0000,-41.1752,-11.6181,0.0000,-207.5070,-29.9665,-34.8700,162.9900,39.9421
6.2800,102.0758,67.2203,-149.5220,0.0000,-43.2389,-11.8945,-0.0000,-204.8869,-25.1828,-34.8700,162.9900,38.9882
6.2900,102.0758,66.7777,-149.6422,-0.0000,-45.2729,-12.1218,-0.0000,-201.5490,-20.1519,-34.8700,162.9900,37.9916
6.3000,102.0758,66.3149,-149.7644,0.0000,-47.2699,-12.2976,0.0000,-197.4858,-14.9083,-34.8700,162.9900,36.9536
6.3100,102.0758,65.8323,-149.8881,0.0000,-49.2226,-12.4200,0.0000,-192.6918,-9.4883,-34.8700,162.9900,35.8753
6.3200,102.0758,65.3304,-150.0128,0.0000,-51.1238,-12.4873,0.0000,-187.1643,-3.9298,-34.8700,162.9900,34.7579
6.3300,102.0758,64.8098,-150.1379,0.0000,-52.9659,-12.4986,0.0000,-180.9040,1.7276,-34.8700,162.9900,33.6030
6.3400,102.0758,64.2711,-150.2628,0.0000,-54.7418,-12.4528,0.0000,-173.9156,7.4433,-34.8700,162.9900,32.4119
6.3500,102.0758,63.7150,-150.3869,0.0000,-56.4442,-12.3497,-0.0000,-166.2086,13.1756,-34.8700,162.9900,31.1864
6.3600,102.0758,63.1422,-150.5098,-0.0000,-58.0660,-12.1893,-0.0000,-157.7977,18.8819,-34.8700,162.9900,29.9282
6.3700,102.0758,62.5537,-150.6307,0.0000,-59.6002,-11.9720,0.0000,-148.7034,24.5194,-34.8700,162.9900,28.6390
6.3800,102.0758,61.9502,-150.7492,0.0000,-61.0401,-11.6989,0.0000,-138.9523,30.0450,-34.8700,162.9900,27.3207
6.3900,102.0758,61.3329,-150.8647,0.0000,-62.3792,-11.3711,0.0000,-128.5771,35.4158,-34.8700,162.9900,25.9753
6.4000,102.0758,60.7026,-150.9766,0.0000,-63.6116,-10.9906,0.0000,-117.6171,40.5895,-34.8700,162.9900,24.6048
6.4100,102.0758,60.0606,-151.0845,0.0000,-64.7316,-10.5594,-0.0000,-106.1177,45.5248,-34.8700,162.9900,23.2112
6.4200,102.0758,59.4080,-151.1878,-0.0000,-65.7340,-10.0801,-0.0000,-94.1304,50.1818,-34.8700,162.9900,21.7968
6.4300,102.0758,58.7459,-151.2861,0.0000,-66.6142,-9.5557,0.0000,-81.7122,54.5225,-34.8700,162.9900,20.3636
6.4400,102.0758,58.0757,-151.3789,0.0000,-67.3682,-8.9896,0.0000,-68.9254,58.5109,-34.8700,162.9900,18.9140
6.4500,102.0758,57.3986,-151.4659,0.0000,-67.9927,-8.3855,0.0000,-55.8364,62.1141,-34.8700,162.9900,17.4501
6.4600,102.0758,56.7159,-151.5466,0.0000,-68.4849,-7.7474,0.0000,-42.5151,65.3019,-34.8700,162.9900,15.9744
6.4700,102.0758,56.0289,-151.6209,0.0000,-68.8430,-7.0795,-0.0000,-29.0342,68.0479,-34.8700,162.9900,14.4892
6.4800,102.0758,55.3390,-151.6882,-0.0000,-69.0656,-6.3864,-0.0000,-15.4677,70.3293,-34.8700,162.9900,12.9968
6.4900,102.0758,54.6476,-151.7486,0.0000,-69.1524,-5.6729,0.0000,-1.8899,72.1279,-34.8700,162.9900,11.4996
6.5000,102.0758,53.9559,-151.8017,0.0000,-69.1034,-4.9438,0.0000,11.6252,73.4295,-34.8700,162.9900,10.0000
6.5100,102.0758,53.2655,-151.8475,0.0000,-68.9198,-4.2043,0.0000,25.0058,74.2250,-34.8700,162.9900,8.5004
6.5200,102.0758,52.5776,-151.8858,0.0000,-68.6033,-3.4593,0.0000,38.1825,74.5099,-34.8700,162.9900,7.0032
6.5300,102.0758,51.8934,-151.9166,0.0000,-68.1562,-2.7141,0.0000,51.0898,74.2846,-34.8700,162.9900,5.5108
6.5400,102.0758,51.2144,-151.9401,0.0000,-67.5815,-1.9736,0.0000,63.6666,73.5547,-34.8700,162.9900,4.0256
6.5500,102.0758,50.5418,-151.9561,0.0000,-66.8829,-1.2430,0.0000,75.8573,72.3305,-34.8700,162.9900,2.5498
6.5600,102.0758,49.8768,-151.9649,0.0000,-66.0644,-0.5270,0.0000,87.6117,70.6271,-34.8700,162.9900,1.0860
6.5700,102.0758,49.2205,-151.9667,0.0000,-65.1306,0.1695,0.0000,98.8858,68.4640,-34.8700,162.9900,-0.3636
6.5800,102.0758,48.5742,-151.9615,0.0000,-64.0867,0.8422,0.0000,109.6420,65.8651,-34.8700,162.9900,-1.7968
6.5900,102.0758,47.9388,-151.9498,0.0000,-62.9378,1.4868,0.0000,119.8487,62.8583,-34.8700,162.9900,-3.2112
6.6000,102.0758,47.3154,-151.9318,0.0000,-61.6897,2.0994,0.0000,129.4807,59.4749,-34.8700,162.9900,-4.6048
6.6100,102.0758,46.7050,-151.9078,0.0000,-60.3482,2.6763,0.0000,138.5186,55.7496,-34.8700,162.9900,-5.9753
6.6200,102.0758,46.1084,-151.8783,0.0000,-58.9193,3.2144,0.0000,146.9485,51.7195,-34.8700,162.9900,-7.3207
6.6300,102.0758,45.5266,-151.8435,0.0000,-57.4092,3.7107,0.0000,154.7614,47.4242,-34.8700,162.9900,-8.6390
6.6400,102.0758,44.9603,-151.8041,0.0000,-55.8241,4.1629,0.0000,161.9527,42.9049,-34.8700,162.9900,-9.9282
6.6500,102.0758,44.4101,-151.7603,0.0000,-54.1702,4.5688,0.0000,168.5216,38.2042,-34.8700,162.9900,-11.1864
6.6600,102.0758,43.8769,-151.7127,0.0000,-52.4537,4.9270,0.0000,174.4704,33.3655,-34.8700,162.9900,-12.4119
6.6700,102.0758,43.3610,-151.6617,0.0000,-50.6807,5.2361,0.0000,179.8039,28.4325,-34.8700,162.9900,-13.6030
6.6800,102.0758,42.8632,-151.6080,0.0000,-48.8576,5.4956,0.0000,184.5286,23.4490,-34.8700,162.9900,-14.7579
6.6900,102.0758,42.3839,-151.5518,0.0000,-46.9902,5.7051,0.0000,188.6520,18.4582,-34.8700,162.9900,-15.8753
6.7000,102.0758,41.9234,-151.4939,0.0000,-45.0845,5.8648,0.0000,192.1824,13.5023,-34.8700,162.9900,-16.9536
6.7100,102.0758,41.4822,-151.4345,0.0000,-43.1465,5.9752,0.0000,195.1280,8.6227,-34.8700,162.9900,-17.9916
6.7200,102.0758,41.0605,-151.3743,0.0000,-41.1820,6.0372,0.0000,197.4964,3.8590,-34.8700,162.9900,-18.9882
6.7300,102.0758,40.6586,-151.3138,0.0000,-39.1966,6.0523,0.0000,199.2944,-0.7510,-34.8700,162.9900,-19.9421
6.7400,102.0758,40.2766,-151.2533,0.0000,-37.1961,6.0222,0.0000,200.5273,-5.1714,-34.8700,162.9900,-20.8526
6.7500,102.0758,39.9146,-151.1933,0.0000,-35.1861,5.9489,0.0000,201.1990,-9.3688,-34.8700,162.9900,-21.7188
6.7600,102.0758,39.5728,-151.1343,0.0000,-33.1721,5.8348,0.0000,201.3111,-13.3120,-34.8700,162.9900,-22.5399
6.7700,102.0758,39.2512,-151.0766,0.0000,-31.1598,5.6827,0.0000,200.8634,-16.9726,-34.8700,162.9900,-23.3155
6.7800,102.0758,38.9497,-151.0207,0.0000,-29.1548,5.4954,0.0000,199.8532,-20.3249,-34.8700,162.9900,-24.0453
6.7900,102.0758,38.6681,-150.9667,0.0000,-27.1628,5.2762,0.0000,198.2755,-23.3461,-34.8700,162.9900,-24.7289
6.8000,102.0758,38.4064,-150.9151,0.0000,-25.1893,5.0285,0.0000,196.1226,-26.0162,-34.8700,162.9900,-25.3664
6.8100,102.0758,38.1643,-150.8662,0.0000,-23.2403,4.7559,0.0000,193.3843,-28.3184,-34.8700,162.9900,-25.9578
6.8200,102.0758,37.9416,-150.8200,0.0000,-21.3216,4.4621,0.0000,190.0477,-30.2390,-34.8700,162.9900,-26.5034
6.8300,102.0758,37.7379,-150.7769,0.0000,-19.4394,4.1511,0.0000,186.0974,-31.7670,-34.8700,162.9900,-27.0037
6.8400,102.0758,37.5528,-150.7370,0.0000,-17.5997,3.8268,0.0000,181.5154,-32.8950,-34.8700,162.9900,-27.4593
6.8500,102.0758,37.3859,-150.7004,0.0000,-15.8091,3.4932,0.0000,176.2811,-33.6181,-34.8700,162.9900,-27.8711
6.8600,102.0758,37.2366,-150.6671,0.0000,-14.0741,3.1544,0.0000,170.3716,-33.9346,-34.8700,162.9900,-28.2400
6.8700,102.0758,37.1044,-150.6373,0.0000,-12.4016,2.8145,0.0000,163.7615,-33.8456,-34.8700,162.9900,-28.5673
6.8800,102.0758,36.9886,-150.6109,0.0000,-10.7988,2.4775,0.0000,156.4233,-33.3549,-34.8700,162.9900,-28.8545
6.8900,102.0758,36.8884,-150.5878,0.0000,-9.2732,2.1474,0.0000,148.3275,-32.4688,-34.8700,162.9900,-29.1032
6.9000,102.0758,36.8031,-150.5679,0.0000,-7.8323,1.8281,0.0000,139.4429,-31.1958,-34.8700,162.9900,-29.3152
6.9100,102.0758,36.7318,-150.5512,0.0000,-6.4843,1.5235,0.0000,129.7364,-29.5464,-34.8700,162.9900,-29.4927
6.9200,102.0758,36.6734,-150.5374,0.0000,-5.2376,1.2372,0.0000,119.1738,-27.5330,-34.8700,162.9900,-29.6380
6.9300,102.0758,36.6270,-150.5264,0.0000,-4.1008,0.9728,0.0000,107.7199,-25.1687,-34.8700,162.9900,-29.7536
6.9400,102.0758,36.5914,-150.5180,0.0000,-3.0832,0.7338,0.0000,95.3388,-22.4679,-34.8700,162.9900,-29.8424
6.9500,102.0758,36.5654,-150.5118,0.0000,-2.1940,0.5235,0.0000,81.9946,-19.4446,-34.8700,162.9900,-29.9074
6.9600,102.0758,36.5475,-150.5075,0.0000,-1.4433,0.3449,0.0000,67.6514,-16.1128,-34.8700,162.9900,-29.9518
6.9700,102.0758,36.5365,-150.5049,0.0000,-0.8410,0.2012,0.0000,52.2742,-12.4846,-34.8700,162.9900,-29.9794
6.9800,102.0758,36.5307,-150.5035,0.0000,-0.3978,0.0952,0.0000,35.8297,-8.5704,-34.8700,162.9900,-29.9938
6.9900,102.0758,36.5286,-150.5030,0.0000,-0.1244,0.0298,0.0000,18.3103,-4.3829,-34.8700,162.9900,-29.9992
7.0000,102.0758,36.5282,-150.5029,0.0000,-0.0316,0.0076,0.0000,9.2842,-2.2230,-34.8700,162.9900,-30.0000
7.0100,102.0758,36.5286,-150.5030,0.0000,0.1244,-0.0298,0.0000,18.3103,-4.3829,-34.8700,162.9900,-29.9992
7.0200,102.0758,36.5307,-150.5035,0.0000,0.3978,-0.0952,0.0000,35.8297,-8.5704,-34.8700,162.9900,-29.9938
7.0300,102.0758,36.5365,-150.5049,0.0000,0.8410,-0.2012,0.0000,52.2742,-12.4846,-34.8700,162.9900,-29.9794
7.0400,102.0758,36.5475,-150.5075,0.0000,1.4433,-0.3449,-0.0000,67.6514,-16.1128,-34.8700,162.9900,-29.9518
7.0500,102.0758,36.5654,-150.5118,0.0000,2.1940,-0.5235,0.0000,81.9946,-19.4446,-34.8700,162.9900,-29.9073
7.0600,102.0758,36.5914,-150.5180,0.0000,3.0832,-0.7338,0.0000,95.3388,-22.4679,-34.8700,162.9900,-29.8424
7.0700,102.0758,36.6270,-150.5264,0.0000,4.1008,-0.9728,0.0000,107.7199,-25.1687,-34.8700,162.9900,-29.7536
7.0800,102.0758,36.6734,-150.5374,0.0000,5.2376,-1.2372,0.0000,119.1738,-27.5330,-34.8700,162.9900,-29.6380
7.0900,102.0758,36.7318,-150.5512,0.0000,6.4843,-1.5235,0.0000,129.7364,-29.5464,-34.8700,162.9900,-29.4927
7.1000,102.0758,36.8031,-150.5679,0.0000,7.8323,-1.8281,0.0000,139.4429,-31.1958,-34.8700,162.9900,-29.3152
7.1100,102.0758,36.8884,-150.5878,0.0000,9.2732,-2.1474,0.0000,148.3275,-32.4688,-34.8700,162.9900,-29.1032
7.1200,102.0758,36.9886,-150.6109,0.0000,10.7988,-2.4775,0.0000,156.4233,-33.3549,-34.8700,162.9900,-28.8545
7.1300,102.0758,37.1044,-150.6373,0.0000,12.4016,-2.8145,0.0000,163.7615,-33.8456,-34.8700,162.9900,-28.5673
7.1400,102.0758,37.2366,-150.6671,0.0000,14.0741,-3.1544,0.0000,170.3716,-33.9346,-34.8700,162.9900,-28.2400
7.1500,102.0758,37.3859,-150.7004,0.0000,15.8091,-3.4932,0.0000,176.2811,-33.6181,-34.8700,162.9900,-27.8711
7.1600,102.0758,37.5528,-150.7370,0.0000,17.5997,-3.8268,0.0000,181.5154,-32.8950,-34.8700,162.9900,-27.4593
7.1700,102.0758,37.7379,-150.7769,0.0000,19.4394,-4.1511,0.0000,186.0974,-31.7670,-34.8700,162.9900,-27.0037
7.1800,102.0758,37.9416,-150.8200,0.0000,21.3216,-4.4621,0.0000,190.0477,-30.2390,-34.8700,162.9900,-26.5034
7.1900,102.0758,38.1643,-150.8662,0.0000,23.2403,-4.7559,0.0000,193.3843,-28.3184,-34.8700,162.9900,-25.9578
7.2000,102.0758,38.4064,-150.9151,0.0000,25.1893,-5.0285,0.0000,196.1226,-26.0162,-34.8700,162.9900,-25.3664
7.2100,102.0758,38.6681,-150.9667,0.0000,27.1628,-5.2762,0.0000,198.2755,-23.3461,-34.8700,162.9900,-24.7289
7.2200,102.0758,38.9497,-151.0207,0.0000,29.1548,-5.4954,0.0000,199.8532,-20.3249,-34.8700,162.9900,-24.0453
7.2300,102.0758,39.2512,-151.0766,0.0000,31.1598,-5.6827,0.0000,200.8634,-16.9726,-34.8700,162.9900,-23.3155
7.2400,102.0758,39.5728,-151.1343,0.0000,33.1721,-5.8348,0.0000,201.3111,-13.3120,-34.8700,162.9900,-22.5399
7.2500,102.0758,39.9146,-151.1933,0.0000,35.1861,-5.9489,0.0000,201.1990,-9.3688,-34.8700,162.9900,-21.7188
7.2600,102.0758,40.2766,-151.2533,0.0000,37.1961,-6.0222,0.0000,200.5273,-5.1714,-34.8700,162.9900,-20.8526
7.2700,102.0758,40.6586,-151.3138,0.0000,39.1966,-6.0523,0.0000,199.2944,-0.7510,-34.8700,162.9900,-19.9421
7.2800,102.0758,41.0605,-151.3743,0.0000,41.1820,-6.0372,-0.0000,197.4964,3.8590,-34.8700,162.9900,-18.9882
7.2900,102.0758,41.4822,-151.4345,-0.0000,43.1465,-5.9752,-0.0000,195.1280,8.6227,-34.8700,162.9900,-17.9916
7.3000,102.0758,41.9234,-151.4939,0.0000,45.0845,-5.8648,0.0000,192.1824,13.5023,-34.8700,162.9900,-16.9536
7.3100,102.0758,42.3839,-151.5518,0.0000,46.9902,-5.7051,0.0000,188.6520,18.4582,-34.8700,162.9900,-15.8753
7.3200,102.0758,42.8632,-151.6080,0.0000,48.8576,-5.4956,0.0000,184.5286,23.4490,-34.8700,162.9900,-14.7579
7.3300,102.0758,43.3610,-151.6617,0.0000,50.6807,-5.2361,0.0000,179.8039,28.4325,-34.8700,162.9900,-13.6030
7.3400,102.0758,43.8769,-151.7127,0.0000,52.4537,-4.9270,0.0000,174.4704,33.3655,-34.8700,162.9900,-12.4119
7.3500,102.0758,44.4101,-151.7603,0.0000,54.1702,-4.5688,-0.0000,168.5216,38.2042,-34.8700,162.9900,-11.1864
7.3600,102.0758,44.9603,-151.8041,-0.0000,55.8241,-4.1629,-0.0000,161.9527,42.9049,-34.8700,162.9900,-9.9282
7.3700,102.0758,45.5266,-151.8435,0.0000,57.4092,-3.7107,0.0000,154.7614,47.4242,-34.8700,162.9900,-8.6390
7.3800,102.0758,46.1084,-151.8783,0.0000,58.9193,-3.2144,0.0000,146.9485,51.7195,-34.8700,162.9900,-7.3207
7.3900,102.0758,46.7050,-151.9078,0.0000,60.3482,-2.6763,0.0000,138.5186,55.7496,-34.8700,162.9900,-5.9753
7.4000,102.0758,47.3154,-151.9318,0.0000,61.6897,-2.0994,0.0000,129.4807,59.4749,-34.8700,162.9900,-4.6048
7.4100,102.0758,47.9388,-151.9498,0.0000,62.9378,-1.4868,-0.0000,119.8487,62.8583,-34.8700,162.9900,-3.2112
7.4200,102.0758,48.5742,-151.9615,-0.0000,64.0867,-0.8422,-0.0000,109.6420,65.8651,-34.8700,162.9900,-1.7968
7.4300,102.0758,49.2205,-151.9667,0.0000,65.1306,-0.1695,0.0000,98.8858,68.4640,-34.8700,162.9900,-0.3636
7.4400,102.0758,49.8768,-151.9649,0.0000,66.0644,0.5270,0.0000,87.6117,70.6271,-34.8700,162.9900,1.0860
7.4500,102.0758,50.5418,-151.9561,0.0000,66.8829,1.2430,0.0000,75.8573,72.3305,-34.8700,162.9900,2.5499
7.4600,102.0758,51.2144,-151.9401,0.0000,67.5815,1.9736,0.0000,63.6666,73.5547,-34.8700,162.9900,4.0256
7.4700,102.0758,51.8934,-151.9166,0.0000,68.1562,2.7141,-0.0000,51.0898,74.2846,-34.8700,162.9900,5.5108
7.4800,102.0758,52.5776,-151.8858,-0.0000,68.6033,3.4593,-0.0000,38.1825,74.5099,-34.8700,162.9900,7.0032
7.4900,102.0758,53.2655,-151.8475,0.0000,68.9198,4.2043,0.0000,25.0058,74.2250,-34.8700,162.9900,8.5004
7.5000,102.0758,53.9559,-151.8017,0.0000,69.1034,4.9438,0.0000,11.6252,73.4295,-34.8700,162.9900,10.0000
7.5100,102.0758,54.6476,-151.7486,0.0000,69.1524,5.6729,0.0000,-1.8899,72.1279,-34.8700,162.9900,11.4996
7.5200,102.0758,55.3390,-151.6882,0.0000,69.0656,6.3864,0.0000,-15.4677,70.3293,-34.8700,162.9900,12.9968
7.5300,102.0758,56.0289,-151.6209,0.0000,68.8430,7.0795,0.0000,-29.0342,68.0479,-34.8700,162.9900,14.4892
7.5400,102.0758,56.7159,-151.5466,0.0000,68.4849,7.7474,0.0000,-42.5151,65.3019,-34.8700,162.9900,15.9744
7.5500,102.0758,57.3986,-151.4659,0.0000,67.9927,8.3855,0.0000,-55.8364,62.1141,-34.8700,162.9900,17.4502
7.5600,102.0758,58.0757,-151.3789,0.0000,67.3682,8.9896,0.0000,-68.9254,58.5109,-34.8700,162.9900,18.9140
7.5700,102.0758,58.7459,-151.2861,0.0000,66.6142,9.5557,0.0000,-81.7122,54.5225,-34.8700,162.9900,20.3636
7.5800,102.0758,59.4080,-151.1878,0.0000,65.7340,10.0801,0.0000,-94.1304,50.1818,-34.8700,162.9900,21.7968
7.5900,102.0758,60.0606,-151.0845,0.0000,64.7316,10.5594,0.0000,-106.1177,45.5248,-34.8700,162.9900,23.2112
7.6000,102.0758,60.7026,-150.9766,0.0000,63.6116,10.9906,0.0000,-117.6171,40.5895,-34.8700,162.9900,24.6048
7.6100,102.0758,61.3329,-150.8647,0.0000,62.3792,11.3711,0.0000,-128.5771,35.4158,-34.8700,162.9900,25.9753
7.6200,102.0758,61.9502,-150.7492,0.0000,61.0401,11.6989,0.0000,-138.9523,30.0450,-34.8700,162.9900,27.3207
7.6300,102.0758,62.5537,-150.6307,0.0000,59.6002,11.9720,0.0000,-148.7034,24.5194,-34.8700,162.9900,28.6390
7.6400,102.0758,63.1422,-150.5098,0.0000,58.0660,12.1893,0.0000,-157.7977,18.8819,-34.8700,162.9900,29.9282
7.6500,102.0758,63.7150,-150.3869,0.0000,56.4442,12.3497,0.0000,-166.2086,13.1756,-34.8700,162.9900,31.1864
7.6600,102.0758,64.2711,-150.2628,0.0000,54.7418,12.4528,0.0000,-173.9156,7.4433,-34.8700,162.9900,32.4119
7.6700,102.0758,64.8098,-150.1379,0.0000,52.9659,12.4986,0.0000,-180.9040,1.7276,-34.8700,162.9900,33.6030
7.6800,102.0758,65.3304,-150.0128,0.0000,51.1238,12.4873,0.0000,-187.1643,-3.9298,-34.8700,162.9900,34.7579
7.6900,102.0758,65.8323,-149.8881,0.0000,49.2226,12.4200,0.0000,-192.6918,-9.4883,-34.8700,162.9900,35.8753
7.7000,102.0758,66.3149,-149.7644,0.0000,47.2699,12.2976,0.0000,-197.4858,-14.9083,-34.8700,162.9900,36.9536
7.7100,102.0758,66.7777,-149.6422,0.0000,45.2729,12.1218,0.0000,-201.5490,-20.1519,-34.8700,162.9900,37.9916
7.7200,102.0758,67.2203,-149.5220,0.0000,43.2389,11.8945,0.0000,-204.8869,-25.1828,-34.8700,162.9900,38.9882
7.7300,102.0758,67.6425,-149.4043,0.0000,41.1752,11.6181,0.0000,-207.5070,-29.9665,-34.8700,162.9900,39.9421
7.7400,102.0758,68.0438,-149.2896,0.0000,39.0888,11.2952,0.0000,-209.4180,-34.4703,-34.8700,162.9900,40.8526
7.7500,102.0758,68.4242,-149.1784,0.0000,36.9868,10.9287,0.0000,-210.6293,-38.6638,-34.8700,162.9900,41.7188
7.7600,102.0758,68.7836,-149.0710,0.0000,34.8762,10.5219,0.0000,-211.1500,-42.5186,-34.8700,162.9900,42.5399
7.7700,102.0758,69.1218,-148.9679,0.0000,32.7638,10.0784,0.0000,-210.9887,-46.0085,-34.8700,162.9900,43.3155
7.7800,102.0758,69.4388,-148.8695,0.0000,30.6564,9.6018,0.0000,-210.1524,-49.1099,-34.8700,162.9900,44.0453
7.7900,102.0758,69.7349,-148.7759,0.0000,28.5608,9.0962,0.0000,-208.6465,-51.8012,-34.8700,162.9900,44.7289
7.8000,102.0758,70.0101,-148.6875,0.0000,26.4835,8.5657,0.0000,-206.4739,-54.0634,-34.8700,162.9900,45.3664
7.8100,102.0758,70.2646,-148.6046,0.0000,24.4313,8.0149,0.0000,-203.6349,-55.8800,-34.8700,162.9900,45.9578
7.8200,102.0758,70.4987,-148.5272,0.0000,22.4108,7.4481,0.0000,-200.1265,-57.2368,-34.8700,162.9900,46.5034
7.8300,102.0758,70.7128,-148.4556,0.0000,20.4288,6.8702,0.0000,-195.9427,-58.1223,-34.8700,162.9900,47.0037
7.8400,102.0758,70.9073,-148.3898,0.0000,18.4920,6.2857,0.0000,-191.0736,-58.5272,-34.8700,162.9900,47.4593
7.8500,102.0758,71.0826,-148.3299,0.0000,16.6073,5.6996,0.0000,-185.5060,-58.4447,-34.8700,162.9900,47.8711
7.8600,102.0758,71.2394,-148.2759,0.0000,14.7818,5.1168,0.0000,-179.2228,-57.8703,-34.8700,162.9900,48.2400
7.8700,102.0758,71.3783,-148.2276,0.0000,13.0228,4.5422,0.0000,-172.2035,-56.8019,-34.8700,162.9900,48.5673
7.8800,102.0758,71.4999,-148.1850,0.0000,11.3378,3.9808,0.0000,-164.4239,-55.2395,-34.8700,162.9900,48.8545
7.8900,102.0758,71.6050,-148.1480,0.0000,9.7344,3.4374,0.0000,-155.8565,-53.1850,-34.8700,162.9900,49.1032
7.9000,102.0758,71.6946,-148.1163,0.0000,8.2206,2.9171,0.0000,-146.4707,-50.6422,-34.8700,162.9900,49.3152
7.9100,102.0758,71.7694,-148.0896,0.0000,6.8049,2.4246,0.0000,-136.2334,-47.6165,-34.8700,162.9900,49.4927
7.9200,102.0758,71.8307,-148.0678,0.0000,5.4960,1.9647,0.0000,-125.1089,-44.1147,-34.8700,162.9900,49.6380
7.9300,102.0758,71.8793,-148.0503,0.0000,4.3028,1.5423,0.0000,-113.0599,-40.1444,-34.8700,162.9900,49.7536
7.9400,102.0758,71.9167,-148.0369,0.0000,3.2348,1.1618,0.0000,-100.0478,-35.7138,-34.8700,162.9900,49.8424
7.9500,102.0758,71.9440,-148.0271,0.0000,2.3018,0.8280,0.0000,-86.0332,-30.8312,-34.8700,162.9900,49.9074
7.9600,102.0758,71.9627,-148.0204,0.0000,1.5141,0.5452,0.0000,-70.9770,-25.5044,-34.8700,162.9900,49.9518
7.9700,102.0758,71.9743,-148.0162,0.0000,0.8823,0.3179,0.0000,-54.8407,-19.7400,-34.8700,162.9900,49.9794
7.9800,102.0758,71.9804,-148.0140,0.0000,0.4173,0.1504,0.0000,-37.5875,-13.5428,-34.8700,162.9900,49.9938
7.9900,102.0758,71.9827,-148.0132,0.0000,0.1305,0.0471,0.0000,-19.2083,-6.9239,-34.8700,162.9900,49.9992
8.0000,102.0758,71.9830,-148.0131,0.0000,0.0331,0.0119,0.0000,-9.7395,-3.5113,-34.8700,162.9900,50.0000
8.0100,102.0752,71.9831,-148.0136,-0.2453,0.0406,-0.1927,-36.1082,5.9645,-28.3561,-34.8680,162.9891,50.0000
8.0200,102.0709,71.9838,-148.0169,-0.7844,0.1296,-0.6160,-70.6768,11.6517,-55.4604,-34.8539,162.9832,50.0000
8.0300,102.0595,71.9857,-148.0259,-1.6589,0.2736,-1.3019,-103.1786,16.9374,-80.8297,-34.8166,162.9673,50.0000
8.0400,102.0377,71.9893,-148.0430,-2.8480,0.4683,-2.2326,-133.6759,21.7774,-104.4113,-34.7454,162.9370,50.0000
8.0500,102.0025,71.9951,-148.0705,-4.3324,0.7091,-3.3902,-162.2950,26.1241,-126.1766,-34.6304,162.8881,50.0000
8.0600,101.9511,72.0035,-148.1108,-6.0939,0.9908,-4.7562,-189.1736,29.9224,-146.0876,-34.4624,162.8166,50.0000
8.0700,101.8806,72.0149,-148.1656,-8.1159,1.3076,-6.3119,-214.4561,33.1124,-164.1000,-34.2329,162.7190,50.0000
8.0800,101.7887,72.0296,-148.2370,-10.3830,1.6531,-8.0382,-238.2899,35.6326,-180.1667,-33.9339,162.5918,50.0000
8.0900,101.6730,72.0479,-148.3264,-12.8817,2.0202,-9.9152,-260.8220,37.4223,-194.2393,-33.5582,162.4320,50.0000
8.1000,101.5311,72.0700,-148.4353,-15.5995,2.4015,-11.9230,-282.1959,38.4235,-206.2705,-33.0992,162.2368,50.0000
8.1100,101.3610,72.0960,-148.5649,-18.5256,2.7887,-14.0407,-302.5490,38.5833,-216.2155,-32.5509,162.0036,50.0000
8.1200,101.1606,72.1258,-148.7161,-21.6504,3.1732,-16.2473,-322.0105,37.8555,-224.0334,-31.9078,161.7301,50.0000
8.1300,100.9280,72.1594,-148.8898,-24.9658,3.5458,-18.5213,-340.6989,36.2024,-229.6875,-31.1652,161.4142,50.0000
8.1400,100.6613,72.1967,-149.0865,-28.4644,3.8972,-20.8410,-358.7206,33.5968,-233.1467,-30.3188,161.0542,50.0000
8.1500,100.3587,72.2374,-149.3066,-32.1402,4.2178,-23.1843,-376.1676,30.0235,-234.3854,-29.3648,160.6484,50.0000
8.1600,100.0185,72.2811,-149.5502,-35.9878,4.4977,-25.5287,-393.1165,25.4811,-233.3839,-28.3001,160.1955,50.0000
8.1700,99.6389,72.3273,-149.8172,-40.0025,4.7274,-27.8519,-409.6259,19.9845,-230.1289,-27.1219,159.6944,50.0000
8.1800,99.2184,72.3756,-150.1073,-44.1803,4.8974,-30.1313,-425.7353,13.5669,-224.6129,-25.8283,159.1442,50.0000
8.1900,98.7553,72.4253,-150.4198,-48.5172,4.9987,-32.3442,-441.4631,6.2820,-216.8349,-24.4174,158.5441,50.0000
8.2000,98.2481,72.4756,-150.7542,-53.0096,5.0230,-34.4680,-456.8043,-1.7926,-206.7998,-22.8881,157.8936,50.0000
8.2100,97.6951,72.5257,-151.1092,-57.6533,4.9629,-36.4802,-471.7291,-10.5532,-194.5190,-21.2397,157.1925,50.0000
8.2200,97.0950,72.5748,-151.4838,-62.4441,4.8120,-38.3584,-486.1802,-19.8663,-180.0102,-19.4719,156.4406,50.0000
8.2300,96.4463,72.6220,-151.8764,-67.3769,4.5655,-40.0804,-500.0712,-29.5659,-163.2980,-17.5848,155.6379,50.0000
8.2400,95.7475,72.6662,-152.2854,-72.4456,4.2206,-41.6243,-513.2841,-39.4503,-144.4140,-15.5791,154.7848,50.0000
8.2500,94.9973,72.7064,-152.7089,-77.6426,3.7765,-42.9687,-525.6678,-49.2803,-123.3982,-13.4557,153.8817,50.0000
8.2600,94.1946,72.7417,-153.1447,-82.9589,3.2350,-44.0923,-537.0364,-58.7772,-100.2995,-11.2160,152.9290,50.0000
8.2700,93.3382,72.7711,-153.5907,-88.3833,2.6010,-44.9747,-547.1680,-67.6232,-75.1778,-8.8616,151.9276,50.0000
8.2800,92.4270,72.7937,-154.0442,-93.9023,1.8826,-45.5959,-555.8050,-75.4637,-48.1060,-6.3948,150.8784,50.0000
8.2900,91.4601,72.8087,-154.5026,-99.4994,1.0917,-45.9368,-562.6546,-81.9129,-19.1727,-3.8179,149.7823,50.0000
8.3000,90.4370,72.8155,-154.9630,-105.1554,0.2443,-45.9793,-567.3912,-86.5630,11.5144,-1.1336,148.6406,50.0000
8.3100,89.3570,72.8136,-155.4222,-110.8473,-0.6395,-45.7065,-569.6606,-88.9986,43.8238,1.6548,147.4545,50.0000
8.3200,88.2200,72.8028,-155.8771,-116.5486,-1.5357,-45.1028,-569.0862,-88.8170,77.5957,4.5442,146.2256,50.0000
8.3300,87.0260,72.7829,-156.3243,-122.2290,-2.4159,-44.1546,-565.2779,-85.6542,112.6359,7.5307,144.9553,50.0000
8.3400,85.7754,72.7544,-156.7602,-127.8541,-3.2487,-42.8501,-557.8431,-79.2175,148.7094,10.6105,143.6453,50.0000
8.3500,84.4690,72.7179,-157.1813,-133.3858,-4.0002,-41.1804,-546.4013,-69.3234,185.5339,13.7795,142.2974,50.0000
8.3600,83.1077,72.6744,-157.5838,-138.7822,-4.6352,-39.1394,-530.6007,-55.9380,222.7739,17.0331,140.9135,50.0000
8.3700,81.6933,72.6252,-157.9640,-143.9979,-5.1190,-36.7249,-510.1371,-39.2172,260.0352,20.3668,139.4956,50.0000
8.3800,80.2278,72.5720,-158.3183,-148.9849,-5.4196,-33.9387,-484.7748,-19.5418,296.8624,23.7757,138.0457,50.0000
8.3900,78.7136,72.5168,-158.6428,-153.6933,-5.5098,-30.7877,-454.3673,2.4608,332.7401,27.2548,136.5659,50.0000
8.4000,77.1539,72.4619,-158.9340,-158.0722,-5.3703,-27.2839,-418.8775,25.9121,367.0983,30.7988,135.0585,50.0000
8.4100,75.5522,72.4094,-159.1885,-162.0709,-4.9916,-23.4457,-378.3953,49.7043,399.3246,34.4024,133.5257,50.0000
8.4200,73.9125,72.3620,-159.4030,-165.6402,-4.3763,-19.2974,-333.1508,72.5516,428.7831,38.0600,131.9700,50.0000
8.4300,72.2394,72.3219,-159.5745,-168.7339,-3.5406,-14.8700,-283.5209,93.0716,454.8398,41.7660,130.3937,50.0000
8.4400,70.5378,72.2912,-159.7004,-171.3106,-2.5148,-10.2006,-230.0297,109.8928,476.8937,45.5146,128.7993,50.0000
8.4500,68.8132,72.2716,-159.7785,-173.3345,-1.3427,-5.3322,-173.3387,121.7773,494.4109,49.2998,127.1892,50.0000
8.4600,67.0711,72.2644,-159.8070,-174.7773,-0.0793,-0.3124,-114.2299,127.7446,506.9579,53.1158,125.5661,50.0000
8.4700,65.3176,72.2700,-159.7847,-175.6191,1.2122,4.8070,-53.5795,127.1783,514.2309,56.9565,123.9326,50.0000
8.4800,63.5587,72.2886,-159.7109,-175.8489,2.4643,9.9722,7.6745,119.8992,516.0755,60.8156,122.2911,50.0000
8.4900,61.8006,72.3193,-159.5853,-175.4656,3.6102,15.1285,68.5697,106.1920,512.4963,64.6872,120.6444,50.0000
8.5000,60.0494,72.3608,-159.4083,-174.4775,4.5881,20.2221,128.1578,86.7814,503.6530,68.5650,118.9950,50.0000
8.5100,58.3111,72.4111,-159.1808,-172.9025,5.3458,25.2016,185.5428,62.7601,489.8448,72.4428,117.3456,50.0000
8.5200,56.5914,72.4677,-158.9043,-170.7667,5.8433,30.0190,239.9152,35.4813,471.4855,76.3144,115.6989,50.0000
8.5300,54.8958,72.5279,-158.5804,-168.1042,6.0554,34.6313,290.5796,6.4314,449.0728,80.1735,114.0574,50.0000
8.5400,53.2293,72.5888,-158.2116,-164.9551,5.9720,39.0005,336.9749,-22.8980,423.1555,84.0142,112.4239,50.0000
8.5500,51.5966,72.6474,-157.8004,-161.3647,5.5975,43.0944,378.6857,-51.1243,394.3027,87.8302,110.8008,50.0000
8.5600,50.0020,72.7008,-157.3497,-157.3814,4.9495,46.8865,415.4446,-77.0610,363.0775,91.6154,109.1907,50.0000
8.5700,48.4490,72.7464,-156.8627,-153.0558,4.0562,50.3559,447.1278,-99.7745,330.0171,95.3640,107.5963,50.0000
8.5800,46.9409,72.7819,-156.3426,-148.4388,2.9540,53.4869,473.7429,-118.6077,295.6183,99.0700,106.0200,50.0000
8.5900,45.4802,72.8055,-155.7930,-143.5809,1.6841,56.2683,495.4128,-133.1776,260.3302,102.7276,104.4643,50.0000
8.6000,44.0693,72.8156,-155.2173,-138.5306,0.2904,58.6935,512.3557,-143.3498,224.5507,106.3312,102.9315,50.0000
8.6100,42.7096,72.8113,-154.6191,-133.3338,-1.1829,60.7593,524.8651,-149.2017,188.6279,109.8752,101.4241,50.0000
8.6200,41.4026,72.7919,-154.0021,-128.0333,-2.6936,62.4660,533.2884,-150.9763,152.8628,113.3543,99.9443,50.0000
8.6300,40.1490,72.7574,-153.3698,-122.6680,-4.2024,63.8166,538.0075,-149.0378,117.5140,116.7632,98.4944,50.0000
8.6400,38.9492,72.7079,-152.7257,-117.2731,-5.6744,64.8163,539.4219,-143.8281,82.8034,120.0969,97.0765,50.0000
8.6500,37.8035,72.6439,-152.0735,-111.8796,-7.0790,65.4726,537.9335,-135.8301,48.9213,123.3505,95.6926,50.0000
8.6600,36.7116,72.5663,-151.4163,-106.5144,-8.3910,65.7947,533.9345,-125.5385,16.0317,126.5195,94.3447,50.0000
8.6700,35.6732,72.4761,-150.7576,-101.2009,-9.5898,65.7933,527.7985,-113.4362,-15.7235,129.5993,93.0347,50.0000
8.6800,34.6876,72.3745,-150.1004,-95.9585,-10.6597,65.4803,519.8734,-99.9793,-46.2203,132.5858,91.7644,50.0000
8.6900,33.7540,72.2629,-149.4480,-90.8034,-11.5893,64.8689,510.4770,-85.5860,-75.3492,135.4752,90.5355,50.0000
8.7000,32.8716,72.1427,-148.8031,-85.7489,-12.3714,63.9733,499.8942,-70.6314,-103.0123,138.2636,89.3494,50.0000
8.7100,32.0391,72.0155,-148.1685,-80.8055,-13.0020,62.8086,488.3763,-55.4456,-129.1215,140.9479,88.2077,50.0000
8.7200,31.2554,71.8827,-147.5469,-75.9814,-13.4803,61.3908,476.1407,-40.3141,-153.5961,143.5248,87.1116,50.0000
8.7300,30.5194,71.7459,-146.9407,-71.2827,-13.8083,59.7367,463.3719,-25.4801,-176.3621,145.9916,86.0624,50.0000
8.7400,29.8298,71.6065,-146.3521,-66.7140,-13.9899,57.8636,450.2234,-11.1480,-197.3504,148.3460,85.0610,50.0000
8.7500,29.1852,71.4661,-145.7834,-62.2783,-14.0312,55.7897,436.8191,2.5126,-216.4968,150.5857,84.1083,50.0000
8.7600,28.5842,71.3259,-145.2364,-57.9776,-13.9397,53.5337,423.2561,15.3632,-233.7412,152.7091,83.2052,50.0000
8.7700,28.0256,71.1873,-144.7127,-53.8131,-13.7240,51.1149,409.6063,27.2922,-249.0272,154.7148,82.3521,50.0000
8.7800,27.5080,71.0514,-144.2141,-49.7855,-13.3938,48.5531,395.9189,38.2113,-262.3025,156.6019,81.5494,50.0000
8.7900,27.0299,70.9194,-143.7417,-45.8948,-12.9597,45.8688,382.2222,48.0520,-273.5186,158.3697,80.7975,50.0000
8.8000,26.5901,70.7922,-143.2967,-42.1410,-12.4328,43.0828,368.5259,56.7633,-282.6312,160.0181,80.0964,50.0000
8.8100,26.1871,70.6707,-142.8800,-38.5242,-11.8245,40.2162,354.8225,64.3086,-289.6004,161.5474,79.4459,50.0000
8.8200,25.8196,70.5557,-142.4924,-35.0446,-11.1466,37.2907,341.0888,70.6644,-294.3911,162.9583,78.8458,50.0000
8.8300,25.4862,70.4478,-142.1342,-31.7025,-10.4112,34.3284,327.2876,75.8176,-296.9732,164.2519,78.2956,50.0000
8.8400,25.1855,70.3475,-141.8058,-28.4988,-9.6302,31.3513,313.3686,79.7654,-297.3222,165.4301,77.7945,50.0000
8.8500,24.9162,70.2552,-141.5072,-25.4351,-8.8159,28.3819,299.2697,82.5129,-295.4190,166.4948,77.3416,50.0000
8.8600,24.6768,70.1712,-141.2381,-22.5134,-7.9800,25.4429,284.9176,84.0731,-291.2508,167.4488,76.9358,50.0000
8.8700,24.4659,70.0956,-140.9983,-19.7367,-7.1344,22.5569,270.2293,84.4656,-284.8103,168.2952,76.5758,50.0000
8.8800,24.2821,70.0285,-140.7870,-17.1088,-6.2907,19.7467,255.1126,83.7163,-276.0964,169.0378,76.2599,50.0000
8.8900,24.1238,69.9698,-140.6034,-14.6345,-5.4601,17.0350,239.4668,81.8561,-265.1139,169.6809,75.9864,50.0000
8.9000,23.9894,69.9193,-140.4463,-12.3195,-4.6536,14.4444,223.1844,78.9212,-251.8726,170.2292,75.7532,50.0000
8.9100,23.8774,69.8767,-140.3145,-10.1708,-3.8817,11.9975,206.1513,74.9512,-236.3873,170.6882,75.5580,50.0000
8.9200,23.7860,69.8417,-140.2064,-8.1965,-3.1545,9.7167,188.2490,69.9892,-218.6767,171.0639,75.3982,50.0000
8.9300,23.7134,69.8136,-140.1202,-6.4058,-2.4819,7.6240,169.3554,64.0804,-198.7624,171.3629,75.2710,50.0000
8.9400,23.6579,69.7920,-140.0539,-4.8094,-1.8729,5.7414,149.3467,57.2708,-176.6673,171.5924,75.1734,50.0000
8.9500,23.6173,69.7762,-140.0053,-3.4189,-1.3365,4.0906,128.1001,49.6059,-152.4143,171.7604,75.1019,50.0000
8.9600,23.5895,69.7653,-139.9721,-2.2474,-0.8808,2.6931,105.4958,41.1291,-126.0241,171.8754,75.0530,50.0000
8.9700,23.5723,69.7585,-139.9515,-1.3090,-0.5139,1.5702,81.4202,31.8793,-97.5126,171.9466,75.0227,50.0000
8.9800,23.5633,69.7550,-139.9407,-0.6190,-0.2432,0.7429,55.7696,21.8888,-66.8885,171.9839,75.0068,50.0000
8.9900,23.5599,69.7537,-139.9366,-0.1936,-0.0761,0.2324,28.4916,11.1950,-34.1948,171.9980,75.0009,50.0000
9.0000,23.5594,69.7535,-139.9360,-0.0491,-0.0193,0.0590,14.4448,5.6782,-17.3407,172.0000,75.0000,50.0000
9.0100,23.5594,69.7532,-139.9361,0.0000,-0.1071,-0.0408,0.0000,-15.7672,-5.9977,172.0000,75.0000,49.9992
9.0200,23.5594,69.7513,-139.9368,0.0000,-0.3425,-0.1303,0.0000,-30.8535,-11.7309,172.0000,75.0000,49.9938
9.0300,23.5594,69.7464,-139.9387,0.0000,-0.7242,-0.2754,0.0000,-45.0149,-17.0982,172.0000,75.0000,49.9794
9.0400,23.5594,69.7369,-139.9423,0.0000,-1.2428,-0.4723,0.0000,-58.2581,-22.0893,172.0000,75.0000,49.9518
9.0500,23.5594,69.7215,-139.9482,0.0000,-1.8894,-0.7172,-0.0000,-70.6126,-26.6993,172.0000,75.0000,49.9074
9.0600,23.5594,69.6991,-139.9567,-0.0000,-2.6551,-1.0063,-0.0000,-82.1092,-30.9217,172.0000,75.0000,49.8424
9.0700,23.5594,69.6684,-139.9683,0.0000,-3.5316,-1.3356,0.0000,-92.7791,-34.7489,172.0000,75.0000,49.7536
9.0800,23.5594,69.6284,-139.9834,0.0000,-4.5107,-1.7012,-0.0000,-102.6537,-38.1727,172.0000,75.0000,49.6380
9.0900,23.5594,69.5782,-140.0023,-0.0000,-5.5846,-2.0991,0.0000,-111.7642,-41.1853,172.0000,75.0000,49.4927
9.1000,23.5594,69.5168,-140.0254,0.0000,-6.7460,-2.5249,0.0000,-120.1406,-43.7794,172.0000,75.0000,49.3152
9.1100,23.5594,69.4433,-140.0528,0.0000,-7.9874,-2.9746,-0.0000,-127.8119,-45.9485,172.0000,75.0000,49.1032
9.1200,23.5594,69.3570,-140.0849,-0.0000,-9.3022,-3.4439,-0.0000,-134.8054,-47.6875,172.0000,75.0000,48.8545
9.1300,23.5594,69.2572,-140.1217,0.0000,-10.6835,-3.9284,0.0000,-141.1464,-48.9931,172.0000,75.0000,48.5673
9.1400,23.5594,69.1433,-140.1634,0.0000,-12.1251,-4.4238,0.0000,-146.8583,-49.8635,172.0000,75.0000,48.2400
9.1500,23.5594,69.0147,-140.2102,0.0000,-13.6207,-4.9257,0.0000,-151.9620,-50.2990,172.0000,75.0000,47.8710
9.1600,23.5594,68.8709,-140.2619,0.0000,-15.1644,-5.4297,0.0000,-156.4761,-50.3020,172.0000,75.0000,47.4593
9.1700,23.5594,68.7114,-140.3188,0.0000,-16.7502,-5.9317,0.0000,-160.4167,-49.8772,172.0000,75.0000,47.0037
9.1800,23.5594,68.5359,-140.3806,0.0000,-18.3727,-6.4273,0.0000,-163.7973,-49.0315,172.0000,75.0000,46.5034
9.1900,23.5594,68.3440,-140.4473,0.0000,-20.0262,-6.9123,0.0000,-166.6288,-47.7740,172.0000,75.0000,45.9578
9.2000,23.5594,68.1354,-140.5188,0.0000,-21.7053,-7.3828,0.0000,-168.9200,-46.1165,172.0000,75.0000,45.3664
9.2100,23.5594,67.9099,-140.5950,0.0000,-23.4046,-7.8347,0.0000,-170.6771,-44.0728,172.0000,75.0000,44.7289
9.2200,23.5594,67.6673,-140.6755,0.0000,-25.1188,-8.2642,0.0000,-171.9044,-41.6592,172.0000,75.0000,44.0453
9.2300,23.5594,67.4075,-140.7603,0.0000,-26.8427,-8.6679,0.0000,-172.6042,-38.8942,172.0000,75.0000,43.3155
9.2400,23.5594,67.1304,-140.8489,0.0000,-28.5709,-9.0421,0.0000,-172.7772,-35.7984,172.0000,75.0000,42.5399
9.2500,23.5594,66.8361,-140.9411,0.0000,-30.2982,-9.3838,0.0000,-172.4229,-32.3947,172.0000,75.0000,41.7188
9.2600,23.5594,66.5245,-141.0366,0.0000,-32.0194,-9.6900,0.0000,-171.5395,-28.7077,172.0000,75.0000,40.8526
9.2700,23.5594,66.1957,-141.1349,0.0000,-33.7290,-9.9580,0.0000,-170.1249,-24.7643,172.0000,75.0000,39.9421
9.2800,23.5594,65.8499,-141.2357,0.0000,-35.4219,-10.1853,0.0000,-168.1765,-20.5928,172.0000,75.0000,38.9882
9.2900,23.5594,65.4873,-141.3386,0.0000,-37.0925,-10.3698,0.0000,-165.6920,-16.2234,172.0000,75.0000,37.9916
9.3000,23.5594,65.1081,-141.4431,0.0000,-38.7357,-10.5098,0.0000,-162.6695,-11.6875,172.0000,75.0000,36.9536
9.3100,23.5594,64.7126,-141.5488,0.0000,-40.3459,-10.6036,0.0000,-159.1082,-7.0180,172.0000,75.0000,35.8753
9.3200,23.5594,64.3011,-141.6552,0.0000,-41.9179,-10.6501,0.0000,-155.0085,-2.2489,172.0000,75.0000,34.7579
9.3300,23.5594,63.8742,-141.7618,0.0000,-43.4461,-10.6486,0.0000,-150.3728,2.5852,172.0000,75.0000,33.6030
9.3400,23.5594,63.4322,-141.8682,0.0000,-44.9253,-10.5984,0.0000,-145.2053,7.4487,172.0000,75.0000,32.4119
9.3500,23.5594,62.9757,-141.9738,0.0000,-46.3502,-10.4996,0.0000,-139.5130,12.3057,172.0000,75.0000,31.1864
9.3600,23.5594,62.5052,-142.0781,0.0000,-47.7156,-10.3523,0.0000,-133.3055,17.1202,172.0000,75.0000,29.9282
9.3700,23.5594,62.0214,-142.1808,0.0000,-49.0163,-10.1572,0.0000,-126.5955,21.8561,172.0000,75.0000,28.6390
9.3800,23.5594,61.5249,-142.2813,0.0000,-50.2475,-9.9152,0.0000,-119.3988,26.4779,172.0000,75.0000,27.3207
9.3900,23.5594,61.0164,-142.3791,0.0000,-51.4043,-9.6276,0.0000,-111.7348,30.9506,172.0000,75.0000,25.9753
9.4000,23.5594,60.4968,-142.4738,0.0000,-52.4822,-9.2962,0.0000,-103.6261,35.2400,172.0000,75.0000,24.6048
9.4100,23.5594,59.9668,-142.5650,0.0000,-53.4768,-8.9228,0.0000,-95.0989,39.3135,172.0000,75.0000,23.2112
9.4200,23.5594,59.4273,-142.6523,0.0000,-54.3842,-8.5099,0.0000,-86.1828,43.1398,172.0000,75.0000,21.7968
9.4300,23.5594,58.8791,-142.7352,0.0000,-55.2005,-8.0600,0.0000,-76.9104,46.6895,172.0000,75.0000,20.3636
9.4400,23.5594,58.3232,-142.8135,0.0000,-55.9224,-7.5761,0.0000,-67.3176,49.9353,172.0000,75.0000,18.9140
9.4500,23.5594,57.7607,-142.8868,0.0000,-56.5468,-7.0613,0.0000,-57.4428,52.8524,172.0000,75.0000,17.4501
9.4600,23.5594,57.1923,-142.9547,0.0000,-57.0712,-6.5191,0.0000,-47.3269,55.4185,172.0000,75.0000,15.9744
9.4700,23.5594,56.6192,-143.0171,0.0000,-57.4934,-5.9529,0.0000,-37.0127,57.6145,172.0000,75.0000,14.4892
9.4800,23.5594,56.0424,-143.0738,0.0000,-57.8115,-5.3668,0.0000,-26.5447,59.4241,172.0000,75.0000,12.9968
9.4900,23.5594,55.4630,-143.1245,0.0000,-58.0243,-4.7645,0.0000,-15.9684,60.8345,172.0000,75.0000,11.4996
9.5000,23.5594,54.8820,-143.1691,0.0000,-58.1308,-4.1501,0.0000,-5.3298,61.8364,172.0000,75.0000,10.0000
9.5100,23.5594,54.3004,-143.2075,0.0000,-58.1308,-3.5277,0.0000,5.3249,62.4239,172.0000,75.0000,8.5004
9.5200,23.5594,53.7193,-143.2396,0.0000,-58.0243,-2.9016,0.0000,15.9498,62.5949,172.0000,75.0000,7.0032
9.5300,23.5594,53.1399,-143.2655,0.0000,-57.8119,-2.2758,0.0000,26.5000,62.3510,172.0000,75.0000,5.5108
9.5400,23.5594,52.5631,-143.2851,0.0000,-57.4943,-1.6546,0.0000,36.9318,61.6974,172.0000,75.0000,4.0256
9.5500,23.5594,51.9900,-143.2986,0.0000,-57.0732,-1.0419,0.0000,47.2031,60.6427,172.0000,75.0000,2.5498
9.5600,23.5594,51.4216,-143.3060,0.0000,-56.5503,-0.4417,0.0000,57.2740,59.1995,172.0000,75.0000,1.0860
9.5700,23.5594,50.8590,-143.3074,0.0000,-55.9277,0.1421,-0.0000,67.1066,57.3832,172.0000,75.0000,-0.3636
9.5800,23.5594,50.3031,-143.3031,-0.0000,-55.2081,0.7059,-0.0000,76.6656,55.2129,172.0000,75.0000,-1.7968
9.5900,23.5594,49.7548,-143.2933,0.0000,-54.3944,1.2464,0.0000,85.9184,52.7103,172.0000,75.0000,-3.2112
9.6000,23.5594,49.2152,-143.2782,0.0000,-53.4898,1.7601,0.0000,94.8350,49.8999,172.0000,75.0000,-4.6048
9.6100,23.5594,48.6850,-143.2581,0.0000,-52.4977,2.2444,0.0000,103.3883,46.8089,172.0000,75.0000,-5.9753
9.6200,23.5594,48.1652,-143.2333,0.0000,-51.4220,2.6963,0.0000,111.5536,43.4663,172.0000,75.0000,-7.3207
9.6300,23.5594,47.6566,-143.2042,0.0000,-50.2667,3.1137,0.0000,119.3091,39.9032,172.0000,75.0000,-8.6390
9.6400,23.5594,47.1599,-143.1711,0.0000,-49.0358,3.4944,0.0000,126.6354,36.1522,172.0000,75.0000,-9.9282
9.6500,23.5594,46.6759,-143.1343,0.0000,-47.7339,3.8367,0.0000,133.5153,32.2470,172.0000,75.0000,-11.1864
9.6600,23.5594,46.2052,-143.0943,0.0000,-46.3655,4.1393,0.0000,139.9338,28.2223,172.0000,75.0000,-12.4119
9.6700,23.5594,45.7486,-143.0515,0.0000,-44.9353,4.4012,0.0000,145.8774,24.1133,172.0000,75.0000,-13.6030
9.6800,23.5594,45.3065,-143.0063,0.0000,-43.4480,4.6216,0.0000,151.3347,19.9553,172.0000,75.0000,-14.7579
9.6900,23.5594,44.8796,-142.9591,0.0000,-41.9086,4.8003,0.0000,156.2951,15.7836,172.0000,75.0000,-15.8753
9.7000,23.5594,44.4684,-142.9103,0.0000,-40.3221,4.9373,-0.0000,160.7494,11.6333,172.0000,75.0000,-16.9536
9.7100,23.5594,44.0732,-142.8603,-0.0000,-38.6936,5.0329,-0.0000,164.6888,7.5385,172.0000,75.0000,-17.9916
9.7200,23.5594,43.6945,-142.8096,0.0000,-37.0283,5.0880,0.0000,168.1053,3.5325,172.0000,75.0000,-18.9882
9.7300,23.5594,43.3326,-142.7586,0.0000,-35.3315,5.1036,0.0000,170.9909,-0.3526,172.0000,75.0000,-19.9421
9.7400,23.5594,42.9879,-142.7076,0.0000,-33.6085,5.0810,0.0000,173.3378,-4.0863,172.0000,75.0000,-20.8526
9.7500,23.5594,42.6604,-142.6570,0.0000,-31.8647,5.0219,0.0000,175.1377,-7.6396,172.0000,75.0000,-21.7188
9.7600,23.5594,42.3506,-142.6071,0.0000,-30.1057,4.9282,0.0000,176.3821,-10.9854,172.0000,75.0000,-22.5399
9.7700,23.5594,42.0583,-142.5584,0.0000,-28.3371,4.8022,0.0000,177.0617,-14.0987,172.0000,75.0000,-23.3155
9.7800,23.5594,41.7838,-142.5111,0.0000,-26.5645,4.6462,0.0000,177.1665,-16.9566,172.0000,75.0000,-24.0453
9.7900,23.5594,41.5270,-142.4655,0.0000,-24.7938,4.4630,0.0000,176.6857,-19.5388,172.0000,75.0000,-24.7289
9.8000,23.5594,41.2879,-142.4218,0.0000,-23.0308,4.2554,0.0000,175.6071,-21.8271,172.0000,75.0000,-25.3664
9.8100,23.5594,41.0664,-142.3804,0.0000,-21.2816,4.0265,0.0000,173.9177,-23.8062,172.0000,75.0000,-25.9578
9.8200,23.5594,40.8623,-142.3413,0.0000,-19.5524,3.7793,0.0000,171.6031,-25.4632,172.0000,75.0000,-26.5034
9.8300,23.5594,40.6754,-142.3048,0.0000,-17.8495,3.5172,-0.0000,168.6477,-26.7878,172.0000,75.0000,-27.0037
9.8400,23.5594,40.5053,-142.2709,-0.0000,-16.1795,3.2436,-0.0000,165.0346,-27.7727,172.0000,75.0000,-27.4593
9.8500,23.5594,40.3518,-142.2399,0.0000,-14.5489,2.9618,0.0000,160.7456,-28.4130,172.0000,75.0000,-27.8711
9.8600,23.5594,40.2143,-142.2117,0.0000,-12.9646,2.6753,0.0000,155.7611,-28.7065,172.0000,75.0000,-28.2400
9.8700,23.5594,40.0925,-142.1864,0.0000,-11.4336,2.3876,0.0000,150.0605,-28.6535,172.0000,75.0000,-28.5673
9.8800,23.5594,39.9857,-142.1640,0.0000,-9.9633,2.1022,0.0000,143.6215,-28.2570,172.0000,75.0000,-28.8545
9.8900,23.5594,39.8932,-142.1444,0.0000,-8.5612,1.8225,0.0000,136.4213,-27.5219,172.0000,75.0000,-29.1032
9.9000,23.5594,39.8144,-142.1275,0.0000,-7.2349,1.5518,0.0000,128.4356,-26.4554,172.0000,75.0000,-29.3152
9.9100,23.5594,39.7485,-142.1133,0.0000,-5.9925,1.2934,0.0000,119.6394,-25.0666,172.0000,75.0000,-29.4927
9.9200,23.5594,39.6946,-142.1016,0.0000,-4.8421,1.0505,0.0000,110.0068,-23.3659,172.0000,75.0000,-29.6380
9.9300,23.5594,39.6517,-142.0923,0.0000,-3.7924,0.8261,0.0000,99.5115,-21.3649,172.0000,75.0000,-29.7536
9.9400,23.5594,39.6187,-142.0851,0.0000,-2.8519,0.6232,0.0000,88.1266,-19.0759,172.0000,75.0000,-29.8424
9.9500,23.5594,39.5946,-142.0798,0.0000,-2.0298,0.4446,-0.0000,75.8252,-16.5114,172.0000,75.0000,-29.9074
9.9600,23.5594,39.5782,-142.0762,-0.0000,-1.3354,0.2929,-0.0000,62.5802,-13.6835,172.0000,75.0000,-29.9518
9.9700,23.5594,39.5679,-142.0740,0.0000,-0.7782,0.1709,0.0000,48.3652,-10.6030,172.0000,75.0000,-29.9794
9.9800,23.5594,39.5626,-142.0728,0.0000,-0.3681,0.0809,0.0000,33.1540,-7.2790,172.0000,75.0000,-29.9938
9.9900,23.5594,39.5606,-142.0724,0.0000,-0.1151,0.0253,0.0000,16.9438,-3.7226,172.0000,75.0000,-29.9992
10.0000,23.5594,39.5603,-142.0723,0.0000,-0.0292,0.0064,0.0000,8.5914,-1.8880,172.0000,75.0000,-30.0000
10.0100,23.5594,39.5606,-142.0724,0.0000,0.1151,-0.0253,0.0000,16.9438,-3.7226,172.0000,75.0000,-29.9992
10.0200,23.5594,39.5626,-142.0728,0.0000,0.3681,-0.0809,0.0000,33.1540,-7.2790,172.0000,75.0000,-29.9938
10.0300,23.5594,39.5679,-142.0740,0.0000,0.7782,-0.1709,0.0000,48.3652,-10.6030,172.0000,75.0000,-29.9794
10.0400,23.5594,39.5782,-142.0762,0.0000,1.3354,-0.2929,0.0000,62.5802,-13.6835,172.0000,75.0000,-29.9518
10.0500,23.5594,39.5946,-142.0798,0.0000,2.0298,-0.4446,-0.0000,75.8252,-16.5114,172.0000,75.0000,-29.9073
10.0600,23.5594,39.6187,-142.0851,-0.0000,2.8519,-0.6232,-0.0000,88.1266,-19.0759,172.0000,75.0000,-29.8424
10.0700,23.5594,39.6517,-142.0923,0.0000,3.7924,-0.8261,0.0000,99.5115,-21.3649,172.0000,75.0000,-29.7536
10.0800,23.5594,39.6946,-142.1016,0.0000,4.8421,-1.0505,-0.0000,110.0068,-23.3659,172.0000,75.0000,-29.6380
10.0900,23.5594,39.7485,-142.1133,-0.0000,5.9925,-1.2934,0.0000,119.6394,-25.0666,172.0000,75.0000,-29.4927
10.1000,23.5594,39.8144,-142.1275,0.0000,7.2349,-1.5518,0.0000,128.4356,-26.4554,172.0000,75.0000,-29.3152
10.1100,23.5594,39.8932,-142.1444,0.0000,8.5612,-1.8225,-0.0000,136.4213,-27.5219,172.0000,75.0000,-29.1032
10.1200,23.5594,39.9857,-142.1640,-0.0000,9.9633,-2.1022,-0.0000,143.6215,-28.2570,172.0000,75.0000,-28.8545
10.1300,23.5594,40.0925,-142.1864,0.0000,11.4336,-2.3876,0.0000,150.0605,-28.6535,172.0000,75.0000,-28.5673
10.1400,23.5594,40.2143,-142.2117,0.0000,12.9646,-2.6753,0.0000,155.7611,-28.7065,172.0000,75.0000,-28.2400
10.1500,23.5594,40.3518,-142.2399,0.0000,14.5489,-2.9618,0.0000,160.7456,-28.4130,172.0000,75.0000,-27.8711
10.1600,23.5594,40.5053,-142.2709,0.0000,16.1795,-3.2436,0.0000,165.0346,-27.7727,172.0000,75.0000,-27.4593
10.1700,23.5594,40.6754,-142.3048,0.0000,17.8495,-3.5172,0.0000,168.6477,-26.7878,172.0000,75.0000,-27.0037
10.1800,23.5594,40.8623,-142.3413,0.0000,19.5524,-3.7793,0.0000,171.6031,-25.4632,172.0000,75.0000,-26.5034
10.1900,23.5594,41.0664,-142.3804,0.0000,21.2816,-4.0265,0.0000,173.9177,-23.8062,172.0000,75.0000,-25.9578
10.2000,23.5594,41.2879,-142.4218,0.0000,23.0308,-4.2554,0.0000,175.6071,-21.8271,172.0000,75.0000,-25.3664
10.2100,23.5594,41.5270,-142.4655,0.0000,24.7938,-4.4630,0.0000,176.6857,-19.5388,172.0000,75.0000,-24.7289
10.2200,23.5594,41.7838,-142.5111,0.0000,26.5645,-4.6462,0.0000,177.1665,-16.9566,172.0000,75.0000,-24.0453
10.2300,23.5594,42.0583,-142.5584,0.0000,28.3371,-4.8022,0.0000,177.0617,-14.0987,172.0000,75.0000,-23.3155
10.2400,23.5594,42.3506,-142.6071,0.0000,30.1057,-4.9282,0.0000,176.3821,-10.9854,172.0000,75.0000,-22.5399
10.2500,23.5594,42.6604,-142.6570,0.0000,31.8647,-5.0219,0.0000,175.1377,-7.6396,172.0000,75.0000,-21.7188
10.2600,23.5594,42.9879,-142.7076,0.0000,33.6085,-5.0810,0.0000,173.3378,-4.0863,172.0000,75.0000,-20.8526
10.2700,23.5594,43.3326,-142.7586,0.0000,35.3315,-5.1036,0.0000,170.9909,-0.3526,172.0000,75.0000,-19.9421
10.2800,23.5594,43.6945,-142.8096,0.0000,37.0283,-5.0880,0.0000,168.1053,3.5325,172.0000,75.0000,-18.9882
10.2900,23.5594,44.0732,-142.8603,0.0000,38.6936,-5.0329,0.0000,164.6888,7.5385,172.0000,75.0000,-17.9916
10.3000,23.5594,44.4684,-142.9103,0.0000,40.3221,-4.9373,0.0000,160.7494,11.6333,172.0000,75.0000,-16.9536
10.3100,23.5594,44.8796,-142.9591,0.0000,41.9086,-4.8003,0.0000,156.2951,15.7836,172.0000,75.0000,-15.8753
10.3200,23.5594,45.3065,-143.0063,0.0000,43.4480,-4.6216,0.0000,151.3347,19.9553,172.0000,75.0000,-14.7579
10.3300,23.5594,45.7486,-143.0515,0.0000,44.9353,-4.4012,0.0000,145.8774,24.1133,172.0000,75.0000,-13.6030
10.3400,23.5594,46.2052,-143.0943,0.0000,46.3655,-4.1393,0.0000,139.9338,28.2223,172.0000,75.0000,-12.4119
10.3500,23.5594,46.6759,-143.1343,0.0000,47.7339,-3.8367,0.0000,133.5153,32.2470,172.0000,75.0000,-11.1864
10.3600,23.5594,47.1599,-143.1711,0.0000,49.0358,-3.4944,0.0000,126.6354,36.1522,172.0000,75.0000,-9.9282
10.3700,23.5594,47.6566,-143.2042,0.0000,50.2667,-3.1137,0.0000,119.3091,39.9032,172.0000,75.0000,-8.6390
10.3800,23.5594,48.1652,-143.2333,0.0000,51.4220,-2.6963,0.0000,111.5536,43.4663,172.0000,75.0000,-7.3207
10.3900,23.5594,48.6850,-143.2581,0.0000,52.4977,-2.2444,0.0000,103.3883,46.8089,172.0000,75.0000,-5.9753
10.4000,23.5594,49.2152,-143.2782,0.0000,53.4898,-1.7601,0.0000,94.8350,49.8999,172.0000,75.0000,-4.6048
10.4100,23.5594,49.7548,-143.2933,0.0000,54.3944,-1.2464,0.0000,85.9184,52.7103,172.0000,75.0000,-3.2112
10.4200,23.5594,50.3031,-143.3031,0.0000,55.2081,-0.7059,0.0000,76.6656,55.2129,172.0000,75.0000,-1.7968
10.4300,23.5594,50.8590,-143.3074,0.0000,55.9277,-0.1421,0.0000,67.1066,57.3832,172.0000,75.0000,-0.3636
10.4400,23.5594,51.4216,-143.3060,0.0000,56.5503,0.4417,0.0000,57.2740,59.1995,172.0000,75.0000,1.0860
10.4500,23.5594,51.9900,-143.2986,0.0000,57.0732,1.0419,0.0000,47.2031,60.6427,172.0000,75.0000,2.5499
10.4600,23.5594,52.5631,-143.2851,0.0000,57.4943,1.6546,0.0000,36.9318,61.6974,172.0000,75.0000,4.0256
10.4700,23.5594,53.1399,-143.2655,0.0000,57.8119,2.2758,0.0000,26.5000,62.3510,172.0000,75.0000,5.5108
10.4800,23.5594,53.7193,-143.2396,0.0000,58.0243,2.9016,0.0000,15.9498,62.5949,172.0000,75.0000,7.0032
10.4900,23.5594,54.3004,-143.2075,0.0000,58.1308,3.5277,0.0000,5.3249,62.4239,172.0000,75.0000,8.5004
10.5000,23.5594,54.8820,-143.1691,0.0000,58.1308,4.1501,0.0000,-5.3298,61.8364,172.0000,75.0000,10.0000
10.5100,23.5594,55.4630,-143.1245,0.0000,58.0243,4.7645,0.0000,-15.9684,60.8345,172.0000,75.0000,11.4996
10.5200,23.5594,56.0424,-143.0738,0.0000,57.8115,5.3668,0.0000,-26.5447,59.4241,172.0000,75.0000,12.9968
10.5300,23.5594,56.6192,-143.0171,0.0000,57.4934,5.9529,0.0000,-37.0127,57.6145,172.0000,75.0000,14.4892
10.5400,23.5594,57.1923,-142.9547,0.0000,57.0712,6.5191,0.0000,-47.3269,55.4185,172.0000,75.0000,15.9744
10.5500,23.5594,57.7607,-142.8868,0.0000,56.5468,7.0613,0.0000,-57.4428,52.8524,172.0000,75.0000,17.4502
10.5600,23.5594,58.3232,-142.8135,0.0000,55.9224,7.5761,0.0000,-67.3176,49.9353,172.0000,75.0000,18.9140
10.5700,23.5594,58.8791,-142.7352,0.0000,55.2005,8.0600,-0.0000,-76.9104,46.6895,172.0000,75.0000,20.3636
10.5800,23.5594,59.4273,-142.6523,-0.0000,54.3842,8.5099,-0.0000,-86.1828,43.1398,172.0000,75.0000,21.7968
10.5900,23.5594,59.9668,-142.5650,0.0000,53.4768,8.9228,0.0000,-95.0989,39.3135,172.0000,75.0000,23.2112
10.6000,23.5594,60.4968,-142.4738,0.0000,52.4822,9.2962,0.0000,-103.6261,35.2400,172.0000,75.0000,24.6048
10.6100,23.5594,61.0164,-142.3791,0.0000,51.4043,9.6276,0.0000,-111.7348,30.9506,172.0000,75.0000,25.9753
10.6200,23.5594,61.5249,-142.2813,0.0000,50.2475,9.9152,0.0000,-119.3988,26.4779,172.0000,75.0000,27.3207
10.6300,23.5594,62.0214,-142.1808,0.0000,49.0163,10.1572,0.0000,-126.5955,21.8561,172.0000,75.0000,28.6390
10.6400,23.5594,62.5052,-142.0781,0.0000,47.7156,10.3523,0.0000,-133.3055,17.1202,172.0000,75.0000,29.9282
10.6500,23.5594,62.9757,-141.9738,0.0000,46.3502,10.4996,0.0000,-139.5130,12.3057,172.0000,75.0000,31.1864
10.6600,23.5594,63.4322,-141.8682,0.0000,44.9253,10.5984,0.0000,-145.2053,7.4487,172.0000,75.0000,32.4119
10.6700,23.5594,63.8742,-141.7618,0.0000,43.4461,10.6486,0.0000,-150.3728,2.5852,172.0000,75.0000,33.6030
10.6800,23.5594,64.3011,-141.6552,0.0000,41.9179,10.6501,0.0000,-155.0085,-2.2489,172.0000,75.0000,34.7579
10.6900,23.5594,64.7126,-141.5488,0.0000,40.3459,10.6036,0.0000,-159.1082,-7.0180,172.0000,75.0000,35.8753
10.7000,23.5594,65.1081,-141.4431,0.0000,38.7357,10.5098,-0.0000,-162.6695,-11.6875,172.0000,75.0000,36.9536
10.7100,23.5594,65.4873,-141.3386,-0.0000,37.0925,10.3698,-0.0000,-165.6920,-16.2234,172.0000,75.0000,37.9916
10.7200,23.5594,65.8499,-141.2357,0.0000,35.4219,10.1853,0.0000,-168.1765,-20.5928,172.0000,75.0000,38.9882
10.7300,23.5594,66.1957,-141.1349,0.0000,33.7290,9.9580,0.0000,-170.1249,-24.7643,172.0000,75.0000,39.9421
10.7400,23.5594,66.5245,-141.0366,0.0000,32.0194,9.6900,0.0000,-171.5395,-28.7077,172.0000,75.0000,40.8526
10.7500,23.5594,66.8361,-140.9411,0.0000,30.2982,9.3838,0.0000,-172.4229,-32.3947,172.0000,75.0000,41.7188
10.7600,23.5594,67.1304,-140.8489,0.0000,28.5709,9.0421,0.0000,-172.7772,-35.7984,172.0000,75.0000,42.5399
10.7700,23.5594,67.4075,-140.7603,0.0000,26.8427,8.6679,0.0000,-172.6042,-38.8942,172.0000,75.0000,43.3155
10.7800,23.5594,67.6673,-140.6755,0.0000,25.1188,8.2642,0.0000,-171.9044,-41.6592,172.0000,75.0000,44.0453
10.7900,23.5594,67.9099,-140.5950,0.0000,23.4046,7.8347,0.0000,-170.6771,-44.0728,172.0000,75.0000,44.7289
10.8000,23.5594,68.1354,-140.5188,0.0000,21.7053,7.3828,0.0000,-168.9200,-46.1165,172.0000,75.0000,45.3664
10.8100,23.5594,68.3440,-140.4473,0.0000,20.0262,6.9123,0.0000,-166.6288,-47.7740,172.0000,75.0000,45.9578
10.8200,23.5594,68.5359,-140.3806,0.0000,18.3727,6.4273,0.0000,-163.7973,-49.0315,172.0000,75.0000,46.5034
10.8300,23.5594,68.7114,-140.3188,0.0000,16.7502,5.9317,-0.0000,-160.4167,-49.8772,172.0000,75.0000,47.0037
10.8400,23.5594,68.8709,-140.2619,-0.0000,15.1644,5.4297,-0.0000,-156.4761,-50.3020,172.0000,75.0000,47.4593
10.8500,23.5594,69.0147,-140.2102,0.0000,13.6207,4.9257,0.0000,-151.9620,-50.2990,172.0000,75.0000,47.8711
10.8600,23.5594,69.1433,-140.1634,0.0000,12.1251,4.4238,0.0000,-146.8583,-49.8635,172.0000,75.0000,48.2400
10.8700,23.5594,69.2572,-140.1217,0.0000,10.6835,3.9284,0.0000,-141.1464,-48.9931,172.0000,75.0000,48.5673
10.8800,23.5594,69.3570,-140.0849,0.0000,9.3022,3.4439,0.0000,-134.8054,-47.6875,172.0000,75.0000,48.8545
10.8900,23.5594,69.4433,-140.0528,0.0000,7.9874,2.9746,0.0000,-127.8119,-45.9485,172.0000,75.0000,49.1032
10.9000,23.5594,69.5168,-140.0254,0.0000,6.7460,2.5249,0.0000,-120.1406,-43.7794,172.0000,75.0000,49.3152
10.9100,23.5594,69.5782,-140.0023,0.0000,5.5846,2.0991,0.0000,-111.7642,-41.1853,172.0000,75.0000,49.4927
10.9200,23.5594,69.6284,-139.9834,0.0000,4.5107,1.7012,0.0000,-102.6537,-38.1727,172.0000,75.0000,49.6380
10.9300,23.5594,69.6684,-139.9683,0.0000,3.5316,1.3356,0.0000,-92.7791,-34.7489,172.0000,75.0000,49.7536
10.9400,23.5594,69.6991,-139.9567,0.0000,2.6551,1.0063,0.0000,-82.1092,-30.9217,172.0000,75.0000,49.8424
10.9500,23.5594,69.7215,-139.9482,0.0000,1.8894,0.7172,-0.0000,-70.6126,-26.6993,172.0000,75.0000,49.9074
10.9600,23.5594,69.7369,-139.9423,-0.0000,1.2428,0.4723,-0.0000,-58.2581,-22.0893,172.0000,75.0000,49.9518
10.9700,23.5594,69.7464,-139.9387,0.0000,0.7242,0.2754,0.0000,-45.0149,-17.0982,172.0000,75.0000,49.9794
10.9800,23.5594,69.7513,-139.9368,0.0000,0.3425,0.1303,0.0000,-30.8535,-11.7309,172.0000,75.0000,49.9938
10.9900,23.5594,69.7532,-139.9361,0.0000,0.1071,0.0408,0.0000,-15.7672,-5.9977,172.0000,75.0000,49.9992
11.0000,23.5594,69.7535,-139.9360,0.0000,0.0272,0.0103,0.0000,-7.9947,-3.0416,172.0000,75.0000,50.0000
11.0100,23.5599,69.7536,-139.9364,0.1652,0.0490,-0.1496,24.3063,7.2093,-22.0185,171.9986,75.0009,50.0000
11.0200,23.5627,69.7545,-139.9390,0.5280,0.1566,-0.4784,47.5705,14.0979,-43.0697,171.9886,75.0068,50.0000
11.0300,23.5704,69.7567,-139.9460,1.1166,0.3310,-1.0110,69.4283,20.5387,-62.7861,171.9621,75.0227,50.0000
11.0400,23.5851,69.7611,-139.9592,1.9166,0.5674,-1.7341,89.9079,26.5126,-81.1383,171.9116,75.0530,50.0000
11.0500,23.6088,69.7681,-139.9806,2.9147,0.8612,-2.6338,109.0772,32.0048,-98.1182,171.8299,75.1019,50.0000
11.0600,23.6434,69.7783,-140.0119,4.0982,1.2075,-3.6964,127.0090,36.9973,-113.7129,171.7106,75.1734,50.0000
11.0700,23.6907,69.7922,-140.0546,5.4549,1.6012,-4.9081,143.7794,41.4702,-127.9064,171.5477,75.2710,50.0000
11.0800,23.7525,69.8103,-140.1101,6.9737,2.0369,-6.2546,159.4656,45.4028,-140.6811,171.3354,75.3982,50.0000
11.0900,23.8302,69.8330,-140.1797,8.6442,2.5092,-7.7217,174.1447,48.7745,-152.0195,171.0687,75.5580,50.0000
11.1000,23.9254,69.8605,-140.2645,10.4566,3.0124,-9.2950,187.8919,51.5661,-161.9052,170.7428,75.7532,50.0000
11.1100,24.0393,69.8932,-140.3656,12.4021,3.5405,-10.9598,200.7796,53.7601,-170.3242,170.3535,75.9864,50.0000
11.1200,24.1734,69.9313,-140.4837,14.4722,4.0876,-12.7014,212.8762,55.3419,-177.2654,169.8970,76.2599,50.0000
11.1300,24.3288,69.9750,-140.6196,16.6596,4.6474,-14.5051,224.2456,56.2997,-182.7215,169.3698,76.5758,50.0000
11.1400,24.5066,70.0243,-140.7738,18.9571,5.2136,-16.3559,234.9457,56.6259,-186.6893,168.7688,76.9358,50.0000
11.1500,24.7079,70.0793,-140.9467,21.3585,5.7799,-18.2389,245.0286,56.3167,-189.1706,168.0915,77.3416,50.0000
11.1600,24.9338,70.1399,-141.1386,23.8577,6.3399,-20.1393,254.5394,55.3729,-190.1716,167.3356,77.7945,50.0000
11.1700,25.1851,70.2061,-141.3495,26.4493,6.8873,-22.0423,263.5162,53.8002,-189.7042,166.4992,78.2956,50.0000
11.1800,25.4627,70.2776,-141.5794,29.1280,7.4159,-23.9334,271.9892,51.6097,-187.7852,165.5807,78.8458,50.0000
11.1900,25.7676,70.3544,-141.8282,31.8891,7.9195,-25.7980,279.9808,48.8177,-184.4368,164.5790,79.4459,50.0000
11.2000,26.1005,70.4360,-142.0954,34.7276,8.3923,-27.6221,287.5048,45.4464,-179.6867,163.4933,80.0964,50.0000
11.2100,26.4622,70.5222,-142.3806,37.6392,8.8285,-29.3918,294.5666,41.5242,-173.5678,162.3230,80.7975,50.0000
11.2200,26.8533,70.6126,-142.6832,40.6190,9.2228,-31.0935,301.1625,37.0854,-166.1184,161.0679,81.5494,50.0000
11.2300,27.2746,70.7067,-143.0025,43.6624,9.5702,-32.7141,307.2796,32.1711,-157.3823,159.7282,82.3521,50.0000
11.2400,27.7266,70.8040,-143.3375,46.7646,9.8662,-34.2411,312.8959,26.8290,-147.4083,158.3042,83.2052,50.0000
11.2500,28.2098,70.9040,-143.6873,49.9203,10.1068,-35.6623,317.9800,21.1134,-136.2508,156.7967,84.1083,50.0000
11.2600,28.7250,71.0061,-144.0507,53.1242,10.2885,-36.9661,322.4909,15.0856,-123.9694,155.2065,85.0610,50.0000
11.2700,29.2723,71.1098,-144.4266,56.3701,10.4085,-38.1417,326.3784,8.8135,-110.6291,153.5350,86.0624,50.0000
11.2800,29.8524,71.2143,-144.8136,59.6517,10.4647,-39.1787,329.5833,2.3719,-96.3004,151.7837,87.1116,50.0000
11.2900,30.4654,71.3191,-145.2102,62.9618,10.4559,-40.0677,332.0375,-4.1584,-81.0595,149.9541,88.2077,50.0000
11.3000,31.1116,71.4234,-145.6149,66.2925,10.3816,-40.7999,333.6649,-10.6909,-64.9885,148.0484,89.3494,50.0000
11.3100,31.7912,71.5267,-146.0262,69.6351,10.2421,-41.3675,334.3819,-17.1343,-48.1751,146.0687,90.5355,50.0000
11.3200,32.5043,71.6283,-146.4423,72.9801,10.0389,-41.7634,334.0986,-23.3935,-30.7138,144.0174,91.7644,50.0000
11.3300,33.2508,71.7275,-146.8615,76.3171,9.7742,-41.9817,332.7203,-29.3713,-12.7050,141.8971,93.0347,50.0000
11.3400,34.0306,71.8237,-147.2819,79.6345,9.4514,-42.0175,330.1485,-34.9701,5.7438,139.7105,94.3447,50.0000
11.3500,34.8435,71.9165,-147.7018,82.9201,9.0748,-41.8669,326.2837,-40.0942,24.5184,137.4607,95.6926,50.0000
11.3600,35.6890,72.0052,-148.1193,86.1602,8.6496,-41.5271,321.0271,-44.6525,43.4977,135.1507,97.0765,50.0000
11.3700,36.5667,72.0895,-148.5324,89.3406,8.1818,-40.9969,314.2837,-48.5615,62.5535,132.7839,98.4944,50.0000
11.3800,37.4759,72.1689,-148.9392,92.4459,7.6783,-40.2761,305.9646,-51.7484,81.5506,130.3637,99.9443,50.0000
11.3900,38.4156,72.2431,-149.3379,95.4599,7.1468,-39.3659,295.9908,-54.1545,100.3475,127.8937,101.4241,50.0000
11.4000,39.3851,72.3118,-149.7265,98.3657,6.5952,-38.2691,284.2964,-55.7387,118.7964,125.3776,102.9315,50.0000
11.4100,40.3829,72.3750,-150.1033,101.1458,6.0320,-36.9900,270.8318,-56.4804,136.7444,122.8192,104.4643,50.0000
11.4200,41.4080,72.4324,-150.4663,103.7823,5.4656,-35.5342,255.5674,-56.3823,154.0345,120.2224,106.0200,50.0000
11.4300,42.4586,72.4843,-150.8139,106.2572,4.9044,-33.9093,238.4968,-55.4723,170.5071,117.5913,107.5963,50.0000
11.4400,43.5331,72.5305,-151.1445,108.5523,4.3562,-32.1241,219.6393,-53.8041,186.0019,114.9299,109.1907,50.0000
11.4500,44.6296,72.5714,-151.4564,110.6499,3.8283,-30.1892,199.0426,-51.4572,200.3603,112.2425,110.8008,50.0000
11.4600,45.7461,72.6071,-151.7483,112.5331,3.3270,-28.1169,176.7845,-48.5346,213.4277,109.5333,112.4239,50.0000
11.4700,46.8803,72.6379,-152.0188,114.1856,2.8576,-25.9207,152.9734,-45.1597,225.0571,106.8066,114.0574,50.0000
11.4800,48.0298,72.6643,-152.2667,115.5926,2.4238,-23.6157,127.7481,-41.4715,235.1118,104.0668,115.6989,50.0000
11.4900,49.1922,72.6864,-152.4911,116.7406,2.0282,-21.2184,101.2770,-37.6185,243.4687,101.3181,117.3456,50.0000
11.5000,50.3646,72.7048,-152.6911,117.6181,1.6715,-18.7464,73.7555,-33.7513,250.0223,98.5650,118.9950,50.0000
11.5100,51.5445,72.7198,-152.8660,118.2157,1.3531,-16.2180,45.4023,-30.0152,254.6873,95.8119,120.6444,50.0000
11.5200,52.7289,72.7319,-153.0154,118.5262,1.0712,-13.6526,16.4558,-26.5425,257.4015,93.0632,122.2911,50.0000
11.5300,53.9150,72.7413,-153.1391,118.5448,0.8223,-11.0700,-12.8319,-23.4454,258.1285,90.3234,123.9326,50.0000
11.5400,55.0998,72.7483,-153.2368,118.2695,0.6023,-8.4900,-42.2000,-20.8105,256.8587,87.5967,125.5661,50.0000
11.5500,56.2804,72.7533,-153.3089,117.7008,0.4061,-5.9328,-71.3861,-18.6940,253.6109,84.8875,127.1892,50.0000
11.5600,57.4539,72.7564,-153.3555,116.8418,0.2284,-3.4178,-100.1312,-17.1202,248.4315,82.2001,128.7993,50.0000
11.5700,58.6173,72.7579,-153.3772,115.6982,0.0637,-0.9642,-128.1871,-16.0811,241.3944,79.5387,130.3937,50.0000
11.5800,59.7678,72.7577,-153.3748,114.2781,-0.0932,1.4101,-155.3207,-15.5386,232.5985,76.9076,131.9700,50.0000
11.5900,60.9028,72.7560,-153.3490,112.5918,-0.2471,3.6878,-181.3196,-15.4284,222.1658,74.3108,133.5257,50.0000
11.6000,62.0197,72.7528,-153.3010,110.6517,-0.4018,5.8534,-205.9961,-15.6654,210.2381,71.7524,135.0585,50.0000
11.6100,63.1159,72.7480,-153.2319,108.4719,-0.5604,7.8926,-229.1894,-16.1505,196.9732,69.2363,136.5659,50.0000
11.6200,64.1891,72.7416,-153.1432,106.0679,-0.7248,9.7928,-250.7685,-16.7770,182.5418,66.7663,138.0457,50.0000
11.6300,65.2372,72.7335,-153.0361,103.4565,-0.8959,11.5434,-270.6318,-17.4374,167.1232,64.3461,139.4956,50.0000
11.6400,66.2582,72.7237,-152.9123,100.6553,-1.0736,13.1353,-288.7079,-18.0296,150.9017,61.9793,140.9135,50.0000
11.6500,67.2503,72.7120,-152.7734,97.6823,-1.2565,14.5614,-304.9535,-18.4623,134.0633,59.6693,142.2974,50.0000
11.6600,68.2119,72.6985,-152.6211,94.5562,-1.4428,15.8166,-319.3521,-18.6585,116.7925,57.4195,143.6453,50.0000
11.6700,69.1414,72.6832,-152.4570,91.2953,-1.6297,16.8973,-331.9107,-18.5586,99.2696,55.2329,144.9553,50.0000
11.6800,70.0378,72.6659,-152.2831,87.9180,-1.8140,17.8020,-342.6573,-18.1215,81.6688,53.1126,146.2256,50.0000
11.6900,70.8998,72.6469,-152.1010,84.4421,-1.9921,18.5307,-351.6371,-17.3254,64.1558,51.0613,147.4545,50.0000
11.7000,71.7266,72.6261,-151.9125,80.8852,-2.1605,19.0851,-358.9090,-16.1662,46.8872,49.0816,148.6406,50.0000
11.7100,72.5175,72.6037,-151.7193,77.2640,-2.3155,19.4684,-364.5425,-14.6566,30.0091,47.1759,149.7823,50.0000
11.7200,73.2719,72.5798,-151.5231,73.5944,-2.4536,19.6853,-368.6136,-12.8237,13.6566,45.3463,150.8784,50.0000
11.7300,73.9894,72.5546,-151.3256,69.8917,-2.5719,19.7415,-371.2023,-10.7067,-2.0464,43.5950,151.9276,50.0000
11.7400,74.6697,72.5283,-151.1283,66.1703,-2.6678,19.6443,-372.3892,-8.3539,-16.9873,41.9235,152.9290,50.0000
11.7500,75.3128,72.5012,-150.9327,62.4439,-2.7390,19.4018,-372.2530,-5.8205,-31.0650,40.3333,153.8817,50.0000
11.7600,75.9186,72.4736,-150.7403,58.7253,-2.7842,19.0230,-370.8686,-3.1655,-44.1894,38.8258,154.7848,50.0000
11.7700,76.4873,72.4456,-150.5523,55.0265,-2.8023,18.5180,-368.3046,-0.4501,-56.2813,37.4018,155.6379,50.0000
11.7800,77.0191,72.4175,-150.3699,51.3592,-2.7932,17.8974,-364.6222,2.2652,-67.2718,36.0621,156.4406,50.0000
11.7900,77.5145,72.3897,-150.1943,47.7341,-2.7570,17.1726,-359.8736,4.9217,-77.1024,34.8070,157.1925,50.0000
11.8000,77.9738,72.3624,-150.0264,44.1617,-2.6947,16.3554,-354.1013,7.4641,-85.7244,33.6367,157.8936,50.0000
11.8100,78.3977,72.3358,-149.8672,40.6521,-2.6077,15.4581,-347.3372,9.8419,-93.0985,32.5510,158.5441,50.0000
11.8200,78.7869,72.3102,-149.7173,37.2150,-2.4979,14.4934,-339.6025,12.0103,-99.1946,31.5493,159.1442,50.0000
11.8300,79.1420,72.2858,-149.5773,33.8600,-2.3675,13.4742,-330.9068,13.9302,-103.9914,30.6308,159.6944,50.0000
11.8400,79.4641,72.2629,-149.4478,30.5968,-2.2193,12.4136,-321.2490,15.5696,-107.4762,29.7944,160.1955,50.0000
11.8500,79.7540,72.2415,-149.3291,27.4350,-2.0561,11.3247,-310.6164,16.9029,-109.6444,29.0385,160.6484,50.0000
11.8600,80.0128,72.2217,-149.2213,24.3845,-1.8812,10.2207,-298.9859,17.9114,-110.4992,28.3612,161.0542,50.0000
11.8700,80.2417,72.2038,-149.1246,21.4553,-1.6979,9.1147,-286.3240,18.5829,-110.0513,27.7602,161.4142,50.0000
11.8800,80.4419,72.1878,-149.0390,18.6580,-1.5096,8.0197,-272.5874,18.9117,-108.3184,27.2330,161.7301,50.0000
11.8900,80.6148,72.1736,-148.9642,16.0036,-1.3197,6.9483,-257.7239,18.8979,-105.3246,26.7765,162.0036,50.0000
11.9000,80.7620,72.1614,-148.9000,13.5035,-1.1316,5.9132,-241.6732,18.5469,-101.0998,26.3872,162.2368,50.0000
11.9100,80.8849,72.1510,-148.8460,11.1701,-0.9487,4.9263,-224.3680,17.8689,-95.6789,26.0613,162.4320,50.0000
11.9200,80.9854,72.1424,-148.8015,9.0162,-0.7742,3.9996,-205.7350,16.8782,-89.1009,25.7946,162.5918,50.0000
11.9300,81.0652,72.1355,-148.7660,7.0554,-0.6112,3.1443,-185.6963,15.5919,-81.4078,25.5823,162.7190,50.0000
11.9400,81.1265,72.1302,-148.7386,5.3023,-0.4624,2.3714,-164.1712,14.0297,-72.6429,25.4194,162.8166,50.0000
11.9500,81.1713,72.1263,-148.7186,3.7720,-0.3306,1.6914,-141.0772,12.2121,-62.8497,25.3001,162.8881,50.0000
11.9600,81.2019,72.1236,-148.7048,2.4807,-0.2182,1.1144,-116.3324,10.1597,-52.0696,25.2184,162.9370,50.0000
11.9700,81.2209,72.1219,-148.6963,1.4453,-0.1274,0.6501,-89.8573,7.8918,-40.3397,25.1679,162.9673,50.0000
11.9800,81.2308,72.1210,-148.6918,0.6836,-0.0603,0.3076,-61.5771,5.4252,-27.6903,25.1414,162.9832,50.0000
11.9900,81.2345,72.1207,-148.6901,0.2138,-0.0189,0.0963,-31.4652,2.7763,-14.1604,25.1314,162.9891,50.0000
12.0000,81.2351,72.1207,-148.6899,0.0543,-0.0048,0.0244,-15.9537,1.4084,-7.1819,25.1300,162.9900,50.0000
12.0100,81.2351,72.1203,-148.6900,0.0000,-0.1330,-0.0477,0.0000,-19.5801,-7.0221,25.1300,162.9900,49.9992
12.0200,81.2351,72.1180,-148.6908,0.0000,-0.4254,-0.1526,0.0000,-38.3150,-13.7350,25.1300,162.9900,49.9938
12.0300,81.2351,72.1118,-148.6931,0.0000,-0.8993,-0.3224,-0.0000,-55.9022,-20.0203,25.1300,162.9900,49.9794
12.0400,81.2351,72.1000,-148.6973,0.0000,-1.5434,-0.5530,-0.0000,-72.3512,-25.8668,25.1300,162.9900,49.9518
12.0500,81.2351,72.0809,-148.7041,0.0000,-2.3464,-0.8398,0.0000,-87.6995,-31.2698,25.1300,162.9900,49.9074
12.0600,81.2351,72.0531,-148.7141,0.0000,-3.2974,-1.1784,0.0000,-101.9865,-36.2226,25.1300,162.9900,49.8424
12.0700,81.2351,72.0150,-148.7277,0.0000,-4.3861,-1.5642,0.0000,-115.2524,-40.7176,25.1300,162.9900,49.7536
12.0800,81.2351,71.9654,-148.7454,0.0000,-5.6025,-1.9927,0.0000,-127.5373,-44.7464,25.1300,162.9900,49.6380
12.0900,81.2351,71.9029,-148.7675,0.0000,-6.9368,-2.4591,0.0000,-138.8807,-48.3007,25.1300,162.9900,49.4927
12.1000,81.2351,71.8266,-148.7945,0.0000,-8.3801,-2.9587,0.0000,-149.3209,-51.3730,25.1300,162.9900,49.3152
12.1100,81.2351,71.7353,-148.8267,0.0000,-9.9233,-3.4866,0.0000,-158.8942,-53.9564,25.1300,162.9900,49.1032
12.1200,81.2351,71.6282,-148.8643,0.0000,-11.5580,-4.0379,0.0000,-167.6344,-56.0457,25.1300,162.9900,48.8545
12.1300,81.2351,71.5042,-148.9075,0.0000,-13.2760,-4.6075,-0.0000,-175.5727,-57.6369,25.1300,162.9900,48.5673
12.1400,81.2351,71.3626,-148.9564,-0.0000,-15.0694,-5.1906,0.0000,-182.7370,-58.7280,25.1300,162.9900,48.2400
12.1500,81.2351,71.2028,-149.0113,0.0000,-16.9307,-5.7821,0.0000,-189.1517,-59.3191,25.1300,162.9900,47.8710
12.1600,81.2351,71.0240,-149.0721,0.0000,-18.8524,-6.3770,-0.0000,-194.8377,-59.4122,25.1300,162.9900,47.4593
12.1700,81.2351,70.8257,-149.1388,-0.0000,-20.8274,-6.9703,0.0000,-199.8121,-59.0119,25.1300,162.9900,47.0037
12.1800,81.2351,70.6075,-149.2115,0.0000,-22.8487,-7.5572,0.0000,-204.0879,-58.1248,25.1300,162.9900,46.5034
12.1900,81.2351,70.3688,-149.2900,0.0000,-24.9092,-8.1328,-0.0000,-207.6747,-56.7602,25.1300,162.9900,45.9578
12.2000,81.2351,70.1093,-149.3741,-0.0000,-27.0022,-8.6924,0.0000,-210.5783,-54.9296,25.1300,162.9900,45.3664
12.2100,81.2351,69.8287,-149.4638,0.0000,-29.1208,-9.2314,0.0000,-212.8009,-52.6472,25.1300,162.9900,44.7289
12.2200,81.2351,69.5269,-149.5588,0.0000,-31.2582,-9.7454,-0.0000,-214.3416,-49.9295,25.1300,162.9900,44.0453
12.2300,81.2351,69.2036,-149.6587,-0.0000,-33.4076,-10.2300,0.0000,-215.1967,-46.7954,25.1300,162.9900,43.3155
12.2400,81.2351,68.8587,-149.7634,0.0000,-35.5621,-10.6813,0.0000,-215.3600,-43.2665,25.1300,162.9900,42.5399
12.2500,81.2351,68.4923,-149.8723,0.0000,-37.7148,-11.0953,-0.0000,-214.8234,-39.3666,25.1300,162.9900,41.7188
12.2600,81.2351,68.1044,-149.9853,0.0000,-39.8586,-11.4686,0.0000,-213.5773,-35.1218,25.1300,162.9900,40.8526
12.2700,81.2351,67.6952,-150.1017,0.0000,-41.9864,-11.7978,0.0000,-211.6115,-30.5606,25.1300,162.9900,39.9421
12.2800,81.2351,67.2647,-150.2212,0.0000,-44.0908,-12.0798,-0.0000,-208.9157,-25.7136,25.1300,162.9900,38.9882
12.2900,81.2351,66.8133,-150.3433,-0.0000,-46.1647,-12.3120,-0.0000,-205.4801,-20.6137,25.1300,162.9900,37.9916
12.3000,81.2351,66.3414,-150.4675,0.0000,-48.2004,-12.4921,0.0000,-201.2963,-15.2956,25.1300,162.9900,36.9536
12.3100,81.2351,65.8493,-150.5932,0.0000,-50.1906,-12.6179,0.0000,-196.3580,-9.7958,25.1300,162.9900,35.8753
12.3200,81.2351,65.3376,-150.7198,0.0000,-52.1276,-12.6880,0.0000,-190.6620,-4.1529,25.1300,162.9900,34.7579
12.3300,81.2351,64.8068,-150.8469,0.0000,-54.0038,-12.7010,0.0000,-184.2085,1.5935,25.1300,162.9900,33.6030
12.3400,81.2351,64.2575,-150.9738,0.0000,-55.8118,-12.6561,0.0000,-177.0022,7.4019,25.1300,162.9900,32.4119
12.3500,81.2351,63.6905,-151.1000,0.0000,-57.5439,-12.5530,-0.0000,-169.0528,13.2303,25.1300,162.9900,31.1864
12.3600,81.2351,63.1066,-151.2249,-0.0000,-59.1928,-12.3915,-0.0000,-160.3755,19.0353,25.1300,162.9900,29.9282
12.3700,81.2351,62.5067,-151.3479,0.0000,-60.7514,-12.1723,0.0000,-150.9919,24.7733,25.1300,162.9900,28.6390
12.3800,81.2351,61.8916,-151.4683,0.0000,-62.2126,-11.8961,0.0000,-140.9298,30.4005,25.1300,162.9900,27.3207
12.3900,81.2351,61.2624,-151.5858,0.0000,-63.5700,-11.5643,0.0000,-130.2238,35.8730,25.1300,162.9900,25.9753
12.4000,81.2351,60.6202,-151.6996,0.0000,-64.8171,-11.1786,0.0000,-118.9153,41.1476,25.1300,162.9900,24.6048
12.4100,81.2351,59.9661,-151.8094,0.0000,-65.9483,-10.7413,-0.0000,-107.0524,46.1820,25.1300,162.9900,23.2112
12.4200,81.2351,59.3012,-151.9145,-0.0000,-66.9582,-10.2550,-0.0000,-94.6895,50.9352,25.1300,162.9900,21.7968
12.4300,81.2351,58.6269,-152.0145,0.0000,-67.8421,-9.7226,0.0000,-81.8872,55.3682,25.1300,162.9900,20.3636
12.4400,81.2351,57.9444,-152.1089,0.0000,-68.5959,-9.1476,0.0000,-68.7113,59.4439,25.1300,162.9900,18.9140
12.4500,81.2351,57.2550,-152.1974,0.0000,-69.2163,-8.5337,0.0000,-55.2321,63.1283,25.1300,162.9900,17.4501
12.4600,81.2351,56.5601,-152.2796,0.0000,-69.7006,-7.8850,0.0000,-41.5238,66.3904,25.1300,162.9900,15.9744
12.4700,81.2351,55.8610,-152.3551,0.0000,-70.0468,-7.2059,-0.0000,-27.6629,69.2025,25.1300,162.9900,14.4892
12.4800,81.2351,55.1591,-152.4237,-0.0000,-70.2538,-6.5010,-0.0000,-13.7277,71.5414,25.1300,162.9900,12.9968
12.4900,81.2351,54.4559,-152.4851,0.0000,-70.3213,-5.7751,0.0000,0.2033,73.3877,25.1300,162.9900,11.4996
12.5000,81.2351,53.7527,-152.5392,0.0000,-70.2498,-5.0332,0.0000,14.0527,74.7268,25.1300,162.9900,10.0000
12.5100,81.2351,53.0509,-152.5858,0.0000,-70.0403,-4.2805,0.0000,27.7449,75.5490,25.1300,162.9900,8.5004
12.5200,81.2351,52.3519,-152.6248,0.0000,-69.6949,-3.5222,0.0000,41.2075,75.8496,25.1300,162.9900,7.0032
12.5300,81.2351,51.6570,-152.6562,0.0000,-69.2161,-2.7636,0.0000,54.3724,75.6288,25.1300,162.9900,5.5108
12.5400,81.2351,50.9676,-152.6801,0.0000,-68.6074,-2.0097,0.0000,67.1764,74.8921,25.1300,162.9900,4.0256
12.5500,81.2351,50.2849,-152.6964,0.0000,-67.8726,-1.2657,0.0000,79.5621,73.6499,25.1300,162.9900,2.5498
12.5600,81.2351,49.6101,-152.7054,0.0000,-67.0162,-0.5367,0.0000,91.4786,71.9178,25.1300,162.9900,1.0860
12.5700,81.2351,48.9446,-152.7072,0.0000,-66.0430,0.1726,-0.0000,102.8813,69.7156,25.1300,162.9900,-0.3636
12.5800,81.2351,48.2893,-152.7019,-0.0000,-64.9585,0.8576,-0.0000,113.7327,67.0680,25.1300,162.9900,-1.7968
12.5900,81.2351,47.6454,-152.6900,0.0000,-63.7684,1.5140,0.0000,124.0021,64.0035,25.1300,162.9900,-3.2112
12.6000,81.2351,47.0139,-152.6717,0.0000,-62.4785,2.1377,0.0000,133.6653,60.5543,25.1300,162.9900,-4.6048
12.6100,81.2351,46.3958,-152.6473,0.0000,-61.0951,2.7251,0.0000,142.7046,56.7560,25.1300,162.9900,-5.9753
12.6200,81.2351,45.7920,-152.6172,0.0000,-59.6244,3.2728,0.0000,151.1080,52.6468,25.1300,162.9900,-7.3207
12.6300,81.2351,45.2033,-152.5818,0.0000,-58.0729,3.7780,0.0000,158.8688,48.2672,25.1300,162.9900,-8.6390
12.6400,81.2351,44.6306,-152.5416,0.0000,-56.4470,4.2382,0.0000,165.9850,43.6596,25.1300,162.9900,-9.9282
12.6500,81.2351,44.0744,-152.4970,0.0000,-54.7532,4.6512,0.0000,172.4584,38.8676,25.1300,162.9900,-11.1864
12.6600,81.2351,43.5355,-152.4486,0.0000,-52.9979,5.0155,0.0000,178.2941,33.9358,25.1300,162.9900,-12.4119
12.6700,81.2351,43.0144,-152.3967,0.0000,-51.1873,5.3299,0.0000,183.4996,28.9088,25.1300,162.9900,-13.6030
12.6800,81.2351,42.5117,-152.3420,0.0000,-49.3279,5.5937,0.0000,188.0840,23.8313,25.1300,162.9900,-14.7579
12.6900,81.2351,42.0279,-152.2849,0.0000,-47.4256,5.8066,0.0000,192.0578,18.7475,25.1300,162.9900,-15.8753
12.7000,81.2351,41.5632,-152.2258,0.0000,-45.4867,5.9687,-0.0000,195.4315,13.7007,25.1300,162.9900,-16.9536
12.7100,81.2351,41.1181,-152.1655,-0.0000,-43.5170,6.0806,-0.0000,198.2158,8.7328,25.1300,162.9900,-17.9916
12.7200,81.2351,40.6929,-152.1042,0.0000,-41.5224,6.1433,0.0000,200.4204,3.8841,25.1300,162.9900,-18.9882
12.7300,81.2351,40.2877,-152.0426,0.0000,-39.5086,6.1583,0.0000,202.0539,-0.8068,25.1300,162.9900,-19.9421
12.7400,81.2351,39.9027,-151.9811,0.0000,-37.4813,6.1272,0.0000,203.1236,-5.3035,25.1300,162.9900,-20.8526
12.7500,81.2351,39.5381,-151.9201,0.0000,-35.4461,6.0522,0.0000,203.6347,-9.5722,25.1300,162.9900,-21.7188
12.7600,81.2351,39.1938,-151.8600,0.0000,-33.4086,5.9357,0.0000,203.5901,-13.5812,25.1300,162.9900,-22.5399
12.7700,81.2351,38.8699,-151.8014,0.0000,-31.3743,5.7806,0.0000,202.9908,-17.3017,25.1300,162.9900,-23.3155
12.7800,81.2351,38.5663,-151.7444,0.0000,-29.3488,5.5897,0.0000,201.8347,-20.7079,25.1300,162.9900,-24.0453
12.7900,81.2351,38.2829,-151.6896,0.0000,-27.3376,5.3664,0.0000,200.1176,-23.7767,25.1300,162.9900,-24.7289
12.8000,81.2351,38.0196,-151.6371,0.0000,-25.3465,5.1142,0.0000,197.8322,-26.4879,25.1300,162.9900,-25.3664
12.8100,81.2351,37.7760,-151.5873,0.0000,-23.3810,4.8366,0.0000,194.9685,-28.8247,25.1300,162.9900,-25.9578
12.8200,81.2351,37.5519,-151.5404,0.0000,-21.4471,4.5377,0.0000,191.5137,-30.7732,25.1300,162.9900,-26.5034
12.8300,81.2351,37.3470,-151.4965,0.0000,-19.5507,4.2212,-0.0000,187.4525,-32.3226,25.1300,162.9900,-27.0037
12.8400,81.2351,37.1609,-151.4559,-0.0000,-17.6980,3.8912,-0.0000,182.7665,-33.4653,25.1300,162.9900,-27.4593
12.8500,81.2351,36.9931,-151.4187,0.0000,-15.8954,3.5519,0.0000,177.4349,-34.1965,25.1300,162.9900,-27.8711
12.8600,81.2351,36.8430,-151.3849,0.0000,-14.1493,3.2073,0.0000,171.4343,-34.5146,25.1300,162.9900,-28.2400
12.8700,81.2351,36.7101,-151.3546,0.0000,-12.4667,2.8616,0.0000,164.7387,-34.4207,25.1300,162.9900,-28.5673
12.8800,81.2351,36.5937,-151.3277,0.0000,-10.8546,2.5189,0.0000,157.3200,-33.9189,25.1300,162.9900,-28.8545
12.8900,81.2351,36.4930,-151.3042,0.0000,-9.3203,2.1832,0.0000,149.1479,-33.0155,25.1300,162.9900,-29.1032
12.9000,81.2351,36.4073,-151.2840,0.0000,-7.8716,1.8586,0.0000,140.1903,-31.7191,25.1300,162.9900,-29.3152
12.9100,81.2351,36.3356,-151.2670,0.0000,-6.5165,1.5488,0.0000,130.4134,-30.0407,25.1300,162.9900,-29.4927
12.9200,81.2351,36.2769,-151.2530,0.0000,-5.2633,1.2577,0.0000,119.7819,-27.9924,25.1300,162.9900,-29.6380
12.9300,81.2351,36.2303,-151.2419,0.0000,-4.1209,0.9890,0.0000,108.2597,-25.5879,25.1300,162.9900,-29.7536
12.9400,81.2351,36.1945,-151.2332,0.0000,-3.0981,0.7460,0.0000,95.8099,-22.8415,25.1300,162.9900,-29.8424
12.9500,81.2351,36.1683,-151.2269,0.0000,-2.2047,0.5321,-0.0000,82.3955,-19.7677,25.1300,162.9900,-29.9074
12.9600,81.2351,36.1504,-151.2226,-0.0000,-1.4502,0.3506,-0.0000,67.9798,-16.3802,25.1300,162.9900,-29.9518
12.9700,81.2351,36.1393,-151.2199,0.0000,-0.8451,0.2045,0.0000,52.5268,-12.6918,25.1300,162.9900,-29.9794
12.9800,81.2351,36.1335,-151.2185,0.0000,-0.3997,0.0968,0.0000,36.0023,-8.7126,25.1300,162.9900,-29.9938
12.9900,81.2351,36.1313,-151.2180,0.0000,-0.1250,0.0303,0.0000,18.3984,-4.4556,25.1300,162.9900,-29.9992
13.0000,81.2351,36.1310,-151.2179,0.0000,-0.0317,0.0077,0.0000,9.3288,-2.2598,25.1300,162.9900,-30.0000
13.0100,81.2351,36.1313,-151.2180,0.0000,0.1250,-0.0303,0.0000,18.3984,-4.4556,25.1300,162.9900,-29.9992
13.0200,81.2351,36.1335,-151.2185,0.0000,0.3997,-0.0968,0.0000,36.0023,-8.7126,25.1300,162.9900,-29.9938
13.0300,81.2351,36.1393,-151.2199,0.0000,0.8451,-0.2045,-0.0000,52.5268,-12.6918,25.1300,162.9900,-29.9794
13.0400,81.2351,36.1504,-151.2226,0.0000,1.4502,-0.3506,-0.0000,67.9798,-16.3802,25.1300,162.9900,-29.9518
13.0500,81.2351,36.1683,-151.2269,0.0000,2.2047,-0.5321,0.0000,82.3955,-19.7677,25.1300,162.9900,-29.9073
13.0600,81.2351,36.1945,-151.2332,0.0000,3.0981,-0.7460,0.0000,95.8099,-22.8415,25.1300,162.9900,-29.8424
13.0700,81.2351,36.2303,-151.2419,0.0000,4.1209,-0.9890,0.0000,108.2597,-25.5879,25.1300,162.9900,-29.7536
13.0800,81.2351,36.2769,-151.2530,0.0000,5.2633,-1.2577,0.0000,119.7819,-27.9924,25.1300,162.9900,-29.6380
13.0900,81.2351,36.3356,-151.2670,0.0000,6.5165,-1.5488,0.0000,130.4134,-30.0407,25.1300,162.9900,-29.4927
13.1000,81.2351,36.4073,-151.2840,0.0000,7.8716,-1.8586,0.0000,140.1903,-31.7191,25.1300,162.9900,-29.3152
13.1100,81.2351,36.4930,-151.3042,0.0000,9.3203,-2.1832,0.0000,149.1479,-33.0155,25.1300,162.9900,-29.1032
13.1200,81.2351,36.5937,-151.3277,0.0000,10.8546,-2.5189,0.0000,157.3200,-33.9189,25.1300,162.9900,-28.8545
13.1300,81.2351,36.7101,-151.3546,0.0000,12.4667,-2.8616,-0.0000,164.7387,-34.4207,25.1300,162.9900,-28.5673
13.1400,81.2351,36.8430,-151.3849,-0.0000,14.1493,-3.2073,0.0000,171.4343,-34.5146,25.1300,162.9900,-28.2400
13.1500,81.2351,36.9931,-151.4187,0.0000,15.8954,-3.5519,0.0000,177.4349,-34.1965,25.1300,162.9900,-27.8711
13.1600,81.2351,37.1609,-151.4559,0.0000,17.6980,-3.8912,-0.0000,182.7665,-33.4653,25.1300,162.9900,-27.4593
13.1700,81.2351,37.3470,-151.4965,-0.0000,19.5507,-4.2212,0.0000,187.4525,-32.3226,25.1300,162.9900,-27.0037
13.1800,81.2351,37.5519,-151.5404,0.0000,21.4471,-4.5377,0.0000,191.5137,-30.7732,25.1300,162.9900,-26.5034
13.1900,81.2351,37.7760,-151.5873,0.0000,23.3810,-4.8366,-0.0000,194.9685,-28.8247,25.1300,162.9900,-25.9578
13.2000,81.2351,38.0196,-151.6371,-0.0000,25.3465,-5.1142,0.0000,197.8322,-26.4879,25.1300,162.9900,-25.3664
13.2100,81.2351,38.2829,-151.6896,0.0000,27.3376,-5.3664,0.0000,200.1176,-23.7767,25.1300,162.9900,-24.7289
13.2200,81.2351,38.5663,-151.7444,0.0000,29.3488,-5.5897,-0.0000,201.8347,-20.7079,25.1300,162.9900,-24.0453
13.2300,81.2351,38.8699,-151.8014,-0.0000,31.3743,-5.7806,0.0000,202.9908,-17.3017,25.1300,162.9900,-23.3155
13.2400,81.2351,39.1938,-151.8600,0.0000,33.4086,-5.9357,0.0000,203.5901,-13.5812,25.1300,162.9900,-22.5399
13.2500,81.2351,39.5381,-151.9201,0.0000,35.4461,-6.0522,-0.0000,203.6347,-9.5722,25.1300,162.9900,-21.7188
13.2600,81.2351,39.9027,-151.9811,0.0000,37.4813,-6.1272,0.0000,203.1236,-5.3035,25.1300,162.9900,-20.8526
13.2700,81.2351,40.2877,-152.0426,0.0000,39.5086,-6.1583,0.0000,202.0539,-0.8068,25.1300,162.9900,-19.9421
13.2800,81.2351,40.6929,-152.1042,0.0000,41.5224,-6.1433,-0.0000,200.4204,3.8841,25.1300,162.9900,-18.9882
13.2900,81.2351,41.1181,-152.1655,-0.0000,43.5170,-6.0806,-0.0000,198.2158,8.7328,25.1300,162.9900,-17.9916
13.3000,81.2351,41.5632,-152.2258,0.0000,45.4867,-5.9687,0.0000,195.4315,13.7007,25.1300,162.9900,-16.9536
13.3100,81.2351,42.0279,-152.2849,0.0000,47.4256,-5.8066,0.0000,192.0578,18.7475,25.1300,162.9900,-15.8753
13.3200,81.2351,42.5117,-152.3420,0.0000,49.3279,-5.5937,0.0000,188.0840,23.8313,25.1300,162.9900,-14.7579
13.3300,81.2351,43.0144,-152.3967,0.0000,51.1873,-5.3299,0.0000,183.4996,28.9088,25.1300,162.9900,-13.6030
13.3400,81.2351,43.5355,-152.4486,0.0000,52.9979,-5.0155,0.0000,178.2941,33.9358,25.1300,162.9900,-12.4119
13.3500,81.2351,44.0744,-152.4970,0.0000,54.7532,-4.6512,-0.0000,172.4584,38.8676,25.1300,162.9900,-11.1864
13.3600,81.2351,44.6306,-152.5416,-0.0000,56.4470,-4.2382,-0.0000,165.9850,43.6596,25.1300,162.9900,-9.9282
13.3700,81.2351,45.2033,-152.5818,0.0000,58.0729,-3.7780,0.0000,158.8688,48.2672,25.1300,162.9900,-8.6390
13.3800,81.2351,45.7920,-152.6172,0.0000,59.6244,-3.2728,0.0000,151.1080,52.6468,25.1300,162.9900,-7.3207
13.3900,81.2351,46.3958,-152.6473,0.0000,61.0951,-2.7251,0.0000,142.7046,56.7560,25.1300,162.9900,-5.9753
13.4000,81.2351,47.0139,-152.6717,0.0000,62.4785,-2.1377,0.0000,133.6653,60.5543,25.1300,162.9900,-4.6048
13.4100,81.2351,47.6454,-152.6900,0.0000,63.7684,-1.5140,-0.0000,124.0021,64.0035,25.1300,162.9900,-3.2112
13.4200,81.2351,48.2893,-152.7019,-0.0000,64.9585,-0.8576,-0.0000,113.7327,67.0680,25.1300,162.9900,-1.7968
13.4300,81.2351,48.9446,-152.7072,0.0000,66.0430,-0.1726,0.0000,102.8813,69.7156,25.1300,162.9900,-0.3636
13.4400,81.2351,49.6101,-152.7054,0.0000,67.0162,0.5367,0.0000,91.4786,71.9178,25.1300,162.9900,1.0860
13.4500,81.2351,50.2849,-152.6964,0.0000,67.8726,1.2657,0.0000,79.5621,73.6499,25.1300,162.9900,2.5499
13.4600,81.2351,50.9676,-152.6801,0.0000,68.6074,2.0097,0.0000,67.1764,74.8921,25.1300,162.9900,4.0256
13.4700,81.2351,51.6570,-152.6562,0.0000,69.2161,2.7636,-0.0000,54.3724,75.6288,25.1300,162.9900,5.5108
13.4800,81.2351,52.3519,-152.6248,-0.0000,69.6949,3.5222,-0.0000,41.2075,75.8496,25.1300,162.9900,7.0032
13.4900,81.2351,53.0509,-152.5858,0.0000,70.0403,4.2805,0.0000,27.7449,75.5490,25.1300,162.9900,8.5004
13.5000,81.2351,53.7527,-152.5392,0.0000,70.2498,5.0332,0.0000,14.0527,74.7268,25.1300,162.9900,10.0000
13.5100,81.2351,54.4559,-152.4851,0.0000,70.3213,5.7751,0.0000,0.2033,73.3877,25.1300,162.9900,11.4996
13.5200,81.2351,55.1591,-152.4237,0.0000,70.2538,6.5010,0.0000,-13.7277,71.5414,25.1300,162.9900,12.9968
13.5300,81.2351,55.8610,-152.3551,0.0000,70.0468,7.2059,0.0000,-27.6629,69.2025,25.1300,162.9900,14.4892
13.5400,81.2351,56.5601,-152.2796,0.0000,69.7006,7.8850,0.0000,-41.5238,66.3904,25.1300,162.9900,15.9744
13.5500,81.2351,57.2550,-152.1974,0.0000,69.2163,8.5337,0.0000,-55.2321,63.1283,25.1300,162.9900,17.4502
13.5600,81.2351,57.9444,-152.1089,0.0000,68.5959,9.1476,0.0000,-68.7113,59.4439,25.1300,162.9900,18.9140
13.5700,81.2351,58.6269,-152.0145,0.0000,67.8421,9.7226,-0.0000,-81.8872,55.3682,25.1300,162.9900,20.3636
13.5800,81.2351,59.3012,-151.9145,-0.0000,66.9582,10.2550,-0.0000,-94.6895,50.9352,25.1300,162.9900,21.7968
13.5900,81.2351,59.9661,-151.8094,0.0000,65.9483,10.7413,0.0000,-107.0524,46.1820,25.1300,162.9900,23.2112
13.6000,81.2351,60.6202,-151.6996,0.0000,64.8171,11.1786,0.0000,-118.9153,41.1476,25.1300,162.9900,24.6048
13.6100,81.2351,61.2624,-151.5858,0.0000,63.5700,11.5643,0.0000,-130.2238,35.8730,25.1300,162.9900,25.9753
13.6200,81.2351,61.8916,-151.4683,0.0000,62.2126,11.8961,0.0000,-140.9298,30.4005,25.1300,162.9900,27.3207
13.6300,81.2351,62.5067,-151.3479,0.0000,60.7514,12.1723,0.0000,-150.9919,24.7733,25.1300,162.9900,28.6390
13.6400,81.2351,63.1066,-151.2249,0.0000,59.1928,12.3915,0.0000,-160.3755,19.0353,25.1300,162.9900,29.9282
13.6500,81.2351,63.6905,-151.1000,0.0000,57.5439,12.5530,0.0000,-169.0528,13.2303,25.1300,162.9900,31.1864
13.6600,81.2351,64.2575,-150.9738,0.0000,55.8118,12.6561,0.0000,-177.0022,7.4019,25.1300,162.9900,32.4119
13.6700,81.2351,64.8068,-150.8469,0.0000,54.0038,12.7010,0.0000,-184.2085,1.5935,25.1300,162.9900,33.6030
13.6800,81.2351,65.3376,-150.7198,0.0000,52.1276,12.6880,0.0000,-190.6620,-4.1529,25.1300,162.9900,34.7579
13.6900,81.2351,65.8493,-150.5932,0.0000,50.1906,12.6179,0.0000,-196.3580,-9.7958,25.1300,162.9900,35.8753
13.7000,81.2351,66.3414,-150.4675,0.0000,48.2004,12.4921,-0.0000,-201.2963,-15.2956,25.1300,162.9900,36.9536
13.7100,81.2351,66.8133,-150.3433,-0.0000,46.1647,12.3120,-0.0000,-205.4801,-20.6137,25.1300,162.9900,37.9916
13.7200,81.2351,67.2647,-150.2212,0.0000,44.0908,12.0798,0.0000,-208.9157,-25.7136,25.1300,162.9900,38.9882
13.7300,81.2351,67.6952,-150.1017,0.0000,41.9864,11.7978,0.0000,-211.6115,-30.5606,25.1300,162.9900,39.9421
13.7400,81.2351,68.1044,-149.9853,0.0000,39.8586,11.4686,0.0000,-213.5773,-35.1218,25.1300,162.9900,40.8526
13.7500,81.2351,68.4923,-149.8723,0.0000,37.7148,11.0953,0.0000,-214.8234,-39.3666,25.1300,162.9900,41.7188
13.7600,81.2351,68.8587,-149.7634,0.0000,35.5621,10.6813,0.0000,-215.3600,-43.2665,25.1300,162.9900,42.5399
13.7700,81.2351,69.2036,-149.6587,0.0000,33.4076,10.2300,0.0000,-215.1967,-46.7954,25.1300,162.9900,43.3155
13.7800,81.2351,69.5269,-149.5588,0.0000,31.2582,9.7454,0.0000,-214.3416,-49.9295,25.1300,162.9900,44.0453
13.7900,81.2351,69.8287,-149.4638,0.0000,29.1208,9.2314,0.0000,-212.8009,-52.6472,25.1300,162.9900,44.7289
13.8000,81.2351,70.1093,-149.3741,0.0000,27.0022,8.6924,0.0000,-210.5783,-54.9296,25.1300,162.9900,45.3664
13.8100,81.2351,70.3688,-149.2900,0.0000,24.9092,8.1328,0.0000,-207.6747,-56.7602,25.1300,162.9900,45.9578
13.8200,81.2351,70.6075,-149.2115,0.0000,22.8487,7.5572,0.0000,-204.0879,-58.1248,25.1300,162.9900,46.5034
13.8300,81.2351,70.8257,-149.1388,0.0000,20.8274,6.9703,-0.0000,-199.8121,-59.0119,25.1300,162.9900,47.0037
13.8400,81.2351,71.0240,-149.0721,-0.0000,18.8524,6.3770,-0.0000,-194.8377,-59.4122,25.1300,162.9900,47.4593
13.8500,81.2351,71.2028,-149.0113,0.0000,16.9307,5.7821,0.0000,-189.1517,-59.3191,25.1300,162.9900,47.8711
13.8600,81.2351,71.3626,-148.9564,0.0000,15.0694,5.1906,0.0000,-182.7370,-58.7280,25.1300,162.9900,48.2400
13.8700,81.2351,71.5042,-148.9075,0.0000,13.2760,4.6075,0.0000,-175.5727,-57.6369,25.1300,162.9900,48.5673
13.8800,81.2351,71.6282,-148.8643,0.0000,11.5580,4.0379,0.0000,-167.6344,-56.0457,25.1300,162.9900,48.8545
13.8900,81.2351,71.7353,-148.8267,0.0000,9.9233,3.4866,0.0000,-158.8942,-53.9564,25.1300,162.9900,49.1032
13.9000,81.2351,71.8266,-148.7945,0.0000,8.3801,2.9587,0.0000,-149.3209,-51.3730,25.1300,162.9900,49.3152
13.9100,81.2351,71.9029,-148.7675,0.0000,6.9368,2.4591,0.0000,-138.8807,-48.3007,25.1300,162.9900,49.4927
13.9200,81.2351,71.9654,-148.7454,0.0000,5.6025,1.9927,0.0000,-127.5373,-44.7464,25.1300,162.9900,49.6380
13.9300,81.2351,72.0150,-148.7277,0.0000,4.3861,1.5642,0.0000,-115.2524,-40.7176,25.1300,162.9900,49.7536
13.9400,81.2351,72.0531,-148.7141,0.0000,3.2974,1.1784,0.0000,-101.9865,-36.2226,25.1300,162.9900,49.8424
13.9500,81.2351,72.0809,-148.7041,0.0000,2.3464,0.8398,-0.0000,-87.6995,-31.2698,25.1300,162.9900,49.9074
13.9600,81.2351,72.1000,-148.6973,-0.0000,1.5434,0.5530,-0.0000,-72.3512,-25.8668,25.1300,162.9900,49.9518
13.9700,81.2351,72.1118,-148.6931,0.0000,0.8993,0.3224,0.0000,-55.9022,-20.0203,25.1300,162.9900,49.9794
13.9800,81.2351,72.1180,-148.6908,0.0000,0.4254,0.1526,0.0000,-38.3150,-13.7350,25.1300,162.9900,49.9938
13.9900,81.2351,72.1203,-148.6900,0.0000,0.1330,0.0477,0.0000,-19.5801,-7.0221,25.1300,162.9900,49.9992
14.0000,81.2351,72.1207,-148.6899,0.0000,0.0338,0.0121,0.0000,-9.9279,-3.5611,25.1300,162.9900,50.0000
14.0100,81.2345,72.1207,-148.6901,-0.2138,0.0189,-0.0963,-31.4652,2.7763,-14.1604,25.1314,162.9891,50.0000
14.0200,81.2308,72.1210,-148.6918,-0.6836,0.0603,-0.3076,-61.5771,5.4252,-27.6903,25.1414,162.9832,50.0000
14.0300,81.2209,72.1219,-148.6963,-1.4453,0.1274,-0.6501,-89.8573,7.8918,-40.3397,25.1679,162.9673,50.0000
14.0400,81.2019,72.1236,-148.7048,-2.4807,0.2182,-1.1144,-116.3324,10.1597,-52.0696,25.2184,162.9370,50.0000
14.0500,81.1713,72.1263,-148.7186,-3.7720,0.3306,-1.6914,-141.0772,12.2121,-62.8497,25.3001,162.8881,50.0000
14.0600,81.1265,72.1302,-148.7386,-5.3023,0.4624,-2.3714,-164.1712,14.0297,-72.6429,25.4194,162.8166,50.0000
14.0700,81.0652,72.1355,-148.7660,-7.0554,0.6112,-3.1443,-185.6963,15.5919,-81.4078,25.5823,162.7190,50.0000
14.0800,80.9854,72.1424,-148.8015,-9.0162,0.7742,-3.9996,-205.7350,16.8782,-89.1009,25.7946,162.5918,50.0000
14.0900,80.8849,72.1510,-148.8460,-11.1701,0.9487,-4.9263,-224.3680,17.8689,-95.6789,26.0613,162.4320,50.0000
14.1000,80.7620,72.1614,-148.9000,-13.5035,1.1316,-5.9132,-241.6732,18.5469,-101.0998,26.3872,162.2368,50.0000
14.1100,80.6148,72.1736,-148.9642,-16.0036,1.3197,-6.9483,-257.7239,18.8979,-105.3246,26.7765,162.0036,50.0000
14.1200,80.4419,72.1878,-149.0390,-18.6580,1.5096,-8.0197,-272.5874,18.9117,-108.3184,27.2330,161.7301,50.0000
14.1300,80.2417,72.2038,-149.1246,-21.4553,1.6979,-9.1147,-286.3240,18.5829,-110.0513,27.7602,161.4142,50.0000
14.1400,80.0128,72.2217,-149.2213,-24.3845,1.8812,-10.2207,-298.9859,17.9114,-110.4992,28.3612,161.0542,50.0000
14.1500,79.7540,72.2415,-149.3291,-27.4350,2.0561,-11.3247,-310.6164,16.9029,-109.6444,29.0385,160.6484,50.0000
14.1600,79.4641,72.2629,-149.4478,-30.5968,2.2193,-12.4136,-321.2490,15.5696,-107.4762,29.7944,160.1955,50.0000
14.1700,79.1420,72.2858,-149.5773,-33.8600,2.3675,-13.4742,-330.9068,13.9302,-103.9914,30.6308,159.6944,50.0000
14.1800,78.7869,72.3102,-149.7173,-37.2150,2.4979,-14.4934,-339.6025,12.0103,-99.1946,31.5493,159.1442,50.0000
14.1900,78.3977,72.3358,-149.8672,-40.6521,2.6077,-15.4581,-347.3372,9.8419,-93.0985,32.5510,158.5441,50.0000
14.2000,77.9738,72.3624,-150.0264,-44.1617,2.6947,-16.3554,-354.1013,7.4641,-85.7244,33.6367,157.8936,50.0000
14.2100,77.5145,72.3897,-150.1943,-47.7341,2.7570,-17.1726,-359.8736,4.9217,-77.1024,34.8070,157.1925,50.0000
14.2200,77.0191,72.4175,-150.3699,-51.3592,2.7932,-17.8974,-364.6222,2.2652,-67.2718,36.0621,156.4406,50.0000
14.2300,76.4873,72.4456,-150.5523,-55.0265,2.8023,-18.5180,-368.3046,-0.4501,-56.2813,37.4018,155.6379,50.0000
14.2400,75.9186,72.4736,-150.7403,-58.7253,2.7842,-19.0230,-370.8686,-3.1655,-44.1894,38.8258,154.7848,50.0000
14.2500,75.3128,72.5012,-150.9327,-62.4439,2.7390,-19.4018,-372.2530,-5.8205,-31.0650,40.3333,153.8817,50.0000
14.2600,74.6697,72.5283,-151.1283,-66.1703,2.6678,-19.6443,-372.3892,-8.3539,-16.9873,41.9235,152.9290,50.0000
14.2700,73.9894,72.5546,-151.3256,-69.8917,2.5719,-19.7415,-371.2023,-10.7067,-2.0464,43.5950,151.9276,50.0000
14.2800,73.2719,72.5798,-151.5231,-73.5944,2.4536,-19.6853,-368.6136,-12.8237,13.6566,45.3463,150.8784,50.0000
14.2900,72.5175,72.6037,-151.7193,-77.2640,2.3155,-19.4684,-364.5425,-14.6566,30.0091,47.1759,149.7823,50.0000
14.3000,71.7266,72.6261,-151.9125,-80.8852,2.1605,-19.0851,-358.9090,-16.1662,46.8872,49.0816,148.6406,50.0000
14.3100,70.8998,72.6469,-152.1010,-84.4421,1.9921,-18.5307,-351.6371,-17.3254,64.1558,51.0613,147.4545,50.0000
14.3200,70.0378,72.6659,-152.2831,-87.9180,1.8140,-17.8020,-342.6573,-18.1215,81.6688,53.1126,146.2256,50.0000
14.3300,69.1414,72.6832,-152.4570,-91.2953,1.6297,-16.8973,-331.9107,-18.5586,99.2696,55.2329,144.9553,50.0000
14.3400,68.2119,72.6985,-152.6211,-94.5562,1.4428,-15.8166,-319.3521,-18.6585,116.7925,57.4195,143.6453,50.0000
14.3500,67.2503,72.7120,-152.7734,-97.6823,1.2565,-14.5614,-304.9535,-18.4623,134.0633,59.6693,142.2974,50.0000
14.3600,66.2582,72.7237,-152.9123,-100.6553,1.0736,-13.1353,-288.7079,-18.0296,150.9017,61.9793,140.9135,50.0000
14.3700,65.2372,72.7335,-153.0361,-103.4565,0.8959,-11.5434,-270.6318,-17.4374,167.1232,64.3461,139.4956,50.0000
14.3800,64.1891,72.7416,-153.1432,-106.0679,0.7248,-9.7928,-250.7685,-16.7770,182.5418,66.7663,138.0457,50.0000
14.3900,63.1159,72.7480,-153.2319,-108.4719,0.5604,-7.8926,-229.1894,-16.1505,196.9732,69.2363,136.5659,50.0000
14.4000,62.0197,72.7528,-153.3010,-110.6517,0.4018,-5.8534,-205.9961,-15.6654,210.2381,71.7524,135.0585,50.0000
14.4100,60.9028,72.7560,-153.3490,-112.5918,0.2471,-3.6878,-181.3196,-15.4284,222.1658,74.3108,133.5257,50.0000
14.4200,59.7678,72.7577,-153.3748,-114.2781,0.0932,-1.4101,-155.3207,-15.5386,232.5985,76.9076,131.9700,50.0000
14.4300,58.6173,72.7579,-153.3772,-115.6982,-0.0637,0.9642,-128.1871,-16.0811,241.3944,79.5387,130.3937,50.0000
14.4400,57.4539,72.7564,-153.3555,-116.8418,-0.2284,3.4178,-100.1312,-17.1202,248.4315,82.2001,128.7993,50.0000
14.4500,56.2804,72.7533,-153.3089,-117.7008,-0.4061,5.9328,-71.3861,-18.6940,253.6109,84.8875,127.1892,50.0000
14.4600,55.0998,72.7483,-153.2368,-118.2695,-0.6023,8.4900,-42.2000,-20.8105,256.8587,87.5967,125.5661,50.0000
14.4700,53.9150,72.7413,-153.1391,-118.5448,-0.8223,11.0700,-12.8319,-23.4454,258.1285,90.3234,123.9326,50.0000
14.4800,52.7289,72.7319,-153.0154,-118.5262,-1.0712,13.6526,16.4558,-26.5425,257.4015,93.0632,122.2911,50.0000
14.4900,51.5445,72.7198,-152.8660,-118.2157,-1.3531,16.2180,45.4023,-30.0152,254.6873,95.8119,120.6444,50.0000
14.5000,50.3646,72.7048,-152.6911,-117.6181,-1.6715,18.7464,73.7555,-33.7513,250.0223,98.5650,118.9950,50.0000
14.5100,49.1922,72.6864,-152.4911,-116.7406,-2.0282,21.2184,101.2770,-37.6185,243.4687,101.3181,117.3456,50.0000
14.5200,48.0298,72.6643,-152.2667,-115.5926,-2.4238,23.6157,127.7481,-41.4715,235.1118,104.0668,115.6989,50.0000
14.5300,46.8803,72.6379,-152.0188,-114.1856,-2.8576,25.9207,152.9734,-45.1597,225.0571,106.8066,114.0574,50.0000
14.5400,45.7461,72.6071,-151.7483,-112.5331,-3.3270,28.1169,176.7845,-48.5346,213.4277,109.5333,112.4239,50.0000
14.5500,44.6296,72.5714,-151.4564,-110.6499,-3.8283,30.1892,199.0426,-51.4572,200.3603,112.2425,110.8008,50.0000
14.5600,43.5331,72.5305,-151.1445,-108.5523,-4.3562,32.1241,219.6393,-53.8041,186.0019,114.9299,109.1907,50.0000
14.5700,42.4586,72.4843,-150.8139,-106.2572,-4.9044,33.9093,238.4968,-55.4723,170.5071,117.5913,107.5963,50.0000
14.5800,41.4080,72.4324,-150.4663,-103.7823,-5.4656,35.5342,255.5674,-56.3823,154.0345,120.2224,106.0200,50.0000
14.5900,40.3829,72.3750,-150.1033,-101.1458,-6.0320,36.9900,270.8318,-56.4804,136.7444,122.8192,104.4643,50.0000
14.6000,39.3851,72.3118,-149.7265,-98.3657,-6.5952,38.2691,284.2964,-55.7387,118.7964,125.3776,102.9315,50.0000
14.6100,38.4156,72.2431,-149.3379,-95.4599,-7.1468,39.3659,295.9908,-54.1545,100.3475,127.8937,101.4241,50.0000
14.6200,37.4759,72.1689,-148.9392,-92.4459,-7.6783,40.2761,305.9646,-51.7484,81.5506,130.3637,99.9443,50.0000
14.6300,36.5667,72.0895,-148.5324,-89.3406,-8.1818,40.9969,314.2837,-48.5615,62.5535,132.7839,98.4944,50.0000
14.6400,35.6890,72.0052,-148.1193,-86.1602,-8.6496,41.5271,321.0271,-44.6525,43.4977,135.1507,97.0765,50.0000
14.6500,34.8435,71.9165,-147.7018,-82.9201,-9.0748,41.8669,326.2837,-40.0942,24.5184,137.4607,95.6926,50.0000
14.6600,34.0306,71.8237,-147.2819,-79.6345,-9.4514,42.0175,330.1485,-34.9701,5.7438,139.7105,94.3447,50.0000
14.6700,33.2508,71.7275,-146.8615,-76.3171,-9.7742,41.9817,332.7203,-29.3713,-12.7050,141.8971,93.0347,50.0000
14.6800,32.5043,71.6283,-146.4423,-72.9801,-10.0389,41.7634,334.0986,-23.3935,-30.7138,144.0174,91.7644,50.0000
14.6900,31.7912,71.5267,-146.0262,-69.6351,-10.2421,41.3675,334.3819,-17.1343,-48.1751,146.0687,90.5355,50.0000
14.7000,31.1116,71.4234,-145.6149,-66.2925,-10.3816,40.7999,333.6649,-10.6909,-64.9885,148.0484,89.3494,50.0000
14.7100,30.4654,71.3191,-145.2102,-62.9618,-10.4559,40.0677,332.0375,-4.1584,-81.0595,149.9541,88.2077,50.0000
14.7200,29.8524,71.2143,-144.8136,-59.6517,-10.4647,39.1787,329.5833,2.3719,-96.3004,151.7837,87.1116,50.0000
14.7300,29.2723,71.1098,-144.4266,-56.3701,-10.4085,38.1417,326.3784,8.8135,-110.6291,153.5350,86.0624,50.0000
14.7400,28.7250,71.0061,-144.0507,-53.1242,-10.2885,36.9661,322.4909,15.0856,-123.9694,155.2065,85.0610,50.0000
14.7500,28.2098,70.9040,-143.6873,-49.9203,-10.1068,35.6623,317.9800,21.1134,-136.2508,156.7967,84.1083,50.0000
14.7600,27.7266,70.8040,-143.3375,-46.7646,-9.8662,34.2411,312.8959,26.8290,-147.4083,158.3042,83.2052,50.0000
14.7700,27.2746,70.7067,-143.0025,-43.6624,-9.5702,32.7141,307.2796,32.1711,-157.3823,159.7282,82.3521,50.0000
14.7800,26.8533,70.6126,-142.6832,-40.6190,-9.2228,31.0935,301.1625,37.0854,-166.1184,161.0679,81.5494,50.0000
14.7900,26.4622,70.5222,-142.3806,-37.6392,-8.8285,29.3918,294.5666,41.5242,-173.5678,162.3230,80.7975,50.0000
14.8000,26.1005,70.4360,-142.0954,-34.7276,-8.3923,27.6221,287.5048,45.4464,-179.6867,163.4933,80.0964,50.0000
14.8100,25.7676,70.3544,-141.8282,-31.8891,-7.9195,25.7980,279.9808,48.8177,-184.4368,164.5790,79.4459,50.0000
14.8200,25.4627,70.2776,-141.5794,-29.1280,-7.4159,23.9334,271.9892,51.6097,-187.7852,165.5807,78.8458,50.0000
14.8300,25.1851,70.2061,-141.3495,-26.4493,-6.8873,22.0423,263.5162,53.8002,-189.7042,166.4992,78.2956,50.0000
14.8400,24.9338,70.1399,-141.1386,-23.8577,-6.3399,20.1393,254.5394,55.3729,-190.1716,167.3356,77.7945,50.0000
14.8500,24.7079,70.0793,-140.9467,-21.3585,-5.7799,18.2389,245.0286,56.3167,-189.1706,168.0915,77.3416,50.0000
14.8600,24.5066,70.0243,-140.7738,-18.9571,-5.2136,16.3559,234.9457,56.6259,-186.6893,168.7688,76.9358,50.0000
14.8700,24.3288,69.9750,-140.6196,-16.6596,-4.6474,14.5051,224.2456,56.2997,-182.7215,169.3698,76.5758,50.0000
14.8800,24.1734,69.9313,-140.4837,-14.4722,-4.0876,12.7014,212.8762,55.3419,-177.2654,169.8970,76.2599,50.0000
14.8900,24.0393,69.8932,-140.3656,-12.4021,-3.5405,10.9598,200.7796,53.7601,-170.3242,170.3535,75.9864,50.0000
14.9000,23.9254,69.8605,-140.2645,-10.4566,-3.0124,9.2950,187.8919,51.5661,-161.9052,170.7428,75.7532,50.0000
14.9100,23.8302,69.8330,-140.1797,-8.6442,-2.5092,7.7217,174.1447,48.7745,-152.0195,171.0687,75.5580,50.0000
14.9200,23.7525,69.8103,-140.1101,-6.9737,-2.0369,6.2546,159.4656,45.4028,-140.6811,171.3354,75.3982,50.0000
14.9300,23.6907,69.7922,-140.0546,-5.4549,-1.6012,4.9081,143.7794,41.4702,-127.9064,171.5477,75.2710,50.0000
14.9400,23.6434,69.7783,-140.0119,-4.0982,-1.2075,3.6964,127.0090,36.9973,-113.7129,171.7106,75.1734,50.0000
14.9500,23.6088,69.7681,-139.9806,-2.9147,-0.8612,2.6338,109.0772,32.0048,-98.1182,171.8299,75.1019,50.0000
14.9600,23.5851,69.7611,-139.9592,-1.9166,-0.5674,1.7341,89.9079,26.5126,-81.1383,171.9116,75.0530,50.0000
14.9700,23.5704,69.7567,-139.9460,-1.1166,-0.3310,1.0110,69.4283,20.5387,-62.7861,171.9621,75.0227,50.0000
14.9800,23.5627,69.7545,-139.9390,-0.5280,-0.1566,0.4784,47.5705,14.0979,-43.0697,171.9886,75.0068,50.0000
14.9900,23.5599,69.7536,-139.9364,-0.1652,-0.0490,0.1496,24.3063,7.2093,-22.0185,171.9986,75.0009,50.0000
15.0000,23.5594,69.7535,-139.9360,-0.0419,-0.0124,0.0380,12.3237,3.6564,-11.1660,172.0000,75.0000,50.0000
15.0100,23.5594,69.7532,-139.9361,0.0000,-0.1071,-0.0408,0.0000,-15.7672,-5.9977,172.0000,75.0000,49.9992
15.0200,23.5594,69.7513,-139.9368,0.0000,-0.3425,-0.1303,0.0000,-30.8535,-11.7309,172.0000,75.0000,49.9938
15.0300,23.5594,69.7464,-139.9387,0.0000,-0.7242,-0.2754,0.0000,-45.0149,-17.0982,172.0000,75.0000,49.9794
15.0400,23.5594,69.7369,-139.9423,0.0000,-1.2428,-0.4723,0.0000,-58.2581,-22.0893,172.0000,75.0000,49.9518
15.0500,23.5594,69.7215,-139.9482,0.0000,-1.8894,-0.7172,-0.0000,-70.6126,-26.6993,172.0000,75.0000,49.9074
15.0600,23.5594,69.6991,-139.9567,-0.0000,-2.6551,-1.0063,-0.0000,-82.1092,-30.9217,172.0000,75.0000,49.8424
15.0700,23.5594,69.6684,-139.9683,0.0000,-3.5316,-1.3356,0.0000,-92.7791,-34.7489,172.0000,75.0000,49.7536
15.0800,23.5594,69.6284,-139.9834,0.0000,-4.5107,-1.7012,-0.0000,-102.6537,-38.1727,172.0000,75.0000,49.6380
15.0900,23.5594,69.5782,-140.0023,-0.0000,-5.5846,-2.0991,0.0000,-111.7642,-41.1853,172.0000,75.0000,49.4927
15.1000,23.5594,69.5168,-140.0254,0.0000,-6.7460,-2.5249,0.0000,-120.1406,-43.7794,172.0000,75.0000,49.3152
15.1100,23.5594,69.4433,-140.0528,0.0000,-7.9874,-2.9746,-0.0000,-127.8119,-45.9485,172.0000,75.0000,49.1032
15.1200,23.5594,69.3570,-140.0849,-0.0000,-9.3022,-3.4439,-0.0000,-134.8054,-47.6875,172.0000,75.0000,48.8545
15.1300,23.5594,69.2572,-140.1217,0.0000,-10.6835,-3.9284,0.0000,-141.1464,-48.9931,172.0000,75.0000,48.5673
15.1400,23.5594,69.1433,-140.1634,0.0000,-12.1251,-4.4238,0.0000,-146.8583,-49.8635,172.0000,75.0000,48.2400
15.1500,23.5594,69.0147,-140.2102,0.0000,-13.6207,-4.9257,0.0000,-151.9620,-50.2990,172.0000,75.0000,47.8710
15.1600,23.5594,68.8709,-140.2619,0.0000,-15.1644,-5.4297,0.0000,-156.4761,-50.3020,172.0000,75.0000,47.4593
15.1700,23.5594,68.7114,-140.3188,0.0000,-16.7502,-5.9317,0.0000,-160.4167,-49.8772,172.0000,75.0000,47.0037
15.1800,23.5594,68.5359,-140.3806,0.0000,-18.3727,-6.4273,0.0000,-163.7973,-49.0315,172.0000,75.0000,46.5034
15.1900,23.5594,68.3440,-140.4473,0.0000,-20.0262,-6.9123,0.0000,-166.6288,-47.7740,172.0000,75.0000,45.9578
15.2000,23.5594,68.1354,-140.5188,0.0000,-21.7053,-7.3828,0.0000,-168.9200,-46.1165,172.0000,75.0000,45.3664
15.2100,23.5594,67.9099,-140.5950,0.0000,-23.4046,-7.8347,0.0000,-170.6771,-44.0728,172.0000,75.0000,44.7289
15.2200,23.5594,67.6673,-140.6755,0.0000,-25.1188,-8.2642,0.0000,-171.9044,-41.6592,172.0000,75.0000,44.0453
15.2300,23.5594,67.4075,-140.7603,0.0000,-26.8427,-8.6679,0.0000,-172.6042,-38.8942,172.0000,75.0000,43.3155
15.2400,23.5594,67.1304,-140.8489,0.0000,-28.5709,-9.0421,0.0000,-172.7772,-35.7984,172.0000,75.0000,42.5399
15.2500,23.5594,66.8361,-140.9411,0.0000,-30.2982,-9.3838,0.0000,-172.4229,-32.3947,172.0000,75.0000,41.7188
15.2600,23.5594,66.5245,-141.0366,0.0000,-32.0194,-9.6900,0.0000,-171.5395,-28.7077,172.0000,75.0000,40.8526
15.2700,23.5594,66.1957,-141.1349,0.0000,-33.7290,-9.9580,0.0000,-170.1249,-24.7643,172.0000,75.0000,39.9421
15.2800,23.5594,65.8499,-141.2357,0.0000,-35.4219,-10.1853,0.0000,-168.1765,-20.5928,172.0000,75.0000,38.9882
15.2900,23.5594,65.4873,-141.3386,0.0000,-37.0925,-10.3698,0.0000,-165.6920,-16.2234,172.0000,75.0000,37.9916
15.3000,23.5594,65.1081,-141.4431,0.0000,-38.7357,-10.5098,0.0000,-162.6695,-11.6875,172.0000,75.0000,36.9536
15.3100,23.5594,64.7126,-141.5488,0.0000,-40.3459,-10.6036,0.0000,-159.1082,-7.0180,172.0000,75.0000,35.8753
15.3200,23.5594,64.3011,-141.6552,0.0000,-41.9179,-10.6501,0.0000,-155.0085,-2.2489,172.0000,75.0000,34.7579
15.3300,23.5594,63.8742,-141.7618,0.0000,-43.4461,-10.6486,0.0000,-150.3728,2.5852,172.0000,75.0000,33.6030
15.3400,23.5594,63.4322,-141.8682,0.0000,-44.9253,-10.5984,0.0000,-145.2053,7.4487,172.0000,75.0000,32.4119
15.3500,23.5594,62.9757,-141.9738,0.0000,-46.3502,-10.4996,0.0000,-139.5130,12.3057,172.0000,75.0000,31.1864
15.3600,23.5594,62.5052,-142.0781,0.0000,-47.7156,-10.3523,0.0000,-133.3055,17.1202,172.0000,75.0000,29.9282
15.3700,23.5594,62.0214,-142.1808,0.0000,-49.0163,-10.1572,0.0000,-126.5955,21.8561,172.0000,75.0000,28.6390
15.3800,23.5594,61.5249,-142.2813,0.0000,-50.2475,-9.9152,0.0000,-119.3988,26.4779,172.0000,75.0000,27.3207
15.3900,23.5594,61.0164,-142.3791,0.0000,-51.4043,-9.6276,0.0000,-111.7348,30.9506,172.0000,75.0000,25.9753
15.4000,23.5594,60.4968,-142.4738,0.0000,-52.4822,-9.2962,0.0000,-103.6261,35.2400,172.0000,75.0000,24.6048
15.4100,23.5594,59.9668,-142.5650,0.0000,-53.4768,-8.9228,0.0000,-95.0989,39.3135,172.0000,75.0000,23.2112
15.4200,23.5594,59.4273,-142.6523,0.0000,-54.3842,-8.5099,0.0000,-86.1828,43.1398,172.0000,75.0000,21.7968
15.4300,23.5594,58.8791,-142.7352,0.0000,-55.2005,-8.0600,0.0000,-76.9104,46.6895,172.0000,75.0000,20.3636
15.4400,23.5594,58.3232,-142.8135,0.0000,-55.9224,-7.5761,0.0000,-67.3176,49.9353,172.0000,75.0000,18.9140
15.4500,23.5594,57.7607,-142.8868,0.0000,-56.5468,-7.0613,0.0000,-57.4428,52.8524,172.0000,75.0000,17.4501
15.4600,23.5594,57.1923,-142.9547,0.0000,-57.0712,-6.5191,0.0000,-47.3269,55.4185,172.0000,75.0000,15.9744
15.4700,23.5594,56.6192,-143.0171,0.0000,-57.4934,-5.9529,0.0000,-37.0127,57.6145,172.0000,75.0000,14.4892
15.4800,23.5594,56.0424,-143.0738,0.0000,-57.8115,-5.3668,0.0000,-26.5447,59.4241,172.0000,75.0000,12.9968
15.4900,23.5594,55.4630,-143.1245,0.0000,-58.0243,-4.7645,0.0000,-15.9684,60.8345,172.0000,75.0000,11.4996
15.5000,23.5594,54.8820,-143.1691,0.0000,-58.1308,-4.1501,0.0000,-5.3298,61.8364,172.0000,75.0000,10.0000
15.5100,23.5594,54.3004,-143.2075,0.0000,-58.1308,-3.5277,0.0000,5.3249,62.4239,172.0000,75.0000,8.5004
15.5200,23.5594,53.7193,-143.2396,0.0000,-58.0243,-2.9016,0.0000,15.9498,62.5949,172.0000,75.0000,7.0032
15.5300,23.5594,53.1399,-143.2655,0.0000,-57.8119,-2.2758,0.0000,26.5000,62.3510,172.0000,75.0000,5.5108
15.5400,23.5594,52.5631,-143.2851,0.0000,-57.4943,-1.6546,0.0000,36.9318,61.6974,172.0000,75.0000,4.0256
15.5500,23.5594,51.9900,-143.2986,0.0000,-57.0732,-1.0419,0.0000,47.2031,60.6427,172.0000,75.0000,2.5498
15.5600,23.5594,51.4216,-143.3060,0.0000,-56.5503,-0.4417,0.0000,57.2740,59.1995,172.0000,75.0000,1.0860
15.5700,23.5594,50.8590,-143.3074,0.0000,-55.9277,0.1421,-0.0000,67.1066,57.3832,172.0000,75.0000,-0.3636
15.5800,23.5594,50.3031,-143.3031,-0.0000,-55.2081,0.7059,-0.0000,76.6656,55.2129,172.0000,75.0000,-1.7968
15.5900,23.5594,49.7548,-143.2933,0.0000,-54.3944,1.2464,0.0000,85.9184,52.7103,172.0000,75.0000,-3.2112
15.6000,23.5594,49.2152,-143.2782,0.0000,-53.4898,1.7601,0.0000,94.8350,49.8999,172.0000,75.0000,-4.6048
15.6100,23.5594,48.6850,-143.2581,0.0000,-52.4977,2.2444,0.0000,103.3883,46.8089,172.0000,75.0000,-5.9753
15.6200,23.5594,48.1652,-143.2333,0.0000,-51.4220,2.6963,0.0000,111.5536,43.4663,172.0000,75.0000,-7.3207
15.6300,23.5594,47.6566,-143.2042,0.0000,-50.2667,3.1137,0.0000,119.3091,39.9032,172.0000,75.0000,-8.6390
15.6400,23.5594,47.1599,-143.1711,0.0000,-49.0358,3.4944,0.0000,126.6354,36.1522,172.0000,75.0000,-9.9282
15.6500,23.5594,46.6759,-143.1343,0.0000,-47.7339,3.8367,0.0000,133.5153,32.2470,172.0000,75.0000,-11.1864
15.6600,23.5594,46.2052,-143.0943,0.0000,-46.3655,4.1393,0.0000,139.9338,28.2223,172.0000,75.0000,-12.4119
15.6700,23.5594,45.7486,-143.0515,0.0000,-44.9353,4.4012,0.0000,145.8774,24.1133,172.0000,75.0000,-13.6030
15.6800,23.5594,45.3065,-143.0063,0.0000,-43.4480,4.6216,0.0000,151.3347,19.9553,172.0000,75.0000,-14.7579
15.6900,23.5594,44.8796,-142.9591,0.0000,-41.9086,4.8003,0.0000,156.2951,15.7836,172.0000,75.0000,-15.8753
15.7000,23.5594,44.4684,-142.9103,0.0000,-40.3221,4.9373,-0.0000,160.7494,11.6333,172.0000,75.0000,-16.9536
15.7100,23.5594,44.0732,-142.8603,-0.0000,-38.6936,5.0329,-0.0000,164.6888,7.5385,172.0000,75.0000,-17.9916
15.7200,23.5594,43.6945,-142.8096,0.0000,-37.0283,5.0880,0.0000,168.1053,3.5325,172.0000,75.0000,-18.9882
15.7300,23.5594,43.3326,-142.7586,0.0000,-35.3315,5.1036,0.0000,170.9909,-0.3526,172.0000,75.0000,-19.9421
15.7400,23.5594,42.9879,-142.7076,0.0000,-33.6085,5.0810,0.0000,173.3378,-4.0863,172.0000,75.0000,-20.8526
15.7500,23.5594,42.6604,-142.6570,0.0000,-31.8647,5.0219,0.0000,175.1377,-7.6396,172.0000,75.0000,-21.7188
15.7600,23.5594,42.3506,-142.6071,0.0000,-30.1057,4.9282,0.0000,176.3821,-10.9854,172.0000,75.0000,-22.5399
15.7700,23.5594,42.0583,-142.5584,0.0000,-28.3371,4.8022,0.0000,177.0617,-14.0987,172.0000,75.0000,-23.3155
15.7800,23.5594,41.7838,-142.5111,0.0000,-26.5645,4.6462,0.0000,177.1665,-16.9566,172.0000,75.0000,-24.0453
15.7900,23.5594,41.5270,-142.4655,0.0000,-24.7938,4.4630,0.0000,176.6857,-19.5388,172.0000,75.0000,-24.7289
15.8000,23.5594,41.2879,-142.4218,0.0000,-23.0308,4.2554,0.0000,175.6071,-21.8271,172.0000,75.0000,-25.3664
15.8100,23.5594,41.0664,-142.3804,0.0000,-21.2816,4.0265,0.0000,173.9177,-23.8062,172.0000,75.0000,-25.9578
15.8200,23.5594,40.8623,-142.3413,0.0000,-19.5524,3.7793,0.0000,171.6031,-25.4632,172.0000,75.0000,-26.5034
15.8300,23.5594,40.6754,-142.3048,0.0000,-17.8495,3.5172,-0.0000,168.6477,-26.7878,172.0000,75.0000,-27.0037
15.8400,23.5594,40.5053,-142.2709,-0.0000,-16.1795,3.2436,-0.0000,165.0346,-27.7727,172.0000,75.0000,-27.4593
15.8500,23.5594,40.3518,-142.2399,0.0000,-14.5489,2.9618,0.0000,160.7456,-28.4130,172.0000,75.0000,-27.8711
15.8600,23.5594,40.2143,-142.2117,0.0000,-12.9646,2.6753,0.0000,155.7611,-28.7065,172.0000,75.0000,-28.2400
15.8700,23.5594,40.0925,-142.1864,0.0000,-11.4336,2.3876,0.0000,150.0605,-28.6535,172.0000,75.0000,-28.5673
15.8800,23.5594,39.9857,-142.1640,0.0000,-9.9633,2.1022,0.0000,143.6215,-28.2570,172.0000,75.0000,-28.8545
15.8900,23.5594,39.8932,-142.1444,0.0000,-8.5612,1.8225,0.0000,136.4213,-27.5219,172.0000,75.0000,-29.1032
15.9000,23.5594,39.8144,-142.1275,0.0000,-7.2349,1.5518,0.0000,128.4356,-26.4554,172.0000,75.0000,-29.3152
15.9100,23.5594,39.7485,-142.1133,0.0000,-5.9925,1.2934,0.0000,119.6394,-25.0666,172.0000,75.0000,-29.4927
15.9200,23.5594,39.6946,-142.1016,0.0000,-4.8421,1.0505,0.0000,110.0068,-23.3659,172.0000,75.0000,-29.6380
15.9300,23.5594,39.6517,-142.0923,0.0000,-3.7924,0.8261,0.0000,99.5115,-21.3649,172.0000,75.0000,-29.7536
15.9400,23.5594,39.6187,-142.0851,0.0000,-2.8519,0.6232,0.0000,88.1266,-19.0759,172.0000,75.0000,-29.8424
15.9500,23.5594,39.5946,-142.0798,0.0000,-2.0298,0.4446,-0.0000,75.8252,-16.5114,172.0000,75.0000,-29.9074
15.9600,23.5594,39.5782,-142.0762,-0.0000,-1.3354,0.2929,-0.0000,62.5802,-13.6835,172.0000,75.0000,-29.9518
15.9700,23.5594,39.5679,-142.0740,0.0000,-0.7782,0.1709,0.0000,48.3652,-10.6030,172.0000,75.0000,-29.9794
15.9800,23.5594,39.5626,-142.0728,0.0000,-0.3681,0.0809,0.0000,33.1540,-7.2790,172.0000,75.0000,-29.9938
15.9900,23.5594,39.5606,-142.0724,0.0000,-0.1151,0.0253,0.0000,16.9438,-3.7226,172.0000,75.0000,-29.9992
16.0000,23.5594,39.5603,-142.0723,0.0000,-0.0292,0.0064,0.0000,8.5914,-1.8880,172.0000,75.0000,-30.0000
16.0100,23.5594,39.5606,-142.0724,0.0000,0.1151,-0.0253,0.0000,16.9438,-3.7226,172.0000,75.0000,-29.9992
16.0200,23.5594,39.5626,-142.0728,0.0000,0.3681,-0.0809,0.0000,33.1540,-7.2790,172.0000,75.0000,-29.9938
16.0300,23.5594,39.5679,-142.0740,0.0000,0.7782,-0.1709,0.0000,48.3652,-10.6030,172.0000,75.0000,-29.9794
16.0400,23.5594,39.5782,-142.0762,0.0000,1.3354,-0.2929,0.0000,62.5802,-13.6835,172.0000,75.0000,-29.9518
16.0500,23.5594,39.5946,-142.0798,0.0000,2.0298,-0.4446,-0.0000,75.8252,-16.5114,172.0000,75.0000,-29.9073
16.0600,23.5594,39.6187,-142.0851,-0.0000,2.8519,-0.6232,-0.0000,88.1266,-19.0759,172.0000,75.0000,-29.8424
16.0700,23.5594,39.6517,-142.0923,0.0000,3.7924,-0.8261,0.0000,99.5115,-21.3649,172.0000,75.0000,-29.7536
16.0800,23.5594,39.6946,-142.1016,0.0000,4.8421,-1.0505,-0.0000,110.0068,-23.3659,172.0000,75.0000,-29.6380
16.0900,23.5594,39.7485,-142.1133,-0.0000,5.9925,-1.2934,0.0000,119.6394,-25.0666,172.0000,75.0000,-29.4927
16.1000,23.5594,39.8144,-142.1275,0.0000,7.2349,-1.5518,0.0000,128.4356,-26.4554,172.0000,75.0000,-29.3152
16.1100,23.5594,39.8932,-142.1444,0.0000,8.5612,-1.8225,-0.0000,136.4213,-27.5219,172.0000,75.0000,-29.1032
16.1200,23.5594,39.9857,-142.1640,-0.0000,9.9633,-2.1022,-0.0000,143.6215,-28.2570,172.0000,75.0000,-28.8545
16.1300,23.5594,40.0925,-142.1864,0.0000,11.4336,-2.3876,0.0000,150.0605,-28.6535,172.0000,75.0000,-28.5673
16.1400,23.5594,40.2143,-142.2117,0.0000,12.9646,-2.6753,0.0000,155.7611,-28.7065,172.0000,75.0000,-28.2400
16.1500,23.5594,40.3518,-142.2399,0.0000,14.5489,-2.9618,0.0000,160.7456,-28.4130,172.0000,75.0000,-27.8711
16.1600,23.5594,40.5053,-142.2709,0.0000,16.1795,-3.2436,0.0000,165.0346,-27.7727,172.0000,75.0000,-27.4593
16.1700,23.5594,40.6754,-142.3048,0.0000,17.8495,-3.5172,0.0000,168.6477,-26.7878,172.0000,75.0000,-27.0037
16.1800,23.5594,40.8623,-142.3413,0.0000,19.5524,-3.7793,0.0000,171.6031,-25.4632,172.0000,75.0000,-26.5034
16.1900,23.5594,41.0664,-142.3804,0.0000,21.2816,-4.0265,0.0000,173.9177,-23.8062,172.0000,75.0000,-25.9578
16.2000,23.5594,41.2879,-142.4218,0.0000,23.0308,-4.2554,0.0000,175.6071,-21.8271,172.0000,75.0000,-25.3664
16.2100,23.5594,41.5270,-142.4655,0.0000,24.7938,-4.4630,0.0000,176.6857,-19.5388,172.0000,75.0000,-24.7289
16.2200,23.5594,41.7838,-142.5111,0.0000,26.5645,-4.6462,0.0000,177.1665,-16.9566,172.0000,75.0000,-24.0453
16.2300,23.5594,42.0583,-142.5584,0.0000,28.3371,-4.8022,0.0000,177.0617,-14.0987,172.0000,75.0000,-23.3155
16.2400,23.5594,42.3506,-142.6071,0.0000,30.1057,-4.9282,0.0000,176.3821,-10.9854,172.0000,75.0000,-22.5399
16.2500,23.5594,42.6604,-142.6570,0.0000,31.8647,-5.0219,0.0000,175.1377,-7.6396,172.0000,75.0000,-21.7188
16.2600,23.5594,42.9879,-142.7076,0.0000,33.6085,-5.0810,0.0000,173.3378,-4.0863,172.0000,75.0000,-20.8526
16.2700,23.5594,43.3326,-142.7586,0.0000,35.3315,-5.1036,0.0000,170.9909,-0.3526,172.0000,75.0000,-19.9421
16.2800,23.5594,43.6945,-142.8096,0.0000,37.0283,-5.0880,0.0000,168.1053,3.5325,172.0000,75.0000,-18.9882
16.2900,23.5594,44.0732,-142.8603,0.0000,38.6936,-5.0329,0.0000,164.6888,7.5385,172.0000,75.0000,-17.9916
16.3000,23.5594,44.4684,-142.9103,0.0000,40.3221,-4.9373,0.0000,160.7494,11.6333,172.0000,75.0000,-16.9536
16.3100,23.5594,44.8796,-142.9591,0.0000,41.9086,-4.8003,0.0000,156.2951,15.7836,172.0000,75.0000,-15.8753
16.3200,23.5594,45.3065,-143.0063,0.0000,43.4480,-4.6216,0.0000,151.3347,19.9553,172.0000,75.0000,-14.7579
16.3300,23.5594,45.7486,-143.0515,0.0000,44.9353,-4.4012,0.0000,145.8774,24.1133,172.0000,75.0000,-13.6030
16.3400,23.5594,46.2052,-143.0943,0.0000,46.3655,-4.1393,0.0000,139.9338,28.2223,172.0000,75.0000,-12.4119
16.3500,23.5594,46.6759,-143.1343,0.0000,47.7339,-3.8367,0.0000,133.5153,32.2470,172.0000,75.0000,-11.1864
16.3600,23.5594,47.1599,-143.1711,0.0000,49.0358,-3.4944,0.0000,126.6354,36.1522,172.0000,75.0000,-9.9282
16.3700,23.5594,47.6566,-143.2042,0.0000,50.2667,-3.1137,0.0000,119.3091,39.9032,172.0000,75.0000,-8.6390
16.3800,23.5594,48.1652,-143.2333,0.0000,51.4220,-2.6963,0.0000,111.5536,43.4663,172.0000,75.0000,-7.3207
16.3900,23.5594,48.6850,-143.2581,0.0000,52.4977,-2.2444,0.0000,103.3883,46.8089,172.0000,75.0000,-5.9753
16.4000,23.5594,49.2152,-143.2782,0.0000,53.4898,-1.7601,0.0000,94.8350,49.8999,172.0000,75.0000,-4.6048
16.4100,23.5594,49.7548,-143.2933,0.0000,54.3944,-1.2464,0.0000,85.9184,52.7103,172.0000,75.0000,-3.2112
16.4200,23.5594,50.3031,-143.3031,0.0000,55.2081,-0.7059,0.0000,76.6656,55.2129,172.0000,75.0000,-1.7968
16.4300,23.5594,50.8590,-143.3074,0.0000,55.9277,-0.1421,0.0000,67.1066,57.3832,172.0000,75.0000,-0.3636
16.4400,23.5594,51.4216,-143.3060,0.0000,56.5503,0.4417,0.0000,57.2740,59.1995,172.0000,75.0000,1.0860
16.4500,23.5594,51.9900,-143.2986,0.0000,57.0732,1.0419,0.0000,47.2031,60.6427,172.0000,75.0000,2.5499
16.4600,23.5594,52.5631,-143.2851,0.0000,57.4943,1.6546,0.0000,36.9318,61.6974,172.0000,75.0000,4.0256
16.4700,23.5594,53.1399,-143.2655,0.0000,57.8119,2.2758,0.0000,26.5000,62.3510,172.0000,75.0000,5.5108
16.4800,23.5594,53.7193,-143.2396,0.0000,58.0243,2.9016,0.0000,15.9498,62.5949,172.0000,75.0000,7.0032
16.4900,23.5594,54.3004,-143.2075,0.0000,58.1308,3.5277,0.0000,5.3249,62.4239,172.0000,75.0000,8.5004
16.5000,23.5594,54.8820,-143.1691,0.0000,58.1308,4.1501,0.0000,-5.3298,61.8364,172.0000,75.0000,10.0000
16.5100,23.5594,55.4630,-143.1245,0.0000,58.0243,4.7645,0.0000,-15.9684,60.8345,172.0000,75.0000,11.4996
16.5200,23.5594,56.0424,-143.0738,0.0000,57.8115,5.3668,0.0000,-26.5447,59.4241,172.0000,75.0000,12.9968
16.5300,23.5594,56.6192,-143.0171,0.0000,57.4934,5.9529,0.0000,-37.0127,57.6145,172.0000,75.0000,14.4892
16.5400,23.5594,57.1923,-142.9547,0.0000,57.0712,6.5191,0.0000,-47.3269,55.4185,172.0000,75.0000,15.9744
16.5500,23.5594,57.7607,-142.8868,0.0000,56.5468,7.0613,0.0000,-57.4428,52.8524,172.0000,75.0000,17.4502
16.5600,23.5594,58.3232,-142.8135,0.0000,55.9224,7.5761,0.0000,-67.3176,49.9353,172.0000,75.0000,18.9140
16.5700,23.5594,58.8791,-142.7352,0.0000,55.2005,8.0600,-0.0000,-76.9104,46.6895,172.0000,75.0000,20.3636
16.5800,23.5594,59.4273,-142.6523,-0.0000,54.3842,8.5099,-0.0000,-86.1828,43.1398,172.0000,75.0000,21.7968
16.5900,23.5594,59.9668,-142.5650,0.0000,53.4768,8.9228,0.0000,-95.0989,39.3135,172.0000,75.0000,23.2112
16.6000,23.5594,60.4968,-142.4738,0.0000,52.4822,9.2962,0.0000,-103.6261,35.2400,172.0000,75.0000,24.6048
16.6100,23.5594,61.0164,-142.3791,0.0000,51.4043,9.6276,0.0000,-111.7348,30.9506,172.0000,75.0000,25.9753
16.6200,23.5594,61.5249,-142.2813,0.0000,50.2475,9.9152,0.0000,-119.3988,26.4779,172.0000,75.0000,27.3207
16.6300,23.5594,62.0214,-142.1808,0.0000,49.0163,10.1572,0.0000,-126.5955,21.8561,172.0000,75.0000,28.6390
16.6400,23.5594,62.5052,-142.0781,0.0000,47.7156,10.3523,0.0000,-133.3055,17.1202,172.0000,75.0000,29.9282
16.6500,23.5594,62.9757,-141.9738,0.0000,46.3502,10.4996,0.0000,-139.5130,12.3057,172.0000,75.0000,31.1864
16.6600,23.5594,63.4322,-141.8682,0.0000,44.9253,10.5984,0.0000,-145.2053,7.4487,172.0000,75.0000,32.4119
16.6700,23.5594,63.8742,-141.7618,0.0000,43.4461,10.6486,0.0000,-150.3728,2.5852,172.0000,75.0000,33.6030
16.6800,23.5594,64.3011,-141.6552,0.0000,41.9179,10.6501,0.0000,-155.0085,-2.2489,172.0000,75.0000,34.7579
16.6900,23.5594,64.7126,-141.5488,0.0000,40.3459,10.6036,0.0000,-159.1082,-7.0180,172.0000,75.0000,35.8753
16.7000,23.5594,65.1081,-141.4431,0.0000,38.7357,10.5098,-0.0000,-162.6695,-11.6875,172.0000,75.0000,36.9536
16.7100,23.5594,65.4873,-141.3386,-0.0000,37.0925,10.3698,-0.0000,-165.6920,-16.2234,172.0000,75.0000,37.9916
16.7200,23.5594,65.8499,-141.2357,0.0000,35.4219,10.1853,0.0000,-168.1765,-20.5928,172.0000,75.0000,38.9882
16.7300,23.5594,66.1957,-141.1349,0.0000,33.7290,9.9580,0.0000,-170.1249,-24.7643,172.0000,75.0000,39.9421
16.7400,23.5594,66.5245,-141.0366,0.0000,32.0194,9.6900,0.0000,-171.5395,-28.7077,172.0000,75.0000,40.8526
16.7500,23.5594,66.8361,-140.9411,0.0000,30.2982,9.3838,0.0000,-172.4229,-32.3947,172.0000,75.0000,41.7188
16.7600,23.5594,67.1304,-140.8489,0.0000,28.5709,9.0421,0.0000,-172.7772,-35.7984,172.0000,75.0000,42.5399
16.7700,23.5594,67.4075,-140.7603,0.0000,26.8427,8.6679,0.0000,-172.6042,-38.8942,172.0000,75.0000,43.3155
16.7800,23.5594,67.6673,-140.6755,0.0000,25.1188,8.2642,0.0000,-171.9044,-41.6592,172.0000,75.0000,44.0453
16.7900,23.5594,67.9099,-140.5950,0.0000,23.4046,7.8347,0.0000,-170.6771,-44.0728,172.0000,75.0000,44.7289
16.8000,23.5594,68.1354,-140.5188,0.0000,21.7053,7.3828,0.0000,-168.9200,-46.1165,172.0000,75.0000,45.3664
16.8100,23.5594,68.3440,-140.4473,0.0000,20.0262,6.9123,0.0000,-166.6288,-47.7740,172.0000,75.0000,45.9578
16.8200,23.5594,68.5359,-140.3806,0.0000,18.3727,6.4273,0.0000,-163.7973,-49.0315,172.0000,75.0000,46.5034
16.8300,23.5594,68.7114,-140.3188,0.0000,16.7502,5.9317,-0.0000,-160.4167,-49.8772,172.0000,75.0000,47.0037
16.8400,23.5594,68.8709,-140.2619,-0.0000,15.1644,5.4297,-0.0000,-156.4761,-50.3020,172.0000,75.0000,47.4593
16.8500,23.5594,69.0147,-140.2102,0.0000,13.6207,4.9257,0.0000,-151.9620,-50.2990,172.0000,75.0000,47.8711
16.8600,23.5594,69.1433,-140.1634,0.0000,12.1251,4.4238,0.0000,-146.8583,-49.8635,172.0000,75.0000,48.2400
16.8700,23.5594,69.2572,-140.1217,0.0000,10.6835,3.9284,0.0000,-141.1464,-48.9931,172.0000,75.0000,48.5673
16.8800,23.5594,69.3570,-140.0849,0.0000,9.3022,3.4439,0.0000,-134.8054,-47.6875,172.0000,75.0000,48.8545
16.8900,23.5594,69.4433,-140.0528,0.0000,7.9874,2.9746,0.0000,-127.8119,-45.9485,172.0000,75.0000,49.1032
16.9000,23.5594,69.5168,-140.0254,0.0000,6.7460,2.5249,0.0000,-120.1406,-43.7794,172.0000,75.0000,49.3152
16.9100,23.5594,69.5782,-140.0023,0.0000,5.5846,2.0991,0.0000,-111.7642,-41.1853,172.0000,75.0000,49.4927
16.9200,23.5594,69.6284,-139.9834,0.0000,4.5107,1.7012,0.0000,-102.6537,-38.1727,172.0000,75.0000,49.6380
16.9300,23.5594,69.6684,-139.9683,0.0000,3.5316,1.3356,0.0000,-92.7791,-34.7489,172.0000,75.0000,49.7536
16.9400,23.5594,69.6991,-139.9567,0.0000,2.6551,1.0063,0.0000,-82.1092,-30.9217,172.0000,75.0000,49.8424
16.9500,23.5594,69.7215,-139.9482,0.0000,1.8894,0.7172,-0.0000,-70.6126,-26.6993,172.0000,75.0000,49.9074
16.9600,23.5594,69.7369,-139.9423,-0.0000,1.2428,0.4723,-0.0000,-58.2581,-22.0893,172.0000,75.0000,49.9518
16.9700,23.5594,69.7464,-139.9387,0.0000,0.7242,0.2754,0.0000,-45.0149,-17.0982,172.0000,75.0000,49.9794
16.9800,23.5594,69.7513,-139.9368,0.0000,0.3425,0.1303,0.0000,-30.8535,-11.7309,172.0000,75.0000,49.9938
16.9900,23.5594,69.7532,-139.9361,0.0000,0.1071,0.0408,0.0000,-15.7672,-5.9977,172.0000,75.0000,49.9992
17.0000,23.5594,69.7535,-139.9360,0.0000,0.0272,0.0103,0.0000,-7.9947,-3.0416,172.0000,75.0000,50.0000
17.0100,23.5598,69.7535,-139.9362,0.1367,0.0219,-0.0669,20.1218,3.2227,-9.8419,171.9991,75.0009,50.0000
17.0200,23.5622,69.7539,-139.9374,0.4371,0.0700,-0.2138,39.3752,6.3023,-19.2490,171.9933,75.0068,50.0000
17.0300,23.5685,69.7549,-139.9405,0.9242,0.1480,-0.4519,57.4493,9.1823,-28.0532,171.9776,75.0227,50.0000
17.0400,23.5807,69.7569,-139.9464,1.5861,0.2537,-0.7749,74.3542,11.8546,-36.2354,171.9477,75.0530,50.0000
17.0500,23.6003,69.7600,-139.9560,2.4113,0.3850,-1.1766,90.1287,14.3134,-43.7850,171.8994,75.1019,50.0000
17.0600,23.6289,69.7646,-139.9699,3.3887,0.5399,-1.6506,104.8137,16.5513,-50.6880,171.8288,75.1734,50.0000
17.0700,23.6680,69.7708,-139.9890,4.5076,0.7161,-2.1903,118.4509,18.5604,-56.9285,171.7324,75.2710,50.0000
17.0800,23.7190,69.7789,-140.0137,5.7577,0.9111,-2.7892,131.0825,20.3325,-62.4899,171.6069,75.3982,50.0000
17.0900,23.7832,69.7890,-140.0448,7.1292,1.1227,-3.4401,142.7500,21.8596,-67.3554,171.4491,75.5580,50.0000
17.1000,23.8616,69.8014,-140.0825,8.6127,1.3483,-4.1363,153.4937,23.1345,-71.5098,171.2564,75.7532,50.0000
17.1100,23.9554,69.8160,-140.1275,10.1991,1.5854,-4.8703,163.3527,24.1508,-74.9392,171.0261,75.9864,50.0000
17.1200,24.0656,69.8331,-140.1799,11.8798,1.8313,-5.6350,172.3638,24.9036,-77.6323,170.7561,76.2599,50.0000
17.1300,24.1930,69.8526,-140.2402,13.6464,2.0835,-6.4230,180.5611,25.3896,-79.5805,170.4443,76.5758,50.0000
17.1400,24.3385,69.8747,-140.3084,15.4910,2.3391,-7.2267,187.9764,25.6073,-80.7786,170.0888,76.9358,50.0000
17.1500,24.5029,69.8994,-140.3847,17.4059,2.5956,-8.0386,194.6380,25.5571,-81.2249,169.6882,77.3416,50.0000
17.1600,24.6867,69.9267,-140.4692,19.3838,2.8503,-8.8512,200.5711,25.2417,-80.9217,169.2411,77.7945,50.0000
17.1700,24.8905,69.9564,-140.5617,21.4173,3.1005,-9.6570,205.7976,24.6658,-79.8752,168.7464,78.2956,50.0000
17.1800,25.1150,69.9887,-140.6623,23.4997,3.3436,-10.4487,210.3356,23.8364,-78.0958,168.2031,78.8458,50.0000
17.1900,25.3605,70.0233,-140.7707,25.6241,3.5772,-11.2189,214.2000,22.7628,-75.5982,167.6107,79.4459,50.0000
17.2000,25.6275,70.0602,-140.8867,27.7837,3.7989,-11.9606,217.4018,21.4565,-72.4013,166.9685,80.0964,50.0000
17.2100,25.9162,70.0993,-141.0099,29.9721,4.0063,-12.6669,219.9490,19.9310,-68.5286,166.2763,80.7975,50.0000
17.2200,26.2269,70.1403,-141.1400,32.1827,4.1975,-13.3312,221.8461,18.2019,-64.0074,165.5339,81.5494,50.0000
17.2300,26.5598,70.1832,-141.2765,34.4090,4.3704,-13.9471,223.0946,16.2870,-58.8698,164.7415,82.3521,50.0000
17.2400,26.9151,70.2277,-141.4190,36.6446,4.5232,-14.5086,223.6930,14.2053,-53.1514,163.8993,83.2052,50.0000
17.2500,27.2927,70.2737,-141.5667,38.8829,4.6545,-15.0101,223.6376,11.9778,-46.8924,163.0076,84.1083,50.0000
17.2600,27.6928,70.3208,-141.7192,41.1173,4.7628,-15.4464,222.9222,9.6264,-40.1364,162.0671,85.0610,50.0000
17.2700,28.1151,70.3689,-141.8756,43.3413,4.8470,-15.8128,221.5392,7.1744,-32.9310,161.0784,86.0624,50.0000
17.2800,28.5596,70.4178,-142.0354,45.5481,4.9063,-16.1051,219.4795,4.6456,-25.3272,160.0425,87.1116,50.0000
17.2900,29.0260,70.4671,-142.1977,47.7309,4.9399,-16.3194,216.7334,2.0643,-17.3792,158.9604,88.2077,50.0000
17.3000,29.5142,70.5166,-142.3618,49.8828,4.9475,-16.4526,213.2909,-0.5452,-9.1446,157.8332,89.3494,50.0000
17.3100,30.0237,70.5660,-142.5268,51.9967,4.9290,-16.5023,209.1424,-3.1585,-0.6833,156.6623,90.5355,50.0000
17.3200,30.5541,70.6151,-142.6919,54.0656,4.8844,-16.4663,204.2795,-5.7522,7.9421,155.4490,91.7644,50.0000
17.3300,31.1050,70.6637,-142.8561,56.0823,4.8140,-16.3434,198.6953,-8.3035,16.6670,154.1949,93.0347,50.0000
17.3400,31.6758,70.7114,-143.0187,58.0395,4.7183,-16.1330,192.3854,-10.7908,25.4250,152.9016,94.3447,50.0000
17.3500,32.2658,70.7581,-143.1788,59.9300,4.5981,-15.8349,185.3483,-13.1941,34.1486,151.5708,95.6926,50.0000
17.3600,32.8744,70.8034,-143.3354,61.7465,4.4544,-15.4500,177.5862,-15.4953,42.7695,150.2046,97.0765,50.0000
17.3700,33.5007,70.8472,-143.4878,63.4818,4.2882,-14.9795,169.1056,-17.6780,51.2191,148.8046,98.4944,50.0000
17.3800,34.1440,70.8892,-143.6350,65.1286,4.1009,-14.4256,159.9176,-19.7281,59.4292,147.3732,99.9443,50.0000
17.3900,34.8033,70.9292,-143.7763,66.6801,3.8937,-13.7910,150.0389,-21.6338,67.3324,145.9122,101.4241,50.0000
17.4000,35.4776,70.9670,-143.9108,68.1294,3.6682,-13.0790,139.4917,-23.3854,74.8630,144.4240,102.9315,50.0000
17.4100,36.1659,71.0025,-144.0379,69.4699,3.4260,-12.2937,128.3042,-24.9757,81.9575,142.9107,104.4643,50.0000
17.4200,36.8670,71.0355,-144.1567,70.6955,3.1687,-11.4398,116.5110,-26.3994,88.5551,141.3748,106.0200,50.0000
17.4300,37.5798,71.0659,-144.2667,71.8002,2.8980,-10.5226,104.1527,-27.6533,94.5989,139.8186,107.5963,50.0000
17.4400,38.3030,71.0935,-144.3672,72.7785,2.6156,-9.5478,91.2762,-28.7361,100.0360,138.2445,109.1907,50.0000
17.4500,39.0354,71.1182,-144.4576,73.6257,2.3233,-8.5219,77.9343,-29.6476,104.8184,136.6549,110.8008,50.0000
17.4600,39.7755,71.1400,-144.5376,74.3372,2.0226,-7.4515,64.1852,-30.3892,108.9039,135.0525,112.4239,50.0000
17.4700,40.5221,71.1587,-144.6067,74.9094,1.7155,-6.3438,50.0924,-30.9630,112.2560,133.4397,114.0574,50.0000
17.4800,41.2737,71.1743,-144.6645,75.3391,1.4034,-5.2063,35.7237,-31.3716,114.8452,131.8192,115.6989,50.0000
17.4900,42.0289,71.1867,-144.7108,75.6239,1.0880,-4.0469,21.1503,-31.6180,116.6487,130.1934,117.3456,50.0000
17.5000,42.7862,71.1960,-144.7454,75.7621,0.7710,-2.8734,6.4464,-31.7050,117.6513,128.5650,118.9950,50.0000
17.5100,43.5441,71.2022,-144.7683,75.7528,0.4539,-1.6939,-8.3121,-31.6353,117.8452,126.9366,120.6444,50.0000
17.5200,44.3013,71.2051,-144.7793,75.5958,0.1383,-0.5165,-23.0485,-31.4115,117.2305,125.3108,122.2911,50.0000
17.5300,45.0561,71.2049,-144.7786,75.2918,-0.1743,0.6507,-37.6862,-31.0353,115.8150,123.6903,123.9326,50.0000
17.5400,45.8071,71.2016,-144.7663,74.8421,-0.4824,1.7998,-52.1500,-30.5085,113.6140,122.0775,125.5661,50.0000
17.5500,46.5529,71.1953,-144.7426,74.2488,-0.7845,2.9230,-66.3667,-29.8324,110.6503,120.4751,127.1892,50.0000
17.5600,47.2921,71.1859,-144.7078,73.5148,-1.0790,4.0128,-80.2663,-29.0081,106.9539,118.8855,128.7993,50.0000
17.5700,48.0232,71.1737,-144.6623,72.6435,-1.3646,5.0621,-93.7827,-28.0368,102.5614,117.3114,130.3937,50.0000
17.5800,48.7449,71.1587,-144.6066,71.6391,-1.6398,6.0641,-106.8543,-26.9200,97.5155,115.7552,131.9700,50.0000
17.5900,49.4560,71.1409,-144.5410,70.5064,-1.9030,7.0124,-119.4249,-25.6599,91.8647,114.2193,133.5257,50.0000
17.6000,50.1551,71.1206,-144.4663,69.2506,-2.1530,7.9014,-131.4438,-24.2594,85.6624,112.7060,135.0585,50.0000
17.6100,50.8410,71.0979,-144.3830,67.8775,-2.3882,8.7257,-142.8662,-22.7227,78.9663,111.2178,136.5659,50.0000
17.6200,51.5126,71.0728,-144.2918,66.3933,-2.6074,9.4807,-153.6534,-21.0552,71.8378,109.7568,138.0457,50.0000
17.6300,52.1689,71.0457,-144.1934,64.8045,-2.8093,10.1624,-163.7729,-19.2640,64.3411,108.3254,139.4956,50.0000
17.6400,52.8087,71.0166,-144.0886,63.1178,-2.9927,10.7675,-173.1979,-17.3578,56.5427,106.9254,140.9135,50.0000
17.6500,53.4312,70.9858,-143.9781,61.3405,-3.1565,11.2933,-181.9075,-15.3473,48.5106,105.5592,142.2974,50.0000
17.6600,54.0355,70.9535,-143.8627,59.4797,-3.2996,11.7377,-189.8861,-13.2449,40.3135,104.2284,143.6453,50.0000
17.6700,54.6208,70.9199,-143.7433,57.5428,-3.4214,12.0995,-197.1230,-11.0647,32.0204,102.9351,144.9553,50.0000
17.6800,55.1864,70.8851,-143.6207,55.5372,-3.5209,12.3781,-203.6117,-8.8227,23.7000,101.6810,146.2256,50.0000
17.6900,55.7316,70.8494,-143.4957,53.4705,-3.5978,12.5735,-209.3498,-6.5363,15.4198,100.4677,147.4545,50.0000
17.7000,56.2558,70.8131,-143.3692,51.3502,-3.6517,12.6865,-214.3375,-4.2243,7.2459,99.2968,148.6406,50.0000
17.7100,56.7586,70.7764,-143.2420,49.1838,-3.6823,12.7185,-218.5780,-1.9065,-0.7575,98.1696,149.7823,50.0000
17.7200,57.2395,70.7395,-143.1149,46.9787,-3.6898,12.6714,-222.0759,0.3965,-8.5288,97.0875,150.8784,50.0000
17.7300,57.6981,70.7026,-142.9886,44.7423,-3.6744,12.5479,-224.8372,2.6634,-16.0089,96.0516,151.9276,50.0000
17.7400,58.1343,70.6660,-142.8639,42.4819,-3.6365,12.3512,-226.8683,4.8729,-23.1421,95.0629,152.9290,50.0000
17.7500,58.5478,70.6299,-142.7416,40.2049,-3.5769,12.0850,-228.1754,7.0038,-29.8760,94.1224,153.8817,50.0000
17.7600,58.9384,70.5945,-142.6222,37.9184,-3.4965,11.7537,-228.7642,9.0353,-36.1619,93.2307,154.7848,50.0000
17.7700,59.3061,70.5599,-142.5065,35.6296,-3.3962,11.3618,-228.6391,10.9473,-41.9551,92.3885,155.6379,50.0000
17.7800,59.6510,70.5265,-142.3950,33.3456,-3.2775,10.9146,-227.8029,12.7208,-47.2150,91.5961,156.4406,50.0000
17.7900,59.9731,70.4944,-142.2882,31.0736,-3.1418,10.4175,-226.2561,14.3379,-51.9051,90.8537,157.1925,50.0000
17.8000,60.2725,70.4637,-142.1866,28.8205,-2.9907,9.8765,-223.9969,15.7823,-55.9936,90.1615,157.8936,50.0000
17.8100,60.5495,70.4346,-142.0907,26.5936,-2.8262,9.2976,-221.0205,17.0395,-59.4531,89.5193,158.5441,50.0000
17.8200,60.8043,70.4072,-142.0007,24.4001,-2.6500,8.6874,-217.3194,18.0966,-62.2608,88.9269,159.1442,50.0000
17.8300,61.0375,70.3816,-141.9169,22.2472,-2.4642,8.0524,-212.8825,18.9430,-64.3984,88.3836,159.6944,50.0000
17.8400,61.2493,70.3579,-141.8396,20.1425,-2.2711,7.3994,-207.6956,19.5700,-65.8525,87.8889,160.1955,50.0000
17.8500,61.4403,70.3362,-141.7689,18.0933,-2.0728,6.7354,-201.7410,19.9709,-66.6140,87.4418,160.6484,50.0000
17.8600,61.6112,70.3164,-141.7049,16.1076,-1.8717,6.0672,-194.9975,20.1415,-66.6784,87.0412,161.0542,50.0000
17.8700,61.7625,70.2987,-141.6476,14.1934,-1.6700,5.4018,-187.4408,20.0795,-66.0455,86.6857,161.4142,50.0000
17.8800,61.8950,70.2830,-141.5969,12.3588,-1.4701,4.7463,-179.0431,19.7846,-64.7191,86.3739,161.7301,50.0000
17.8900,62.0096,70.2693,-141.5527,10.6125,-1.2743,4.1074,-169.7738,19.2587,-62.7071,86.1039,162.0036,50.0000
17.9000,62.1073,70.2575,-141.5147,8.9633,-1.0849,3.4921,-159.5994,18.5051,-60.0206,85.8736,162.2368,50.0000
17.9100,62.1889,70.2476,-141.4828,7.4205,-0.9042,2.9070,-148.4839,17.5291,-56.6741,85.6809,162.4320,50.0000
17.9200,62.2557,70.2395,-141.4566,5.9937,-0.7343,2.3586,-136.3893,16.3370,-52.6842,85.5231,162.5918,50.0000
17.9300,62.3088,70.2329,-141.4356,4.6927,-0.5775,1.8533,-123.2761,14.9364,-48.0697,85.3976,162.7190,50.0000
17.9400,62.3495,70.2279,-141.4195,3.5281,-0.4356,1.3972,-109.1035,13.3353,-42.8504,85.3012,162.8166,50.0000
17.9500,62.3793,70.2242,-141.4077,2.5107,-0.3108,0.9963,-93.8302,11.5421,-37.0463,85.2306,162.8881,50.0000
17.9600,62.3998,70.2217,-141.3996,1.6515,-0.2048,0.6563,-77.4151,9.5651,-30.6766,85.1823,162.9370,50.0000
17.9700,62.4124,70.2201,-141.3946,0.9624,-0.1194,0.3828,-59.8179,7.4117,-23.7584,85.1524,162.9673,50.0000
17.9800,62.4190,70.2193,-141.3919,0.4552,-0.0565,0.1811,-41.0000,5.0881,-16.3055,85.1367,162.9832,50.0000
17.9900,62.4215,70.2190,-141.3910,0.1424,-0.0177,0.0567,-20.9525,2.6021,-8.3377,85.1309,162.9891,50.0000
18.0000,62.4218,70.2190,-141.3908,0.0361,-0.0045,0.0144,-10.6238,1.3198,-4.2286,85.1300,162.9900,50.0000
18.0100,62.4218,70.2187,-141.3909,0.0000,-0.1106,-0.0417,0.0000,-16.2791,-6.1366,85.1300,162.9900,49.9992
18.0200,62.4218,70.2167,-141.3916,0.0000,-0.3537,-0.1333,0.0000,-31.8553,-12.0027,85.1300,162.9900,49.9938
18.0300,62.4218,70.2116,-141.3936,0.0000,-0.7477,-0.2818,-0.0000,-46.4766,-17.4944,85.1300,162.9900,49.9794
18.0400,62.4218,70.2018,-141.3973,0.0000,-1.2832,-0.4832,-0.0000,-60.1500,-22.6014,85.1300,162.9900,49.9518
18.0500,62.4218,70.1859,-141.4032,0.0000,-1.9507,-0.7338,0.0000,-72.9062,-27.3189,85.1300,162.9900,49.9074
18.0600,62.4218,70.1628,-141.4120,0.0000,-2.7413,-1.0296,0.0000,-84.7769,-31.6401,85.1300,162.9900,49.8424
18.0700,62.4218,70.1311,-141.4238,0.0000,-3.6463,-1.3666,0.0000,-95.7946,-35.5574,85.1300,162.9900,49.7536
18.0800,62.4218,70.0899,-141.4393,0.0000,-4.6572,-1.7407,0.0000,-105.9917,-39.0628,85.1300,162.9900,49.6380
18.0900,62.4218,70.0380,-141.4586,0.0000,-5.7661,-2.1478,0.0000,-115.4005,-42.1481,85.1300,162.9900,49.4927
18.1000,62.4218,69.9745,-141.4822,0.0000,-6.9652,-2.5837,0.0000,-124.0521,-44.8061,85.1300,162.9900,49.3152
18.1100,62.4218,69.8987,-141.5103,0.0000,-8.2471,-3.0440,0.0000,-131.9763,-47.0302,85.1300,162.9900,49.1032
18.1200,62.4218,69.8096,-141.5431,0.0000,-9.6047,-3.5243,0.0000,-139.2013,-48.8154,85.1300,162.9900,48.8545
18.1300,62.4218,69.7066,-141.5808,0.0000,-11.0312,-4.0203,0.0000,-145.7533,-50.1580,85.1300,162.9900,48.5673
18.1400,62.4218,69.5890,-141.6235,0.0000,-12.5198,-4.5275,0.0000,-151.6562,-51.0564,85.1300,162.9900,48.2400
18.1500,62.4218,69.4562,-141.6714,0.0000,-14.0643,-5.0414,0.0000,-156.9316,-51.5108,85.1300,162.9900,47.8710
18.1600,62.4218,69.3077,-141.7244,0.0000,-15.6584,-5.5577,0.0000,-161.5982,-51.5236,85.1300,162.9900,47.4593
18.1700,62.4218,69.1430,-141.7825,0.0000,-17.2963,-6.0719,0.0000,-165.6724,-51.0994,85.1300,162.9900,47.0037
18.1800,62.4218,68.9618,-141.8458,0.0000,-18.9719,-6.5797,0.0000,-169.1679,-50.2451,85.1300,162.9900,46.5034
18.1900,62.4218,68.7636,-141.9141,0.0000,-20.6796,-7.0768,0.0000,-172.0954,-48.9701,85.1300,162.9900,45.9578
18.2000,62.4218,68.5482,-141.9873,0.0000,-22.4138,-7.5591,0.0000,-174.4635,-47.2859,85.1300,162.9900,45.3664
18.2100,62.4218,68.3153,-142.0653,0.0000,-24.1689,-8.0225,0.0000,-176.2782,-45.2066,85.1300,162.9900,44.7289
18.2200,62.4218,68.0648,-142.1478,0.0000,-25.9394,-8.4632,0.0000,-177.5432,-42.7485,85.1300,162.9900,44.0453
18.2300,62.4218,67.7965,-142.2346,0.0000,-27.7197,-8.8775,0.0000,-178.2602,-39.9302,85.1300,162.9900,43.3155
18.2400,62.4218,67.5104,-142.3253,0.0000,-29.5046,-9.2618,0.0000,-178.4294,-36.7726,85.1300,162.9900,42.5399
18.2500,62.4218,67.2064,-142.4198,0.0000,-31.2883,-9.6129,0.0000,-178.0495,-33.2987,85.1300,162.9900,41.7188
18.2600,62.4218,66.8846,-142.5176,0.0000,-33.0656,-9.9278,0.0000,-177.1180,-29.5335,85.1300,162.9900,40.8526
18.2700,62.4218,66.5451,-142.6183,0.0000,-34.8307,-10.2036,0.0000,-175.6320,-25.5042,85.1300,162.9900,39.9421
18.2800,62.4218,66.1880,-142.7217,0.0000,-36.5782,-10.4379,-0.0000,-173.5882,-21.2394,85.1300,162.9900,38.9882
18.2900,62.4218,65.8135,-142.8271,-0.0000,-38.3025,-10.6284,-0.0000,-170.9836,-16.7698,85.1300,162.9900,37.9916
18.3000,62.4218,65.4220,-142.9342,0.0000,-39.9979,-10.7733,0.0000,-167.8158,-12.1274,85.1300,162.9900,36.9536
18.3100,62.4218,65.0136,-143.0426,0.0000,-41.6588,-10.8709,0.0000,-164.0835,-7.3456,85.1300,162.9900,35.8753
18.3200,62.4218,64.5888,-143.1516,0.0000,-43.2795,-10.9202,0.0000,-159.7868,-2.4590,85.1300,162.9900,34.7579
18.3300,62.4218,64.1480,-143.2610,0.0000,-44.8545,-10.9201,0.0000,-154.9280,2.4969,85.1300,162.9900,33.6030
18.3400,62.4218,63.6917,-143.3700,0.0000,-46.3781,-10.8702,0.0000,-149.5116,7.4858,85.1300,162.9900,32.4119
18.3500,62.4218,63.2204,-143.4784,0.0000,-47.8447,-10.7704,-0.0000,-143.5449,12.4709,85.1300,162.9900,31.1864
18.3600,62.4218,62.7348,-143.5855,-0.0000,-49.2490,-10.6208,-0.0000,-137.0382,17.4151,85.1300,162.9900,29.9282
18.3700,62.4218,62.2354,-143.6908,0.0000,-50.5855,-10.4221,0.0000,-130.0053,22.2815,85.1300,162.9900,28.6390
18.3800,62.4218,61.7231,-143.7939,0.0000,-51.8491,-10.1752,0.0000,-122.4633,27.0334,85.1300,162.9900,27.3207
18.3900,62.4218,61.1985,-143.8943,0.0000,-53.0348,-9.8814,0.0000,-114.4332,31.6346,85.1300,162.9900,25.9753
18.4000,62.4218,60.6624,-143.9915,0.0000,-54.1378,-9.5425,0.0000,-105.9398,36.0499,85.1300,162.9900,24.6048
18.4100,62.4218,60.1157,-144.0851,0.0000,-55.1536,-9.1604,-0.0000,-97.0115,40.2455,85.1300,162.9900,23.2112
18.4200,62.4218,59.5593,-144.1747,-0.0000,-56.0780,-8.7376,-0.0000,-87.6806,44.1888,85.1300,162.9900,21.7968
18.4300,62.4218,58.9942,-144.2599,0.0000,-56.9072,-8.2766,0.0000,-77.9826,47.8493,85.1300,162.9900,20.3636
18.4400,62.4218,58.4212,-144.3403,0.0000,-57.6376,-7.7806,0.0000,-67.9566,51.1986,85.1300,162.9900,18.9140
18.4500,62.4218,57.8414,-144.4155,0.0000,-58.2663,-7.2527,0.0000,-57.6442,54.2108,85.1300,162.9900,17.4501
18.4600,62.4218,57.2558,-144.4853,0.0000,-58.7905,-6.6964,0.0000,-47.0900,56.8626,85.1300,162.9900,15.9744
18.4700,62.4218,56.6656,-144.5494,0.0000,-59.2081,-6.1154,-0.0000,-36.3402,59.1338,85.1300,162.9900,14.4892
18.4800,62.4218,56.0717,-144.6076,-0.0000,-59.5173,-5.5137,-0.0000,-25.4429,61.0076,85.1300,162.9900,12.9968
18.4900,62.4218,55.4752,-144.6597,0.0000,-59.7170,-4.8953,0.0000,-14.4471,62.4702,85.1300,162.9900,11.4996
18.5000,62.4218,54.8773,-144.7055,0.0000,-59.8063,-4.2643,0.0000,-3.4022,63.5119,85.1300,162.9900,10.0000
18.5100,62.4218,54.2791,-144.7450,0.0000,-59.7850,-3.6250,0.0000,7.6423,64.1264,85.1300,162.9900,8.5004
18.5200,62.4218,53.6816,-144.7780,0.0000,-59.6534,-2.9818,0.0000,18.6377,64.3113,85.1300,162.9900,7.0032
18.5300,62.4218,53.0860,-144.8046,0.0000,-59.4123,-2.3388,0.0000,29.5364,64.0680,85.1300,162.9900,5.5108
18.5400,62.4218,52.4934,-144.8248,0.0000,-59.0627,-1.7004,0.0000,40.2922,63.4018,85.1300,162.9900,4.0256
18.5500,62.4218,51.9048,-144.8386,0.0000,-58.6064,-1.0708,0.0000,50.8613,62.3218,85.1300,162.9900,2.5498
18.5600,62.4218,51.3213,-144.8462,0.0000,-58.0455,-0.4540,0.0000,61.2020,60.8406,85.1300,162.9900,1.0860
18.5700,62.4218,50.7439,-144.8477,0.0000,-57.3824,0.1460,-0.0000,71.2754,58.9744,85.1300,162.9900,-0.3636
18.5800,62.4218,50.1736,-144.8433,-0.0000,-56.6200,0.7255,-0.0000,81.0456,56.7428,85.1300,162.9900,-1.7968
18.5900,62.4218,49.6115,-144.8332,0.0000,-55.7615,1.2809,0.0000,90.4794,54.1685,85.1300,162.9900,-3.2112
18.6000,62.4218,49.0584,-144.8177,0.0000,-54.8104,1.8089,0.0000,99.5472,51.2768,85.1300,162.9900,-4.6048
18.6100,62.4218,48.5153,-144.7970,0.0000,-53.7705,2.3064,0.0000,108.2221,48.0958,85.1300,162.9900,-5.9753
18.6200,62.4218,47.9830,-144.7716,0.0000,-52.6459,2.7708,0.0000,116.4805,44.6558,85.1300,162.9900,-7.3207
18.6300,62.4218,47.4624,-144.7416,0.0000,-51.4409,3.1995,0.0000,124.3015,40.9890,85.1300,162.9900,-8.6390
18.6400,62.4218,46.9542,-144.7076,0.0000,-50.1599,3.5906,0.0000,131.6672,37.1290,85.1300,162.9900,-9.9282
18.6500,62.4218,46.4592,-144.6698,0.0000,-48.8076,3.9421,0.0000,138.5620,33.1108,85.1300,162.9900,-11.1864
18.6600,62.4218,45.9780,-144.6287,0.0000,-47.3887,4.2528,0.0000,144.9725,28.9703,85.1300,162.9900,-12.4119
18.6700,62.4218,45.5114,-144.5847,0.0000,-45.9081,4.5215,0.0000,150.8874,24.7438,85.1300,162.9900,-13.6030
18.6800,62.4218,45.0599,-144.5383,0.0000,-44.3709,4.7477,0.0000,156.2969,20.4679,85.1300,162.9900,-14.7579
18.6900,62.4218,44.6240,-144.4898,0.0000,-42.7822,4.9309,0.0000,161.1927,16.1790,85.1300,162.9900,-15.8753
18.7000,62.4218,44.2042,-144.4397,0.0000,-41.1471,5.0712,-0.0000,165.5673,11.9131,85.1300,162.9900,-16.9536
18.7100,62.4218,43.8010,-144.3884,-0.0000,-39.4708,5.1692,-0.0000,169.4142,7.7053,85.1300,162.9900,-17.9916
18.7200,62.4218,43.4148,-144.3363,0.0000,-37.7588,5.2254,0.0000,172.7270,3.5899,85.1300,162.9900,-18.9882
18.7300,62.4218,43.0459,-144.2839,0.0000,-36.0163,5.2410,0.0000,175.4997,-0.4002,85.1300,162.9900,-19.9421
18.7400,62.4218,42.6945,-144.2315,0.0000,-34.2488,5.2174,0.0000,177.7258,-4.2335,85.1300,162.9900,-20.8526
18.7500,62.4218,42.3609,-144.1795,0.0000,-32.4618,5.1563,0.0000,179.3989,-7.8806,85.1300,162.9900,-21.7188
18.7600,62.4218,42.0452,-144.1283,0.0000,-30.6608,5.0597,0.0000,180.5116,-11.3137,85.1300,162.9900,-22.5399
18.7700,62.4218,41.7477,-144.0783,0.0000,-28.8515,4.9300,0.0000,181.0558,-14.5072,85.1300,162.9900,-23.3155
18.7800,62.4218,41.4682,-144.0297,0.0000,-27.0397,4.7696,0.0000,181.0226,-17.4379,85.1300,162.9900,-24.0453
18.7900,62.4218,41.2069,-143.9829,0.0000,-25.2311,4.5812,0.0000,180.4019,-20.0849,85.1300,162.9900,-24.7289
18.8000,62.4218,40.9636,-143.9381,0.0000,-23.4317,4.3679,0.0000,179.1822,-22.4298,85.1300,162.9900,-25.3664
18.8100,62.4218,40.7382,-143.8956,0.0000,-21.6474,4.1327,0.0000,177.3509,-24.4570,85.1300,162.9900,-25.9578
18.8200,62.4218,40.5306,-143.8555,0.0000,-19.8846,3.8788,0.0000,174.8938,-26.1535,85.1300,162.9900,-26.5034
18.8300,62.4218,40.3405,-143.8180,0.0000,-18.1496,3.6096,-0.0000,171.7955,-27.5089,85.1300,162.9900,-27.0037
18.8400,62.4218,40.1676,-143.7833,-0.0000,-16.4487,3.3286,-0.0000,168.0389,-28.5156,85.1300,162.9900,-27.4593
18.8500,62.4218,40.0116,-143.7514,0.0000,-14.7888,3.0393,0.0000,163.6054,-29.1689,85.1300,162.9900,-27.8711
18.8600,62.4218,39.8719,-143.7225,0.0000,-13.1766,2.7452,0.0000,158.4751,-29.4667,85.1300,162.9900,-28.2400
18.8700,62.4218,39.7480,-143.6965,0.0000,-11.6193,2.4499,0.0000,152.6267,-29.4092,85.1300,162.9900,-28.5673
18.8800,62.4218,39.6395,-143.6735,0.0000,-10.1241,2.1570,0.0000,146.0373,-28.9996,85.1300,162.9900,-28.8545
18.8900,62.4218,39.5455,-143.6534,0.0000,-8.6985,1.8699,0.0000,138.6830,-28.2431,85.1300,162.9900,-29.1032
18.9000,62.4218,39.4655,-143.6361,0.0000,-7.3504,1.5922,0.0000,130.5387,-27.1470,85.1300,162.9900,-29.3152
18.9100,62.4218,39.3985,-143.6215,0.0000,-6.0878,1.3270,0.0000,121.5780,-25.7205,85.1300,162.9900,-29.4927
18.9200,62.4218,39.3438,-143.6096,0.0000,-4.9189,1.0777,0.0000,111.7741,-23.9744,85.1300,162.9900,-29.6380
18.9300,62.4218,39.3002,-143.6000,0.0000,-3.8523,0.8475,0.0000,101.0991,-21.9205,85.1300,162.9900,-29.7536
18.9400,62.4218,39.2667,-143.5926,0.0000,-2.8969,0.6393,0.0000,89.5252,-19.5715,85.1300,162.9900,-29.8424
18.9500,62.4218,39.2422,-143.5872,0.0000,-2.0618,0.4561,-0.0000,77.0238,-16.9401,85.1300,162.9900,-29.9074
18.9600,62.4218,39.2255,-143.5835,-0.0000,-1.3564,0.3005,-0.0000,63.5668,-14.0386,85.1300,162.9900,-29.9518
18.9700,62.4218,39.2151,-143.5812,0.0000,-0.7905,0.1753,0.0000,49.1263,-10.8781,85.1300,162.9900,-29.9794
18.9800,62.4218,39.2097,-143.5800,0.0000,-0.3739,0.0830,0.0000,33.6752,-7.4678,85.1300,162.9900,-29.9938
18.9900,62.4218,39.2076,-143.5795,0.0000,-0.1169,0.0260,0.0000,17.2100,-3.8191,85.1300,162.9900,-29.9992
19.0000,62.4218,39.2073,-143.5795,0.0000,-0.0297,0.0066,0.0000,8.7264,-1.9370,85.1300,162.9900,-30.0000
19.0100,62.4218,39.2076,-143.5795,0.0000,0.1169,-0.0260,0.0000,17.2100,-3.8191,85.1300,162.9900,-29.9992
19.0200,62.4218,39.2097,-143.5800,0.0000,0.3739,-0.0830,0.0000,33.6752,-7.4678,85.1300,162.9900,-29.9938
19.0300,62.4218,39.2151,-143.5812,0.0000,0.7905,-0.1753,-0.0000,49.1263,-10.8781,85.1300,162.9900,-29.9794
19.0400,62.4218,39.2255,-143.5835,0.0000,1.3564,-0.3005,-0.0000,63.5668,-14.0386,85.1300,162.9900,-29.9518
19.0500,62.4218,39.2422,-143.5872,0.0000,2.0618,-0.4561,0.0000,77.0238,-16.9401,85.1300,162.9900,-29.9073
19.0600,62.4218,39.2667,-143.5926,0.0000,2.8969,-0.6393,0.0000,89.5252,-19.5715,85.1300,162.9900,-29.8424
19.0700,62.4218,39.3002,-143.6000,0.0000,3.8523,-0.8475,0.0000,101.0991,-21.9205,85.1300,162.9900,-29.7536
19.0800,62.4218,39.3438,-143.6096,0.0000,4.9189,-1.0777,0.0000,111.7741,-23.9744,85.1300,162.9900,-29.6380
19.0900,62.4218,39.3985,-143.6215,0.0000,6.0878,-1.3270,0.0000,121.5780,-25.7205,85.1300,162.9900,-29.4927
19.1000,62.4218,39.4655,-143.6361,0.0000,7.3504,-1.5922,0.0000,130.5387,-27.1470,85.1300,162.9900,-29.3152
19.1100,62.4218,39.5455,-143.6534,0.0000,8.6985,-1.8699,0.0000,138.6830,-28.2431,85.1300,162.9900,-29.1032
19.1200,62.4218,39.6395,-143.6735,0.0000,10.1241,-2.1570,0.0000,146.0373,-28.9996,85.1300,162.9900,-28.8545
19.1300,62.4218,39.7480,-143.6965,0.0000,11.6193,-2.4499,0.0000,152.6267,-29.4092,85.1300,162.9900,-28.5673
19.1400,62.4218,39.8719,-143.7225,0.0000,13.1766,-2.7452,0.0000,158.4751,-29.4667,85.1300,162.9900,-28.2400
19.1500,62.4218,40.0116,-143.7514,0.0000,14.7888,-3.0393,0.0000,163.6054,-29.1689,85.1300,162.9900,-27.8711
19.1600,62.4218,40.1676,-143.7833,0.0000,16.4487,-3.3286,0.0000,168.0389,-28.5156,85.1300,162.9900,-27.4593
19.1700,62.4218,40.3405,-143.8180,0.0000,18.1496,-3.6096,0.0000,171.7955,-27.5089,85.1300,162.9900,-27.0037
19.1800,62.4218,40.5306,-143.8555,0.0000,19.8846,-3.8788,0.0000,174.8938,-26.1535,85.1300,162.9900,-26.5034
19.1900,62.4218,40.7382,-143.8956,0.0000,21.6474,-4.1327,0.0000,177.3509,-24.4570,85.1300,162.9900,-25.9578
19.2000,62.4218,40.9636,-143.9381,0.0000,23.4317,-4.3679,0.0000,179.1822,-22.4298,85.1300,162.9900,-25.3664
19.2100,62.4218,41.2069,-143.9829,0.0000,25.2311,-4.5812,0.0000,180.4019,-20.0849,85.1300,162.9900,-24.7289
19.2200,62.4218,41.4682,-144.0297,0.0000,27.0397,-4.7696,0.0000,181.0226,-17.4379,85.1300,162.9900,-24.0453
19.2300,62.4218,41.7477,-144.0783,0.0000,28.8515,-4.9300,0.0000,181.0558,-14.5072,85.1300,162.9900,-23.3155
19.2400,62.4218,42.0452,-144.1283,0.0000,30.6608,-5.0597,0.0000,180.5116,-11.3137,85.1300,162.9900,-22.5399
19.2500,62.4218,42.3609,-144.1795,0.0000,32.4618,-5.1563,0.0000,179.3989,-7.8806,85.1300,162.9900,-21.7188
19.2600,62.4218,42.6945,-144.2315,0.0000,34.2488,-5.2174,0.0000,177.7258,-4.2335,85.1300,162.9900,-20.8526
19.2700,62.4218,43.0459,-144.2839,0.0000,36.0163,-5.2410,0.0000,175.4997,-0.4002,85.1300,162.9900,-19.9421
19.2800,62.4218,43.4148,-144.3363,0.0000,37.7588,-5.2254,-0.0000,172.7270,3.5899,85.1300,162.9900,-18.9882
19.2900,62.4218,43.8010,-144.3884,-0.0000,39.4708,-5.1692,-0.0000,169.4142,7.7053,85.1300,162.9900,-17.9916
19.3000,62.4218,44.2042,-144.4397,0.0000,41.1471,-5.0712,0.0000,165.5673,11.9131,85.1300,162.9900,-16.9536
19.3100,62.4218,44.6240,-144.4898,0.0000,42.7822,-4.9309,0.0000,161.1927,16.1790,85.1300,162.9900,-15.8753
19.3200,62.4218,45.0599,-144.5383,0.0000,44.3709,-4.7477,0.0000,156.2969,20.4679,85.1300,162.9900,-14.7579
19.3300,62.4218,45.5114,-144.5847,0.0000,45.9081,-4.5215,0.0000,150.8874,24.7438,85.1300,162.9900,-13.6030
19.3400,62.4218,45.9780,-144.6287,0.0000,47.3887,-4.2528,0.0000,144.9725,28.9703,85.1300,162.9900,-12.4119
19.3500,62.4218,46.4592,-144.6698,0.0000,48.8076,-3.9421,-0.0000,138.5620,33.1108,85.1300,162.9900,-11.1864
19.3600,62.4218,46.9542,-144.7076,-0.0000,50.1599,-3.5906,-0.0000,131.6672,37.1290,85.1300,162.9900,-9.9282
19.3700,62.4218,47.4624,-144.7416,0.0000,51.4409,-3.1995,0.0000,124.3015,40.9890,85.1300,162.9900,-8.6390
19.3800,62.4218,47.9830,-144.7716,0.0000,52.6459,-2.7708,0.0000,116.4805,44.6558,85.1300,162.9900,-7.3207
19.3900,62.4218,48.5153,-144.7970,0.0000,53.7705,-2.3064,0.0000,108.2221,48.0958,85.1300,162.9900,-5.9753
19.4000,62.4218,49.0584,-144.8177,0.0000,54.8104,-1.8089,0.0000,99.5472,51.2768,85.1300,162.9900,-4.6048
19.4100,62.4218,49.6115,-144.8332,0.0000,55.7615,-1.2809,-0.0000,90.4794,54.1685,85.1300,162.9900,-3.2112
19.4200,62.4218,50.1736,-144.8433,-0.0000,56.6200,-0.7255,-0.0000,81.0456,56.7428,85.1300,162.9900,-1.7968
19.4300,62.4218,50.7439,-144.8477,0.0000,57.3824,-0.1460,0.0000,71.2754,58.9744,85.1300,162.9900,-0.3636
19.4400,62.4218,51.3213,-144.8462,0.0000,58.0455,0.4540,0.0000,61.2020,60.8406,85.1300,162.9900,1.0860
19.4500,62.4218,51.9048,-144.8386,0.0000,58.6064,1.0708,0.0000,50.8613,62.3218,85.1300,162.9900,2.5499
19.4600,62.4218,52.4934,-144.8248,0.0000,59.0627,1.7004,0.0000,40.2922,63.4018,85.1300,162.9900,4.0256
19.4700,62.4218,53.0860,-144.8046,0.0000,59.4123,2.3388,-0.0000,29.5364,64.0680,85.1300,162.9900,5.5108
19.4800,62.4218,53.6816,-144.7780,-0.0000,59.6534,2.9818,-0.0000,18.6377,64.3113,85.1300,162.9900,7.0032
19.4900,62.4218,54.2791,-144.7450,0.0000,59.7850,3.6250,0.0000,7.6423,64.1264,85.1300,162.9900,8.5004
19.5000,62.4218,54.8773,-144.7055,0.0000,59.8063,4.2643,0.0000,-3.4022,63.5119,85.1300,162.9900,10.0000
19.5100,62.4218,55.4752,-144.6597,0.0000,59.7170,4.8953,0.0000,-14.4471,62.4702,85.1300,162.9900,11.4996
19.5200,62.4218,56.0717,-144.6076,0.0000,59.5173,5.5137,0.0000,-25.4429,61.0076,85.1300,162.9900,12.9968
19.5300,62.4218,56.6656,-144.5494,0.0000,59.2081,6.1154,0.0000,-36.3402,59.1338,85.1300,162.9900,14.4892
19.5400,62.4218,57.2558,-144.4853,0.0000,58.7905,6.6964,0.0000,-47.0900,56.8626,85.1300,162.9900,15.9744
19.5500,62.4218,57.8414,-144.4155,0.0000,58.2663,7.2527,0.0000,-57.6442,54.2108,85.1300,162.9900,17.4502
19.5600,62.4218,58.4212,-144.3403,0.0000,57.6376,7.7806,0.0000,-67.9566,51.1986,85.1300,162.9900,18.9140
19.5700,62.4218,58.9942,-144.2599,0.0000,56.9072,8.2766,-0.0000,-77.9826,47.8493,85.1300,162.9900,20.3636
19.5800,62.4218,59.5593,-144.1747,-0.0000,56.0780,8.7376,-0.0000,-87.6806,44.1888,85.1300,162.9900,21.7968
19.5900,62.4218,60.1157,-144.0851,0.0000,55.1536,9.1604,0.0000,-97.0115,40.2455,85.1300,162.9900,23.2112
19.6000,62.4218,60.6624,-143.9915,0.0000,54.1378,9.5425,0.0000,-105.9398,36.0499,85.1300,162.9900,24.6048
19.6100,62.4218,61.1985,-143.8943,0.0000,53.0348,9.8814,0.0000,-114.4332,31.6346,85.1300,162.9900,25.9753
19.6200,62.4218,61.7231,-143.7939,0.0000,51.8491,10.1752,0.0000,-122.4633,27.0334,85.1300,162.9900,27.3207
19.6300,62.4218,62.2354,-143.6908,0.0000,50.5855,10.4221,0.0000,-130.0053,22.2815,85.1300,162.9900,28.6390
19.6400,62.4218,62.7348,-143.5855,0.0000,49.2490,10.6208,0.0000,-137.0382,17.4151,85.1300,162.9900,29.9282
19.6500,62.4218,63.2204,-143.4784,0.0000,47.8447,10.7704,0.0000,-143.5449,12.4709,85.1300,162.9900,31.1864
19.6600,62.4218,63.6917,-143.3700,0.0000,46.3781,10.8702,0.0000,-149.5116,7.4858,85.1300,162.9900,32.4119
19.6700,62.4218,64.1480,-143.2610,0.0000,44.8545,10.9201,0.0000,-154.9280,2.4969,85.1300,162.9900,33.6030
19.6800,62.4218,64.5888,-143.1516,0.0000,43.2795,10.9202,0.0000,-159.7868,-2.4590,85.1300,162.9900,34.7579
19.6900,62.4218,65.0136,-143.0426,0.0000,41.6588,10.8709,0.0000,-164.0835,-7.3456,85.1300,162.9900,35.8753
19.7000,62.4218,65.4220,-142.9342,0.0000,39.9979,10.7733,-0.0000,-167.8158,-12.1274,85.1300,162.9900,36.9536
19.7100,62.4218,65.8135,-142.8271,-0.0000,38.3025,10.6284,-0.0000,-170.9836,-16.7698,85.1300,162.9900,37.9916
19.7200,62.4218,66.1880,-142.7217,0.0000,36.5782,10.4379,0.0000,-173.5882,-21.2394,85.1300,162.9900,38.9882
19.7300,62.4218,66.5451,-142.6183,0.0000,34.8307,10.2036,0.0000,-175.6320,-25.5042,85.1300,162.9900,39.9421
19.7400,62.4218,66.8846,-142.5176,0.0000,33.0656,9.9278,0.0000,-177.1180,-29.5335,85.1300,162.9900,40.8526
19.7500,62.4218,67.2064,-142.4198,0.0000,31.2883,9.6129,0.0000,-178.0495,-33.2987,85.1300,162.9900,41.7188
19.7600,62.4218,67.5104,-142.3253,0.0000,29.5046,9.2618,0.0000,-178.4294,-36.7726,85.1300,162.9900,42.5399
19.7700,62.4218,67.7965,-142.2346,0.0000,27.7197,8.8775,0.0000,-178.2602,-39.9302,85.1300,162.9900,43.3155
19.7800,62.4218,68.0648,-142.1478,0.0000,25.9394,8.4632,0.0000,-177.5432,-42.7485,85.1300,162.9900,44.0453
19.7900,62.4218,68.3153,-142.0653,0.0000,24.1689,8.0225,0.0000,-176.2782,-45.2066,85.1300,162.9900,44.7289
19.8000,62.4218,68.5482,-141.9873,0.0000,22.4138,7.5591,0.0000,-174.4635,-47.2859,85.1300,162.9900,45.3664
19.8100,62.4218,68.7636,-141.9141,0.0000,20.6796,7.0768,0.0000,-172.0954,-48.9701,85.1300,162.9900,45.9578
19.8200,62.4218,68.9618,-141.8458,0.0000,18.9719,6.5797,0.0000,-169.1679,-50.2451,85.1300,162.9900,46.5034
19.8300,62.4218,69.1430,-141.7825,0.0000,17.2963,6.0719,-0.0000,-165.6724,-51.0994,85.1300,162.9900,47.0037
19.8400,62.4218,69.3077,-141.7244,-0.0000,15.6584,5.5577,-0.0000,-161.5982,-51.5236,85.1300,162.9900,47.4593
19.8500,62.4218,69.4562,-141.6714,0.0000,14.0643,5.0414,0.0000,-156.9316,-51.5108,85.1300,162.9900,47.8711
19.8600,62.4218,69.5890,-141.6235,0.0000,12.5198,4.5275,0.0000,-151.6562,-51.0564,85.1300,162.9900,48.2400
19.8700,62.4218,69.7066,-141.5808,0.0000,11.0312,4.0203,0.0000,-145.7533,-50.1580,85.1300,162.9900,48.5673
19.8800,62.4218,69.8096,-141.5431,0.0000,9.6047,3.5243,0.0000,-139.2013,-48.8154,85.1300,162.9900,48.8545
19.8900,62.4218,69.8987,-141.5103,0.0000,8.2471,3.0440,0.0000,-131.9763,-47.0302,85.1300,162.9900,49.1032
19.9000,62.4218,69.9745,-141.4822,0.0000,6.9652,2.5837,0.0000,-124.0521,-44.8061,85.1300,162.9900,49.3152
19.9100,62.4218,70.0380,-141.4586,0.0000,5.7661,2.1478,0.0000,-115.4005,-42.1481,85.1300,162.9900,49.4927
19.9200,62.4218,70.0899,-141.4393,0.0000,4.6572,1.7407,0.0000,-105.9917,-39.0628,85.1300,162.9900,49.6380
19.9300,62.4218,70.1311,-141.4238,0.0000,3.6463,1.3666,0.0000,-95.7946,-35.5574,85.1300,162.9900,49.7536
19.9400,62.4218,70.1628,-141.4120,0.0000,2.7413,1.0296,0.0000,-84.7769,-31.6401,85.1300,162.9900,49.8424
19.9500,62.4218,70.1859,-141.4032,0.0000,1.9507,0.7338,-0.0000,-72.9062,-27.3189,85.1300,162.9900,49.9074
19.9600,62.4218,70.2018,-141.3973,-0.0000,1.2832,0.4832,-0.0000,-60.1500,-22.6014,85.1300,162.9900,49.9518
19.9700,62.4218,70.2116,-141.3936,0.0000,0.7477,0.2818,0.0000,-46.4766,-17.4944,85.1300,162.9900,49.9794
19.9800,62.4218,70.2167,-141.3916,0.0000,0.3537,0.1333,0.0000,-31.8553,-12.0027,85.1300,162.9900,49.9938
19.9900,62.4218,70.2187,-141.3909,0.0000,0.1106,0.0417,0.0000,-16.2791,-6.1366,85.1300,162.9900,49.9992
20.0000,62.4218,70.2190,-141.3908,0.0000,0.0281,0.0106,0.0000,-8.2542,-3.1121,85.1300,162.9900,50.0000
20.0100,62.4215,70.2196,-141.3910,-0.1231,0.2540,-0.0858,-18.1190,37.3779,-12.6218,85.1304,162.9886,50.0014
20.0200,62.4194,70.2240,-141.3925,-0.3936,0.8120,-0.2742,-35.4621,73.1422,-24.6674,85.1331,162.9789,50.0114
20.0300,62.4137,70.2358,-141.3965,-0.8324,1.7168,-0.5792,-51.7596,106.7150,-35.8911,85.1403,162.9531,50.0379
20.0400,62.4027,70.2584,-141.4041,-1.4288,2.9463,-0.9920,-67.0349,138.1136,-46.2244,85.1541,162.9038,50.0885
20.0500,62.3851,70.2948,-141.4163,-2.1731,4.4791,-1.5037,-81.3418,167.4090,-55.5979,85.1764,162.8242,50.1703
20.0600,62.3593,70.3480,-141.4342,-3.0557,6.2945,-2.1040,-94.7383,194.6753,-63.9304,85.2090,162.7080,50.2896
20.0700,62.3240,70.4207,-141.4584,-4.0678,8.3726,-2.7823,-107.2853,219.9879,-71.1329,85.2535,162.5492,50.4528
20.0800,62.2779,70.5154,-141.4898,-5.2014,10.6943,-3.5267,-119.0448,243.4220,-77.1134,85.3115,162.3423,50.6653
20.0900,62.2199,70.6345,-141.5290,-6.4487,13.2411,-4.3245,-130.0793,265.0512,-81.7800,85.3843,162.0824,50.9322
20.1000,62.1489,70.7802,-141.5763,-7.8029,15.9953,-5.1623,-140.4502,284.9460,-85.0437,85.4733,161.7649,51.2584
20.1100,62.0639,70.9545,-141.6322,-9.2577,18.9400,-6.0254,-150.2170,303.1723,-86.8215,85.5795,161.3856,51.6481
20.1200,61.9638,71.1590,-141.6968,-10.8073,22.0587,-6.8987,-159.4372,319.7903,-87.0383,85.7042,160.9407,52.1050
20.1300,61.8477,71.3956,-141.7702,-12.4465,25.3358,-7.7662,-168.1648,334.8534,-85.6287,85.8481,160.4269,52.6327
20.1400,61.7149,71.6657,-141.8521,-14.1706,28.7558,-8.6113,-176.4506,348.4062,-82.5389,86.0122,159.8413,53.2343
20.1500,61.5643,71.9707,-141.9424,-15.9755,32.3039,-9.4169,-184.3413,360.4840,-77.7279,86.1971,159.1813,53.9122
20.1600,61.3954,72.3118,-142.0405,-17.8574,35.9655,-10.1658,-191.8796,371.1110,-71.1689,86.4035,158.4447,54.6689
20.1700,61.2072,72.6901,-142.1457,-19.8131,39.7261,-10.8403,-199.1035,380.2989,-62.8505,86.6319,157.6296,55.5061
20.1800,60.9991,73.1063,-142.2573,-21.8395,43.5715,-11.4228,-206.0463,388.0462,-52.7777,86.8827,156.7346,56.4254
20.1900,60.7704,73.5615,-142.3742,-23.9340,47.4870,-11.8959,-212.7365,394.3363,-40.9733,87.1562,155.7585,57.4280
20.2000,60.5204,74.0561,-142.4952,-26.0942,51.4582,-12.2423,-219.1972,399.1367,-27.4783,87.4526,154.7005,58.5148
20.2100,60.2485,74.5906,-142.6190,-28.3179,55.4698,-12.4454,-225.4465,402.3979,-12.3537,87.7721,153.5601,59.6862
20.2200,59.9541,75.1655,-142.7441,-30.6031,59.5061,-12.4894,-231.4966,404.0526,4.3193,88.1148,152.3370,60.9425
20.2300,59.6364,75.7808,-142.8688,-32.9479,63.5508,-12.3591,-237.3543,404.0153,22.4378,88.4806,151.0315,62.2835
20.2400,59.2951,76.4365,-142.9913,-35.3502,67.5864,-12.0406,-243.0203,402.1829,41.8769,88.8694,149.6439,63.7089
20.2500,58.9294,77.1325,-143.1096,-37.8083,71.5945,-11.5215,-248.4893,398.4350,62.4889,89.2810,148.1748,65.2178
20.2600,58.5389,77.8684,-143.2217,-40.3200,75.5551,-10.7908,-253.7496,392.6362,84.1034,89.7151,146.6253,66.8095
20.2700,58.1230,78.6436,-143.3254,-42.8833,79.4472,-9.8395,-258.7831,384.6386,106.5267,90.1715,144.9965,68.4826
20.2800,57.6813,79.4573,-143.4185,-45.4957,83.2479,-8.6603,-263.5646,374.2864,129.5435,90.6497,143.2898,70.2356
20.2900,57.2131,80.3086,-143.4986,-48.1546,86.9329,-7.2486,-268.0624,361.4211,152.9172,91.1492,141.5070,72.0669
20.3000,56.7182,81.1960,-143.5635,-50.8569,90.4763,-5.6020,-272.2374,345.8887,176.3924,91.6695,139.6500,73.9744
20.3100,56.1960,82.1181,-143.6107,-53.5993,93.8507,-3.7207,-276.0433,327.5483,199.6977,92.2100,137.7208,75.9560
20.3200,55.6462,83.0730,-143.6379,-56.3778,97.0273,-1.6080,-279.4267,306.2820,222.5490,92.7701,135.7219,78.0093
20.3300,55.0684,84.0586,-143.6428,-59.1878,99.9764,0.7302,-282.3267,282.0055,244.6544,93.3490,133.6557,80.1316
20.3400,54.4624,85.0725,-143.6233,-62.0243,102.6674,3.2851,-284.6755,254.6798,265.7191,93.9460,131.5249,82.3203
20.3500,53.8279,86.1120,-143.5771,-64.8813,105.0699,6.0446,-286.3981,224.3221,285.4520,94.5603,129.3326,84.5722
20.3600,53.1648,87.1739,-143.5024,-67.7523,107.1539,8.9941,-287.4134,191.0163,303.5716,95.1910,127.0816,86.8844
20.3700,52.4729,88.2551,-143.3973,-70.6296,108.8903,12.1161,-287.6344,154.9211,319.8131,95.8372,124.7752,89.2535
20.3800,51.7522,89.3517,-143.2601,-73.5050,110.2523,15.3904,-286.9690,116.2764,333.9351,96.4980,122.4168,91.6760
20.3900,51.0028,90.4601,-143.0895,-76.3690,111.2158,18.7948,-285.3215,75.4046,345.7256,97.1724,120.0099,94.1483
20.4000,50.2248,91.5761,-142.8842,-79.2114,111.7604,22.3049,-282.5935,32.7095,355.0080,97.8593,117.5580,96.6669
20.4100,49.4186,92.6953,-142.6434,-82.0209,111.8700,25.8949,-278.6860,-11.3305,361.6450,98.5579,115.0649,99.2277
20.4200,48.5844,93.8135,-142.3663,-84.7851,111.5338,29.5378,-273.5012,-56.1733,365.5422,99.2669,112.5344,101.8270
20.4300,47.7229,94.9260,-142.0526,-87.4909,110.7465,33.2058,-266.9447,-101.2279,366.6494,99.9852,109.9705,104.4606
20.4400,46.8346,96.0284,-141.7022,-90.1240,109.5092,36.8708,-258.9283,-145.8724,364.9608,100.7119,107.3771,107.1245
20.4500,45.9204,97.1162,-141.3152,-92.6695,107.8291,40.5050,-249.3726,-189.4744,360.5135,101.4456,104.7583,109.8144
20.4600,44.9812,98.1850,-140.8921,-95.1115,105.7197,44.0811,-238.2100,-231.4122,353.3845,102.1853,102.1183,112.5262
20.4700,44.0182,99.2306,-140.4336,-97.4337,103.2008,47.5727,-225.3880,-271.0955,343.6867,102.9298,99.4612,115.2555
20.4800,43.0325,100.2490,-139.9406,-99.6192,100.2978,50.9548,-210.8718,-307.9843,331.5637,103.6779,96.7913,117.9980
20.4900,42.0258,101.2365,-139.4145,-101.6511,97.0411,54.2039,-194.6480,-341.6049,317.1845,104.4283,94.1128,120.7493
20.5000,40.9995,102.1898,-138.8565,-103.5122,93.4657,57.2985,-176.7264,-371.5628,300.7375,105.1800,91.4300,123.5050
20.5100,39.9555,103.1058,-138.2685,-105.1856,89.6099,60.2187,-157.1429,-397.5507,282.4246,105.9317,88.7472,126.2607
20.5200,38.8958,103.9820,-137.6522,-106.6550,85.5147,62.9470,-135.9609,-419.3531,262.4560,106.6821,86.0687,129.0120
20.5300,37.8224,104.8161,-137.0096,-107.9048,81.2228,65.4678,-113.2724,-436.8464,241.0448,107.4302,83.3988,131.7545
20.5400,36.7377,105.6065,-136.3428,-108.9205,76.7778,67.7679,-89.1980,-449.9954,218.4029,108.1747,80.7417,134.4838
20.5500,35.6440,106.3517,-135.6542,-109.6888,72.2229,69.8359,-63.8865,-458.8473,194.7374,108.9144,78.1017,137.1956
20.5600,34.5439,107.0509,-134.9461,-110.1982,67.6008,71.6626,-37.5125,-463.5233,170.2479,109.6481,75.4829,139.8855
20.5700,33.4401,107.7037,-134.2210,-110.4391,62.9525,73.2408,-10.2746,-464.2082,145.1239,110.3748,72.8895,142.5494
20.5800,32.3351,108.3100,-133.4813,-110.4037,58.3167,74.5651,17.6089,-461.1401,119.5444,111.0931,70.3256,145.1830
20.5900,31.2320,108.8700,-132.7296,-110.0869,53.7297,75.6317,45.9039,-454.5989,93.6764,111.8021,67.7951,147.7823
20.6000,30.1334,109.3846,-131.9686,-109.4856,49.2247,76.4386,74.3658,-444.8960,67.6751,112.5007,65.3020,150.3431
20.6100,29.0423,109.8545,-131.2009,-108.5996,44.8317,76.9852,102.7447,-432.3641,41.6847,113.1876,62.8501,152.8617
20.6200,27.9614,110.2812,-130.4289,-107.4307,40.5774,77.2723,130.7907,-417.3478,15.8381,113.8620,60.4432,155.3340
20.6300,26.8937,110.6661,-129.6554,-105.9837,36.4848,77.3020,158.2599,-400.1962,-9.7409,114.5228,58.0848,157.7565
20.6400,25.8417,111.0109,-128.8829,-104.2655,32.5735,77.0775,184.9191,-381.2553,-34.9375,115.1690,55.7784,160.1256
20.6500,24.8083,111.3175,-128.1139,-102.2854,28.8597,76.6032,210.5509,-360.8628,-59.6440,115.7997,53.5274,162.4378
20.6600,23.7960,111.5881,-127.3508,-100.0545,25.3562,75.8846,234.9571,-339.3436,-83.7586,116.4140,51.3351,164.6897
20.6700,22.8073,111.8247,-126.5962,-97.5862,22.0728,74.9281,257.9619,-317.0058,-107.1846,117.0110,49.2043,166.8784
20.6800,21.8443,112.0295,-125.8523,-94.8953,19.0161,73.7409,279.4140,-294.1385,-129.8286,117.5899,47.1381,169.0007
20.6900,20.9093,112.2050,-125.1214,-91.9979,16.1900,72.3315,299.1880,-271.0099,-151.6001,118.1500,45.1392,171.0540
20.7000,20.0043,112.3533,-124.4056,-88.9115,13.5959,70.7089,317.1840,-247.8664,-172.4105,118.6905,43.2100,173.0356
20.7100,19.1311,112.4769,-123.7072,-85.6543,11.2327,68.8833,333.3272,-224.9320,-192.1722,119.2108,41.3530,174.9431
20.7200,18.2913,112.5780,-123.0280,-82.2450,9.0973,66.8655,347.5662,-202.4080,-210.7985,119.7103,39.5702,176.7744
20.7300,17.4862,112.6589,-122.3699,-78.7029,7.1845,64.6673,359.8712,-180.4738,-228.2032,120.1885,37.8635,178.5274
20.7400,16.7172,112.7217,-121.7346,-75.0476,5.4878,62.3014,370.2307,-159.2875,-244.3005,120.6449,36.2347,180.2005
20.7500,15.9853,112.7686,-121.1239,-71.2983,3.9988,59.7813,378.6493,-138.9861,-259.0054,121.0790,34.6852,181.7922
20.7600,15.2912,112.8017,-120.5390,-67.4746,2.7081,57.1213,385.1439,-119.6873,-272.2336,121.4906,33.2161,183.3011
20.7700,14.6358,112.8228,-119.9814,-63.5954,1.6050,54.3366,389.7407,-101.4896,-283.9025,121.8794,31.8285,184.7265
20.7800,14.0193,112.8338,-119.4523,-59.6798,0.6783,51.4433,392.4719,-84.4737,-293.9313,122.2452,30.5230,186.0675
20.7900,13.4422,112.8363,-118.9526,-55.7460,-0.0844,48.4580,393.3731,-68.7035,-302.2421,122.5879,29.2999,187.3238
20.8000,12.9044,112.8321,-118.4831,-51.8123,-0.6958,45.3984,392.4802,-54.2267,-308.7604,122.9074,28.1595,188.4952
20.8100,12.4059,112.8224,-118.0446,-47.8964,-1.1690,42.2828,389.8267,-41.0759,-313.4157,123.2038,27.1015,189.5820
20.8200,11.9465,112.8087,-117.6375,-44.0158,-1.5173,39.1301,385.4425,-29.2689,-316.1427,123.4773,26.1254,190.5846
20.8300,11.5256,112.7921,-117.2620,-40.1876,-1.7543,35.9599,379.3511,-18.8100,-316.8819,123.7281,25.2304,191.5039
20.8400,11.1427,112.7736,-116.9183,-36.4287,-1.8935,32.7925,371.5692,-9.6903,-315.5799,123.9565,24.4153,192.3411
20.8500,10.7970,112.7542,-116.6061,-32.7562,-1.9481,29.6483,362.1049,-1.8880,-312.1905,124.1629,23.6787,193.0978
20.8600,10.4876,112.7346,-116.3253,-29.1866,-1.9313,26.5487,350.9577,4.6303,-306.6744,124.3478,23.0187,193.7757
20.8700,10.2133,112.7156,-116.0752,-25.7370,-1.8555,23.5149,338.1180,9.9093,-299.0001,124.5119,22.4331,194.3773
20.8800,9.9729,112.6975,-115.8550,-22.4243,-1.7331,20.5687,323.5669,14.0046,-289.1434,124.6558,21.9193,194.9050
20.8900,9.7648,112.6809,-115.6638,-19.2657,-1.5754,17.7320,307.2768,16.9811,-277.0874,124.7805,21.4744,195.3619
20.9000,9.5876,112.6660,-115.5004,-16.2787,-1.3935,15.0269,289.2119,18.9128,-262.8223,124.8867,21.0951,195.7516
20.9100,9.4392,112.6530,-115.3633,-13.4814,-1.1972,12.4755,269.3291,19.8811,-246.3442,124.9757,20.7776,196.0778
20.9200,9.3179,112.6421,-115.2508,-10.8922,-0.9958,10.1000,247.5784,19.9735,-227.6546,125.0485,20.5177,196.3447
20.9300,9.2214,112.6331,-115.1613,-8.5299,-0.7977,7.9224,223.9050,19.2819,-206.7591,125.1065,20.3108,196.5572
20.9400,9.1473,112.6261,-115.0924,-6.4141,-0.6102,5.9648,198.2496,17.9003,-183.6659,125.1510,20.1520,196.7204
20.9500,9.0931,112.6209,-115.0420,-4.5649,-0.4397,4.2491,170.5502,15.9225,-158.3841,125.1836,20.0358,196.8397
20.9600,9.0560,112.6173,-115.0074,-3.0031,-0.2918,2.7972,140.7434,13.4389,-130.9216,125.2059,19.9562,196.9215
20.9700,9.0331,112.6151,-114.9860,-1.7500,-0.1709,1.6307,108.7657,10.5329,-101.2833,125.2197,19.9069,196.9721
20.9800,9.0210,112.6139,-114.9748,-0.8277,-0.0811,0.7715,74.5550,7.2768,-69.4678,125.2269,19.8811,196.9986
20.9900,9.0165,112.6135,-114.9706,-0.2589,-0.0254,0.2413,38.1016,3.7323,-35.5116,125.2296,19.8714,197.0086
21.0000,9.0159,112.6134,-114.9700,-0.0657,-0.0065,0.0613,19.3195,1.8951,-18.0082,125.2300,19.8700,197.0100
21.0100,9.0159,112.6134,-114.9700,0.0000,0.0000,0.0000,0.0000,0.0000,-0.0000,125.2300,19.8700,197.0100
21.0200,9.0159,112.6134,-114.9700,0.0000,0.0000,-0.0000,0.0000,-0.0000,0.0000,125.2300,19.8700,197.0100
21.0300,9.0159,112.6134,-114.9700,0.0000,0.0000,0.0000,-0.0000,-0.0000,0.0000,125.2300,19.8700,197.0100
21.0400,9.0159,112.6134,-114.9700,0.0000,0.0000,0.0000,-0.0000,-0.0000,0.0000,125.2300,19.8700,197.0100
21.0500,9.0159,112.6134,-114.9700,0.0000,-0.0000,0.0000,-0.0000,0.0000,-0.0000,125.2300,19.8700,197.0100
21.0600,9.0159,112.6134,-114.9700,-0.0000,0.0000,0.0000,0.0000,0.0000,-0.0000,125.2300,19.8700,197.0100
21.0700,9.0159,112.6134,-114.9700,0.0000,0.0000,0.0000,0.0000,0.0000,0.0000,125.2300,19.8700,197.0100
21.0800,9.0159,112.6134,-114.9700,0.0000,0.0000,0.0000,-0.0000,0.0000,0.0000,125.2300,19.8700,197.0100
21.0900,9.0159,112.6134,-114.9700,-0.0000,0.0000,0.0000,0.0000,0.0000,0.0000,125.2300,19.8700,197.0100
21.1000,9.0159,112.6134,-114.9700,0.0000,0.0000,0.0000,0.0000,0.0000,0.0000,125.2300,19.8700,197.0100
21.1100,9.0159,112.6134,-114.9700,0.0000,0.0000,0.0000,-0.0000,0.0000,0.0000,125.2300,19.8700,197.0100
21.1200,9.0159,112.6134,-114.9700,-0.0000,0.0000,0.0000,-0.0000,0.0000,0.0000,125.2300,19.8700,197.0100
21.1300,9.0159,112.6134,-114.9700,0.0000,0.0000,0.0000,0.0000,0.0000,0.0000,125.2300,19.8700,197.0100
21.1400,9.0159,112.6134,-114.9700,0.0000,0.0000,0.0000,0.0000,0.0000,0.0000,125.2300,19.8700,197.0100
21.1500,9.0159,112.6134,-114.9700,0.0000,0.0000,0.0000,0.0000,0.0000,0.0000,125.2300,19.8700,197.0100
21.1600,9.0159,112.6134,-114.9700,0.0000,0.0000,0.0000,0.0000,0.0000,0.0000,125.2300,19.8700,197.0100
21.1700,9.0159,112.6134,-114.9700,0.0000,0.0000,0.0000,0.0000,0.0000,0.0000,125.2300,19.8700,197.0100
21.1800,9.0159,112.6134,-114.9700,0.0000,0.0000,0.0000,0.0000,0.0000,0.0000,125.2300,19.8700,197.0100
21.1900,9.0159,112.6134,-114.9700,0.0000,0.0000,0.0000,0.0000,0.0000,0.0000,125.2300,19.8700,197.0100
21.2000,9.0159,112.6134,-114.9700,0.0000,0.0000,0.0000,0.0000,0.0000,0.0000,125.2300,19.8700,197.0100
21.2100,9.0159,112.6134,-114.9700,0.0000,0.0000,0.0000,0.0000,0.0000,0.0000,125.2300,19.8700,197.0100
21.2200,9.0159,112.6134,-114.9700,0.0000,0.0000,0.0000,0.0000,0.0000,0.0000,125.2300,19.8700,197.0100
21.2300,9.0159,112.6134,-114.9700,0.0000,0.0000,0.0000,0.0000,0.0000,0.0000,125.2300,19.8700,197.0100
21.2400,9.0159,112.6134,-114.9700,0.0000,0.0000,0.0000,0.0000,0.0000,0.0000,125.2300,19.8700,197.0100
21.2500,9.0159,112.6134,-114.9700,0.0000,0.0000,0.0000,0.0000,0.0000,0.0000,125.2300,19.8700,197.0100
21.2600,9.0159,112.6134,-114.9700,0.0000,0.0000,0.0000,0.0000,0.0000,0.0000,125.2300,19.8700,197.0100
21.2700,9.0159,112.6134,-114.9700,0.0000,0.0000,0.0000,0.0000,0.0000,-0.0000,125.2300,19.8700,197.0100
21.2800,9.0159,112.6134,-114.9700,0.0000,0.0000,-0.0000,-0.0000,-0.0000,0.0000,125.2300,19.8700,197.0100
21.2900,9.0159,112.6134,-114.9700,-0.0000,-0.0000,0.0000,-0.0000,-0.0000,0.0000,125.2300,19.8700,197.0100
21.3000,9.0159,112.6134,-114.9700,0.0000,0.0000,0.0000,0.0000,0.0000,-0.0000,125.2300,19.8700,197.0100
21.3100,9.0159,112.6134,-114.9700,0.0000,0.0000,0.0000,0.0000,0.0000,0.0000,125.2300,19.8700,197.0100
21.3200,9.0159,112.6134,-114.9700,0.0000,0.0000,0.0000,0.0000,0.0000,0.0000,125.2300,19.8700,197.0100
21.3300,9.0159,112.6134,-114.9700,0.0000,0.0000,0.0000,0.0000,0.0000,0.0000,125.2300,19.8700,197.0100
21.3400,9.0159,112.6134,-114.9700,0.0000,0.0000,0.0000,0.0000,0.0000,-0.0000,125.2300,19.8700,197.0100
21.3500,9.0159,112.6134,-114.9700,0.0000,0.0000,-0.0000,-0.0000,-0.0000,0.0000,125.2300,19.8700,197.0100
21.3600,9.0159,112.6134,-114.9700,-0.0000,-0.0000,0.0000,-0.0000,-0.0000,0.0000,125.2300,19.8700,197.0100
21.3700,9.0159,112.6134,-114.9700,0.0000,0.0000,0.0000,0.0000,0.0000,-0.0000,125.2300,19.8700,197.0100
21.3800,9.0159,112.6134,-114.9700,0.0000,0.0000,0.0000,0.0000,0.0000,0.0000,125.2300,19.8700,197.0100
21.3900,9.0159,112.6134,-114.9700,0.0000,0.0000,0.0000,0.0000,0.0000,0.0000,125.2300,19.8700,197.0100
21.4000,9.0159,112.6134,-114.9700,0.0000,0.0000,0.0000,0.0000,0.0000,-0.0000,125.2300,19.8700,197.0100
21.4100,9.0159,112.6134,-114.9700,0.0000,0.0000,-0.0000,-0.0000,-0.0000,0.0000,125.2300,19.8700,197.0100
21.4200,9.0159,112.6134,-114.9700,-0.0000,-0.0000,0.0000,-0.0000,-0.0000,0.0000,125.2300,19.8700,197.0100
21.4300,9.0159,112.6134,-114.9700,0.0000,0.0000,0.0000,0.0000,0.0000,-0.0000,125.2300,19.8700,197.0100
21.4400,9.0159,112.6134,-114.9700,0.0000,0.0000,0.0000,0.0000,0.0000,0.0000,125.2300,19.8700,197.0100
21.4500,9.0159,112.6134,-114.9700,0.0000,0.0000,0.0000,0.0000,0.0000,0.0000,125.2300,19.8700,197.0100
21.4600,9.0159,112.6134,-114.9700,0.0000,0.0000,0.0000,0.0000,0.0000,-0.0000,125.2300,19.8700,197.0100
21.4700,9.0159,112.6134,-114.9700,0.0000,0.0000,-0.0000,-0.0000,-0.0000,0.0000,125.2300,19.8700,197.0100
21.4800,9.0159,112.6134,-114.9700,-0.0000,-0.0000,0.0000,-0.0000,-0.0000,0.0000,125.2300,19.8700,197.0100
21.4900,9.0159,112.6134,-114.9700,0.0000,0.0000,0.0000,0.0000,0.0000,-0.0000,125.2300,19.8700,197.0100
21.5000,9.0159,112.6134,-114.9700,0.0000,0.0000,0.0000,0.0000,0.0000,0.0000,125.2300,19.8700,197.0100
21.5100,9.0159,112.6134,-114.9700,0.0000,0.0000,0.0000,0.0000,0.0000,0.0000,125.2300,19.8700,197.0100
21.5200,9.0159,112.6134,-114.9700,0.0000,0.0000,0.0000,0.0000,0.0000,0.0000,125.2300,19.8700,197.0100
21.5300,9.0159,112.6134,-114.9700,0.0000,0.0000,0.0000,0.0000,0.0000,0.0000,125.2300,19.8700,197.0100
21.5400,9.0159,112.6134,-114.9700,0.0000,0.0000,0.0000,0.0000,0.0000,0.0000,125.2300,19.8700,197.0100
21.5500,9.0159,112.6134,-114.9700,0.0000,0.0000,0.0000,0.0000,0.0000,0.0000,125.2300,19.8700,197.0100
21.5600,9.0159,112.6134,-114.9700,0.0000,0.0000,0.0000,0.0000,0.0000,-0.0000,125.2300,19.8700,197.0100
21.5700,9.0159,112.6134,-114.9700,0.0000,0.0000,-0.0000,-0.0000,-0.0000,0.0000,125.2300,19.8700,197.0100
21.5800,9.0159,112.6134,-114.9700,-0.0000,-0.0000,0.0000,-0.0000,-0.0000,0.0000,125.2300,19.8700,197.0100
21.5900,9.0159,112.6134,-114.9700,0.0000,0.0000,0.0000,0.0000,0.0000,-0.0000,125.2300,19.8700,197.0100
21.6000,9.0159,112.6134,-114.9700,0.0000,0.0000,0.0000,0.0000,0.0000,0.0000,125.2300,19.8700,197.0100
21.6100,9.0159,112.6134,-114.9700,0.0000,0.0000,0.0000,0.0000,0.0000,0.0000,125.2300,19.8700,197.0100
21.6200,9.0159,112.6134,-114.9700,0.0000,0.0000,0.0000,0.0000,0.0000,0.0000,125.2300,19.8700,197.0100
21.6300,9.0159,112.6134,-114.9700,0.0000,0.0000,0.0000,0.0000,0.0000,0.0000,125.2300,19.8700,197.0100
21.6400,9.0159,112.6134,-114.9700,0.0000,0.0000,0.0000,0.0000,0.0000,0.0000,125.2300,19.8700,197.0100
21.6500,9.0159,112.6134,-114.9700,0.0000,0.0000,0.0000,0.0000,0.0000,0.0000,125.2300,19.8700,197.0100
21.6600,9.0159,112.6134,-114.9700,0.0000,0.0000,0.0000,0.0000,0.0000,0.0000,125.2300,19.8700,197.0100
21.6700,9.0159,112.6134,-114.9700,0.0000,0.0000,0.0000,0.0000,0.0000,0.0000,125.2300,19.8700,197.0100
21.6800,9.0159,112.6134,-114.9700,0.0000,0.0000,0.0000,0.0000,0.0000,0.0000,125.2300,19.8700,197.0100
21.6900,9.0159,112.6134,-114.9700,0.0000,0.0000,0.0000,0.0000,0.0000,-0.0000,125.2300,19.8700,197.0100
21.7000,9.0159,112.6134,-114.9700,0.0000,0.0000,-0.0000,-0.0000,-0.0000,0.0000,125.2300,19.8700,197.0100
21.7100,9.0159,112.6134,-114.9700,-0.0000,-0.0000,0.0000,-0.0000,-0.0000,0.0000,125.2300,19.8700,197.0100
21.7200,9.0159,112.6134,-114.9700,0.0000,0.0000,0.0000,0.0000,0.0000,-0.0000,125.2300,19.8700,197.0100
21.7300,9.0159,112.6134,-114.9700,0.0000,0.0000,0.0000,0.0000,0.0000,0.0000,125.2300,19.8700,197.0100
21.7400,9.0159,112.6134,-114.9700,0.0000,0.0000,0.0000,0.0000,0.0000,0.0000,125.2300,19.8700,197.0100
21.7500,9.0159,112.6134,-114.9700,0.0000,0.0000,0.0000,0.0000,0.0000,0.0000,125.2300,19.8700,197.0100
21.7600,9.0159,112.6134,-114.9700,0.0000,0.0000,0.0000,0.0000,0.0000,0.0000,125.2300,19.8700,197.0100
21.7700,9.0159,112.6134,-114.9700,0.0000,0.0000,0.0000,0.0000,0.0000,0.0000,125.2300,19.8700,197.0100
21.7800,9.0159,112.6134,-114.9700,0.0000,0.0000,0.0000,0.0000,0.0000,0.0000,125.2300,19.8700,197.0100
21.7900,9.0159,112.6134,-114.9700,0.0000,0.0000,0.0000,0.0000,0.0000,0.0000,125.2300,19.8700,197.0100
21.8000,9.0159,112.6134,-114.9700,0.0000,0.0000,0.0000,0.0000,0.0000,0.0000,125.2300,19.8700,197.0100
21.8100,9.0159,112.6134,-114.9700,0.0000,0.0000,0.0000,0.0000,0.0000,0.0000,125.2300,19.8700,197.0100
21.8200,9.0159,112.6134,-114.9700,0.0000,0.0000,0.0000,0.0000,0.0000,-0.0000,125.2300,19.8700,197.0100
21.8300,9.0159,112.6134,-114.9700,0.0000,0.0000,-0.0000,-0.0000,-0.0000,0.0000,125.2300,19.8700,197.0100
21.8400,9.0159,112.6134,-114.9700,-0.0000,-0.0000,0.0000,-0.0000,-0.0000,0.0000,125.2300,19.8700,197.0100
21.8500,9.0159,112.6134,-114.9700,0.0000,0.0000,0.0000,0.0000,0.0000,-0.0000,125.2300,19.8700,197.0100
21.8600,9.0159,112.6134,-114.9700,0.0000,0.0000,0.0000,0.0000,0.0000,0.0000,125.2300,19.8700,197.0100
21.8700,9.0159,112.6134,-114.9700,0.0000,0.0000,0.0000,0.0000,0.0000,0.0000,125.2300,19.8700,197.0100
21.8800,9.0159,112.6134,-114.9700,0.0000,0.0000,0.0000,0.0000,0.0000,0.0000,125.2300,19.8700,197.0100
21.8900,9.0159,112.6134,-114.9700,0.0000,0.0000,0.0000,0.0000,0.0000,0.0000,125.2300,19.8700,197.0100
21.9000,9.0159,112.6134,-114.9700,0.0000,0.0000,0.0000,0.0000,0.0000,0.0000,125.2300,19.8700,197.0100
21.9100,9.0159,112.6134,-114.9700,0.0000,0.0000,0.0000,0.0000,0.0000,0.0000,125.2300,19.8700,197.0100
21.9200,9.0159,112.6134,-114.9700,0.0000,0.0000,0.0000,0.0000,0.0000,0.0000,125.2300,19.8700,197.0100
21.9300,9.0159,112.6134,-114.9700,0.0000,0.0000,0.0000,0.0000,0.0000,0.0000,125.2300,19.8700,197.0100
21.9400,9.0159,112.6134,-114.9700,0.0000,0.0000,0.0000,0.0000,0.0000,-0.0000,125.2300,19.8700,197.0100
21.9500,9.0159,112.6134,-114.9700,0.0000,0.0000,-0.0000,-0.0000,-0.0000,0.0000,125.2300,19.8700,197.0100
21.9600,9.0159,112.6134,-114.9700,-0.0000,-0.0000,0.0000,-0.0000,-0.0000,0.0000,125.2300,19.8700,197.0100
21.9700,9.0159,112.6134,-114.9700,0.0000,0.0000,0.0000,0.0000,0.0000,-0.0000,125.2300,19.8700,197.0100
21.9800,9.0159,112.6134,-114.9700,0.0000,0.0000,0.0000,0.0000,0.0000,0.0000,125.2300,19.8700,197.0100
21.9900,9.0159,112.6134,-114.9700,0.0000,0.0000,0.0000,0.0000,0.0000,0.0000,125.2300,19.8700,197.0100
22.0000,9.0159,112.6134,-114.9700,0.0000,0.0000,0.0000,0.0000,0.0000,0.0000,125.2300,19.8700,197.0100
